,mae_model1,mae_model2,mse_model1,mse_model2,rmse_model1,rmse_model2
0,1.5826281862395801,2.0059808612440193,5.2435673390079245,8.833732057416269,2.289883695519911,2.972159493939763
