RUL_true,RUL_pred_RandomForest,error_RandomForest,RUL_pred_GradientBoosting,error_GradientBoosting,RUL_pred_XGBoost,error_XGBoost,RUL_pred_ElasticNet,error_ElasticNet,RUL_pred_LSTM_1,error_LSTM_1,RUL_pred_LSTM_2,error_LSTM_2
3.0,6.075186649083764,3.075186649083764,4.275744595491193,1.2757445954911928,8.833784,5.833784103393555,18.72302696269098,15.72302696269098,8.608924,5.60892391204834,32.535934,29.535934448242188
0.0,3.7467065425978734,3.7467065425978734,5.126003618111671,5.126003618111671,6.2257357,6.225735664367676,22.5041485489281,22.5041485489281,5.1707377,5.1707377433776855,15.369657,15.369656562805176
32.0,32.8345531004407,0.8345531004407007,29.445438746392497,-2.5545612536075026,24.131151,-7.86884880065918,36.093015340107,4.0930153401070015,26.773453,-5.2265472412109375,51.028873,19.028873443603516
6.0,4.8286968502852226,-1.1713031497147774,4.4265878024939065,-1.5734121975060935,5.968114,-0.03188610076904297,34.97981820392809,28.97981820392809,3.5611937,-2.4388062953948975,6.5774126,0.5774126052856445
6.0,4.621437792352236,-1.3785622076477644,5.751467680063999,-0.24853231993600122,3.97358,-2.0264201164245605,19.788181854753724,13.788181854753724,3.4287333,-2.5712666511535645,6.5414,0.5413999557495117
0.0,9.434176745083564,9.434176745083564,14.206387829343846,14.206387829343846,14.551269,14.551268577575684,16.205982138324693,16.205982138324693,8.016945,8.016944885253906,30.189089,30.189088821411133
10.0,15.509546717171718,5.509546717171718,13.809474617507702,3.8094746175077017,9.497443,-0.5025568008422852,36.754940328986045,26.754940328986045,13.0357,3.0356998443603516,46.159832,36.15983200073242
17.0,17.33624401859366,0.3362440185936606,15.922974999704069,-1.0770250002959312,18.021679,1.0216789245605469,16.992095781090146,-0.00790421890985371,12.610994,-4.389005661010742,31.840322,14.840322494506836
56.0,50.08136326059649,-5.91863673940351,51.51684794758912,-4.48315205241088,48.071526,-7.928474426269531,44.03319609209678,-11.96680390790322,41.155907,-14.844093322753906,62.77451,6.774509429931641
3.0,50.259767473075236,47.259767473075236,55.83219147614855,52.83219147614855,57.98749,54.987491607666016,56.229089873187654,53.229089873187654,50.79905,47.799049377441406,90.60778,87.60778045654297
11.0,7.5942499445138845,-3.4057500554861155,1.9241052321172603,-9.07589476788274,5.577148,-5.422852039337158,22.710773699229648,11.710773699229648,10.27928,-0.7207202911376953,28.500065,17.500064849853516
22.0,20.063468275604546,-1.9365317243954543,22.976246065174728,0.9762460651747276,21.193794,-0.8062057495117188,36.3286237380517,14.328623738051697,10.891344,-11.10865592956543,22.005909,0.005908966064453125
37.0,35.81134892983926,-1.1886510701607378,36.42672811046245,-0.5732718895375513,38.86484,1.8648414611816406,26.53982172184041,-10.460178278159589,25.999765,-11.000234603881836,41.764523,4.764522552490234
53.0,21.049630739512768,-31.950369260487232,23.10444527178223,-29.89555472821777,22.11018,-30.889820098876953,12.385193165369046,-40.614806834630954,10.202426,-42.797574043273926,35.84294,-17.157058715820312
3.0,15.919877718750543,12.919877718750543,15.218319723589605,12.218319723589605,14.120345,11.120345115661621,22.637772242135107,19.637772242135107,16.010326,13.010326385498047,30.709448,27.709447860717773
45.0,42.106744092352365,-2.893255907647635,43.80750920649812,-1.1924907935018823,40.356716,-4.643283843994141,41.61711575564871,-3.3828842443512883,41.514324,-3.485675811767578,64.44015,19.440147399902344
4.0,9.299436507936509,5.299436507936509,8.060884381906806,4.060884381906806,9.841893,5.841893196105957,32.39989685732258,28.39989685732258,10.449105,6.449105262756348,44.077183,40.07718276977539
44.0,33.37871805090283,-10.621281949097167,38.03516997034239,-5.964830029657612,25.928764,-18.07123565673828,47.261380677454824,3.2613806774548237,29.75155,-14.248449325561523,52.391666,8.391666412353516
32.0,38.48867938641298,6.488679386412983,36.000240119416134,4.000240119416134,35.66799,3.6679916381835938,33.00588258784208,1.0058825878420805,35.514175,3.5141754150390625,71.825905,39.825904846191406
34.0,37.65428772657261,3.654287726572612,37.5746830390792,3.574683039079197,35.733734,1.733734130859375,42.54690327388275,8.546903273882748,28.10062,-5.899379730224609,39.853413,5.853412628173828
78.0,69.43646059988666,-8.563539400113342,52.403409891504744,-25.596590108495256,55.992256,-22.00774383544922,31.195699799796742,-46.80430020020326,23.02605,-54.97394943237305,76.94756,-1.0524368286132812
50.0,53.28021297163449,3.2802129716344908,42.679300124026355,-7.320699875973645,44.882553,-5.1174468994140625,50.02178676693539,0.021786766935392166,23.33354,-26.666460037231445,59.56751,9.567508697509766
2.0,1.9884867497518426,-0.011513250248157414,3.565901962925447,1.5659019629254471,3.9977615,1.9977614879608154,4.823214176281063,2.8232141762810627,3.6709974,1.6709973812103271,9.327403,7.3274030685424805
8.0,8.068920718237623,0.06892071823762258,13.250337873827474,5.250337873827474,12.068634,4.068634033203125,27.844395030591066,19.844395030591066,18.912537,10.91253662109375,63.720287,55.72028732299805
29.0,26.982377626624064,-2.0176223733759358,25.420623828669576,-3.5793761713304235,24.025513,-4.9744873046875,23.347654931973576,-5.652345068026424,20.9071,-8.092899322509766,42.897465,13.897464752197266
54.0,51.78688734728053,-2.2131126527194667,48.195472897439465,-5.8045271025605345,44.307774,-9.69222640991211,54.050877486151855,0.05087748615185461,42.26773,-11.732269287109375,64.65501,10.655006408691406
33.0,47.54071796889678,14.540717968896779,48.46801751837511,15.468017518375113,58.099518,25.099517822265625,38.818275007233325,5.818275007233325,28.297949,-4.702051162719727,65.851616,32.85161590576172
2.0,36.33611298079387,34.33611298079387,35.0500799118327,33.0500799118327,44.286884,42.28688430786133,46.391853398395966,44.391853398395966,29.939522,27.93952178955078,52.435856,50.435855865478516
28.0,31.18783276134353,3.187832761343529,34.04907283681013,6.049072836810133,33.468643,5.4686431884765625,45.54236821887478,17.542368218874778,17.33602,-10.663980484008789,51.64783,23.647830963134766
79.0,56.26333436965335,-22.73666563034665,53.51354493357469,-25.486455066425307,56.829826,-22.17017364501953,68.20333318201267,-10.79666681798733,69.11096,-9.8890380859375,134.44054,55.44053649902344
6.0,12.069624541611223,6.069624541611223,14.54818004559517,8.54818004559517,16.72026,10.720260620117188,29.901048060910135,23.901048060910135,16.811234,10.811233520507812,69.477356,63.47735595703125
71.0,63.75952278099462,-7.240477219005378,65.7137219141447,-5.286278085855301,66.53776,-4.462242126464844,52.16453811549714,-18.835461884502863,47.628902,-23.371097564697266,73.15265,2.15264892578125
7.0,4.8229385233137405,-2.1770614766862595,4.749686929101554,-2.2503130708984456,6.4473796,-0.5526204109191895,11.198931215133332,4.198931215133332,3.8659887,-3.1340112686157227,7.7710094,0.7710094451904297
27.0,28.25509093741929,1.2550909374192898,25.745468424584278,-1.2545315754157222,30.370604,3.370603561401367,22.158815070002998,-4.841184929997002,18.8769,-8.123100280761719,40.37566,13.375659942626953
29.0,32.601936216296664,3.6019362162966644,32.08030131958218,3.0803013195821833,31.1936,2.1935997009277344,40.66538649177798,11.66538649177798,30.95682,1.9568195343017578,63.654217,34.65421676635742
13.0,24.08950556624867,11.089505566248668,26.72418747666281,13.72418747666281,22.65915,9.659149169921875,23.710614053777903,10.710614053777903,18.32151,5.321510314941406,40.996243,27.99624252319336
26.0,48.92312678874596,22.92312678874596,30.9219009842994,4.921900984299398,29.680407,3.6804065704345703,37.95874023723002,11.958740237230018,36.483536,10.483535766601562,65.51594,39.51593780517578
8.0,26.07172245847461,18.07172245847461,31.141940825468144,23.141940825468144,28.811054,20.811054229736328,59.20547243009552,51.20547243009552,25.34921,17.349210739135742,61.438778,53.438777923583984
29.0,33.37632930731179,4.376329307311792,32.13935890959674,3.139358909596737,25.38158,-3.618419647216797,33.61913894889541,4.6191389488954115,26.331394,-2.6686058044433594,52.054058,23.054058074951172
43.0,32.60651655086329,-10.39348344913671,28.18849770734782,-14.811502292652179,27.329914,-15.670085906982422,28.737339427223734,-14.262660572776266,16.917946,-26.082054138183594,33.97151,-9.028488159179688
68.0,30.582094826265298,-37.4179051737347,29.794977446315126,-38.20502255368487,27.048752,-40.95124816894531,23.657134532944617,-44.34286546705538,19.267635,-48.732364654541016,53.713604,-14.286396026611328
15.0,26.89907426036505,11.899074260365051,24.197907062451925,9.197907062451925,24.291265,9.291265487670898,42.96734349799939,27.967343497999387,39.694023,24.69402313232422,75.91042,60.910423278808594
36.0,26.716564326053636,-9.283435673946364,39.82010752565956,3.8201075256595587,38.80204,2.8020401000976562,62.274563392628544,26.274563392628544,41.776947,5.776947021484375,65.48034,29.48033905029297
70.0,65.45227318640596,-4.547726813594039,69.01775667921508,-0.9822433207849173,66.55879,-3.4412078857421875,60.31288946538847,-9.687110534611527,65.07842,-4.921577453613281,112.84346,42.84346008300781
97.0,44.81930027140334,-52.18069972859666,30.44611580881564,-66.55388419118435,39.721943,-57.27805709838867,36.00299822343611,-60.99700177656389,28.324772,-68.67522811889648,61.575256,-35.42474365234375
11.0,19.07485689472483,8.074856894724832,22.29201735208403,11.29201735208403,17.120516,6.120515823364258,39.9093437417781,28.909343741778102,28.419727,17.419727325439453,60.38867,49.388671875
12.0,16.66358080808081,4.663580808080809,11.27633896028651,-0.7236610397134893,47.15416,35.15415954589844,39.73820642178394,27.738206421783943,16.053223,4.05322265625,42.320354,30.320354461669922
63.0,47.38324532935448,-15.61675467064552,39.14675145780323,-23.853248542196773,46.105457,-16.894542694091797,38.19155185397297,-24.808448146027033,15.029421,-47.97057914733887,39.77313,-23.226871490478516
3.0,17.894222829908983,14.894222829908983,11.500245700848435,8.500245700848435,6.3169937,3.3169937133789062,22.58867855936829,19.58867855936829,13.441073,10.441073417663574,66.36458,63.36457824707031
27.0,26.39161547796303,-0.608384522036971,23.999465688340816,-3.000534311659184,25.615635,-1.3843650817871094,29.107129525319152,2.107129525319152,17.36002,-9.63998031616211,29.80167,2.8016700744628906
37.0,30.146416708520363,-6.853583291479637,25.990663481293932,-11.009336518706068,30.3573,-6.6427001953125,33.985983199256765,-3.014016800743235,16.696653,-20.303346633911133,34.420918,-2.579082489013672
23.0,29.17004403563414,6.170044035634142,27.764927047484942,4.764927047484942,18.049171,-4.950828552246094,68.80705759232733,45.807057592327325,27.662155,4.6621551513671875,53.67606,30.67605972290039
4.0,19.52241727711959,15.52241727711959,25.671901525215628,21.671901525215628,23.83685,19.836849212646484,40.967417990422156,36.967417990422156,32.353516,28.353515625,63.10612,59.10612106323242
65.0,33.865021308569524,-31.134978691430476,41.74279627468541,-23.25720372531459,39.125626,-25.874374389648438,56.25652324463226,-8.743476755367737,37.701893,-27.298107147216797,63.301937,-1.6980628967285156
108.0,67.93308661368381,-40.06691338631619,56.2328404035595,-51.7671595964405,59.347507,-48.65249252319336,47.07145298717974,-60.92854701282026,39.00955,-68.99045181274414,66.40296,-41.59703826904297
59.0,33.93873445756598,-25.061265542434022,37.323449534628814,-21.676550465371186,53.360428,-5.6395721435546875,22.069245705456918,-36.93075429454308,9.002797,-49.99720287322998,22.80478,-36.195220947265625
101.0,83.61940306695242,-17.380596933047585,79.7347742031344,-21.265225796865593,87.40799,-13.592010498046875,44.44230920712806,-56.55769079287194,37.160416,-63.83958435058594,66.21732,-34.782676696777344
4.0,6.974670092635436,2.974670092635436,6.634099563859946,2.6340995638599463,7.313502,3.3135018348693848,26.629382219091855,22.629382219091855,11.771219,7.771219253540039,46.642937,42.64293670654297
36.0,30.969332824550325,-5.0306671754496755,32.411095143868195,-3.588904856131805,31.834515,-4.165485382080078,38.04610380973208,2.046103809732081,24.662382,-11.337617874145508,40.57123,4.571231842041016
6.0,30.288347265360375,24.288347265360375,39.61913158646744,33.61913158646744,28.16207,22.16206932067871,54.22738448249173,48.22738448249173,22.29098,16.290979385375977,56.629837,50.62983703613281
96.0,69.48481784386586,-26.515182156134145,65.96950381775706,-30.030496182242942,79.19112,-16.808883666992188,60.10334297677394,-35.89665702322606,59.690132,-36.30986785888672,107.96931,11.969306945800781
31.0,33.08779298850107,2.0877929885010715,28.27030458694132,-2.7296954130586784,29.930231,-1.0697689056396484,49.77560498260003,18.77560498260003,30.60345,-0.3965492248535156,43.333122,12.333122253417969
1.0,13.220961370121916,12.220961370121916,24.805052173746926,23.805052173746926,15.985292,14.985292434692383,19.385370926854094,18.385370926854094,12.882433,11.88243293762207,53.002956,52.00295639038086
53.0,48.3048441070452,-4.695155892954801,62.36561938642556,9.365619386425557,56.963356,3.9633560180664062,45.077862358469794,-7.922137641530206,28.951563,-24.048437118530273,49.68252,-3.3174781799316406
9.0,12.749203044191217,3.7492030441912174,10.656882367779339,1.656882367779339,15.952012,6.952012062072754,35.09445205398056,26.09445205398056,13.439213,4.439212799072266,23.430946,14.430946350097656
5.0,8.040138949249737,3.0401389492497373,9.3919806435121,4.391980643512101,7.055266,2.0552659034729004,29.430607202554643,24.430607202554643,7.6845293,2.6845293045043945,20.749098,15.74909782409668
8.0,7.573267842289633,-0.4267321577103669,6.594601802782517,-1.4053981972174832,6.3050523,-1.6949477195739746,21.355347416804918,13.355347416804918,10.732424,2.732423782348633,33.877327,25.87732696533203
5.0,20.289092152466246,15.289092152466246,19.47176122794391,14.471761227943912,24.845047,19.845046997070312,30.384714913996678,25.384714913996678,9.731408,4.73140811920166,34.645676,29.645675659179688
17.0,22.061706869484105,5.061706869484105,32.4000782552607,15.400078255260702,27.359768,10.35976791381836,26.990809371992636,9.990809371992636,25.789341,8.78934097290039,76.46403,59.464027404785156
3.0,23.57162155598024,20.57162155598024,21.80767866423864,18.80767866423864,15.907699,12.907698631286621,41.25679392087499,38.25679392087499,26.311264,23.311264038085938,58.191944,55.19194412231445
11.0,38.10956666993304,27.109566669933038,35.175289816766615,24.175289816766615,27.880646,16.880645751953125,39.84494229460448,28.84494229460448,35.111366,24.111366271972656,63.4315,52.43149948120117
48.0,46.609661522184595,-1.3903384778154049,53.367365760454625,5.367365760454625,55.181126,7.181125640869141,48.90158551795826,0.9015855179582601,27.843954,-20.15604591369629,50.45647,2.456470489501953
9.0,9.935837501206866,0.9358375012068656,14.133215141723895,5.133215141723895,10.750367,1.7503671646118164,28.865629359610214,19.865629359610214,12.864172,3.8641719818115234,28.72136,19.721359252929688
47.0,32.13384221815291,-14.866157781847093,27.965280144879177,-19.034719855120823,33.36975,-13.6302490234375,33.790076449936535,-13.209923550063465,23.405706,-23.59429359436035,46.794445,-0.20555496215820312
14.0,15.668772223815543,1.6687722238155427,15.678489126905689,1.6784891269056885,15.619857,1.619856834411621,20.815544010776993,6.815544010776993,15.534924,1.5349235534667969,35.049408,21.049407958984375
14.0,13.316460229543264,-0.6835397704567363,12.988702485951867,-1.0112975140481328,9.134667,-4.86533260345459,33.43862729021042,19.43862729021042,9.083664,-4.9163360595703125,19.355288,5.355287551879883
45.0,43.23799962532014,-1.7620003746798574,43.61593015580916,-1.3840698441908401,42.63688,-2.3631210327148438,46.802759755180375,1.8027597551803751,19.381096,-25.61890411376953,33.02161,-11.978389739990234
72.0,64.58301981953424,-7.416980180465757,70.85664721186002,-1.1433527881399783,70.61758,-1.3824234008789062,44.97544790436088,-27.024552095639123,36.672554,-35.32744598388672,72.62001,0.6200103759765625
7.0,21.389703909455065,14.389703909455065,25.489617920498027,18.489617920498027,17.693422,10.693422317504883,40.66248268304939,33.66248268304939,23.611412,16.611412048339844,57.984684,50.984683990478516
55.0,30.22907278335461,-24.77092721664539,27.65742821146532,-27.34257178853468,19.45761,-35.54239082336426,46.55570029156556,-8.444299708434443,26.95605,-28.043949127197266,53.225792,-1.7742080688476562
30.0,36.848909385459756,6.848909385459756,38.97457417761205,8.974574177612048,39.625103,9.625102996826172,51.316674012567006,21.316674012567006,43.01778,13.017780303955078,92.70542,62.705421447753906
64.0,53.7453574134199,-10.254642586580097,56.88568589978128,-7.114314100218721,59.802505,-4.1974945068359375,55.4715660208974,-8.528433979102601,28.927603,-35.072397232055664,53.597446,-10.40255355834961
35.0,32.08770534443148,-2.912294655568523,43.13669427694038,8.136694276940382,33.58747,-1.4125289916992188,23.290340669244067,-11.709659330755933,21.188112,-13.811887741088867,42.43413,7.434131622314453
8.0,8.360190303634347,0.36019030363434723,10.838614360561019,2.838614360561019,6.1362724,-1.8637275695800781,11.885725506084022,3.8857255060840217,5.9870234,-2.01297664642334,14.964588,6.964588165283203
48.0,45.342987047610215,-2.6570129523897847,46.720239882023904,-1.279760117976096,46.325962,-1.6740379333496094,37.61133039086391,-10.388669609136088,37.810917,-10.189083099365234,79.97361,31.973609924316406
91.0,40.59307905117902,-50.40692094882098,32.9972595724515,-58.0027404275485,33.202713,-57.79728698730469,35.07517594147628,-55.92482405852372,33.172077,-57.82792282104492,54.035755,-36.9642448425293
45.0,42.24561727939742,-2.754382720602578,39.398989015719266,-5.601010984280734,34.81394,-10.18606185913086,35.101117875201254,-9.898882124798746,24.042397,-20.957603454589844,47.933445,2.9334449768066406
13.0,33.06371805700383,20.063718057003832,41.34043178133962,28.340431781339618,45.69003,32.69002914428711,21.499031139173926,8.499031139173926,12.665531,-0.3344688415527344,37.662006,24.662006378173828
13.0,13.26485254108997,0.2648525410899705,8.52970638334672,-4.470293616653279,9.634586,-3.3654136657714844,34.794047155005934,21.794047155005934,14.595992,1.595992088317871,39.036266,26.036266326904297
79.0,66.56634571885724,-12.433654281142765,66.36699180232615,-12.633008197673846,70.06883,-8.931167602539062,58.14301952661676,-20.85698047338324,40.869804,-38.13019561767578,64.79861,-14.201393127441406
71.0,60.15406427118727,-10.845935728812726,63.82947397758917,-7.170526022410833,68.42397,-2.5760269165039062,59.88904082495707,-11.110959175042929,34.868263,-36.131736755371094,63.294952,-7.705047607421875
55.0,58.33207846596598,3.332078465965978,69.55334990562542,14.553349905625424,68.51054,13.510536193847656,58.752966141849,3.752966141849001,42.709793,-12.290206909179688,66.121635,11.121635437011719
176.0,113.93791361943293,-62.06208638056707,124.35579291947164,-51.64420708052836,115.85985,-60.14015197753906,36.052496634654034,-139.94750336534597,22.7954,-153.20459938049316,81.18955,-94.8104476928711
29.0,35.08131196425027,6.081311964250268,31.197643975523725,2.197643975523725,31.694447,2.694446563720703,45.20196271626117,16.20196271626117,23.294775,-5.705224990844727,43.82662,14.826618194580078
82.0,51.95123120912508,-30.048768790874917,58.48453023630265,-23.515469763697347,58.82254,-23.177459716796875,29.755185004216415,-52.244814995783585,27.605778,-54.394222259521484,47.752476,-34.24752426147461
0.0,0.0,0.0,2.693308425944171,2.693308425944171,2.4194782,2.419478178024292,18.60868965647055,18.60868965647055,-0.26147854,-0.2614785432815552,0.023793936,0.023793935775756836
225.0,98.61783687166515,-126.38216312833485,101.33346493254636,-123.66653506745364,93.04338,-131.9566192626953,60.670471275220706,-164.3295287247793,62.800438,-162.1995620727539,108.17304,-116.82695770263672
24.0,19.043451189127587,-4.9565488108724125,18.174142238343343,-5.825857761656657,17.164133,-6.835866928100586,35.35951015128604,11.359510151286038,11.962164,-12.037836074829102,22.301296,-1.6987037658691406
25.0,33.374949649192516,8.374949649192516,43.665429273610776,18.665429273610776,44.316933,19.316932678222656,49.55093079297238,24.55093079297238,33.509243,8.50924301147461,53.333195,28.333194732666016
49.0,42.20084750936257,-6.799152490637432,38.04156757916099,-10.95843242083901,41.518574,-7.481426239013672,30.06065512705254,-18.93934487294746,23.447523,-25.55247688293457,69.91747,20.91747283935547
83.0,70.00062242256537,-12.999377577434629,66.7108016439283,-16.289198356071694,72.74661,-10.253387451171875,66.42203390597987,-16.577966094020127,55.627754,-27.37224578857422,84.82549,1.8254928588867188
29.0,35.322656774309294,6.322656774309294,31.774584646944593,2.774584646944593,30.730152,1.7301521301269531,29.915833266139124,0.9158332661391242,28.720295,-0.2797050476074219,48.954865,19.954864501953125
17.0,21.245755772005772,4.245755772005772,15.978711780859745,-1.0212882191402546,17.158737,0.1587371826171875,41.7944601737427,24.7944601737427,25.975883,8.975883483886719,58.048798,41.048797607421875
18.0,19.02751676691167,1.0275167669116705,16.5358999977624,-1.4641000022376005,17.840246,-0.15975379943847656,35.521487722545544,17.521487722545544,10.551939,-7.448060989379883,21.427753,3.427753448486328
81.0,57.03261250073031,-23.96738749926969,71.59096804077201,-9.409031959227988,58.37866,-22.621341705322266,17.881631244445018,-63.11836875555498,14.938421,-66.06157875061035,61.404778,-19.59522247314453
1.0,8.931309971594725,7.931309971594725,4.555883364336948,3.555883364336948,9.061556,8.061555862426758,17.0374883673731,16.0374883673731,6.680277,5.680276870727539,23.837706,22.837705612182617
134.0,82.66658183628061,-51.33341816371939,108.20422813053158,-25.795771869468425,101.99123,-32.00877380371094,46.10995149031447,-87.89004850968553,45.826366,-88.17363357543945,82.15461,-51.84539031982422
34.0,51.6780913596957,17.6780913596957,51.509406542214506,17.509406542214506,42.845833,8.845832824707031,63.849250550668046,29.849250550668046,41.049736,7.049736022949219,66.62149,32.621490478515625
51.0,42.23897186212078,-8.761028137879222,42.9572853367867,-8.042714663213303,44.213703,-6.786296844482422,54.4163043560789,3.4163043560789035,50.710346,-0.2896537780761719,105.28172,54.28172302246094
86.0,31.907530779004215,-54.09246922099578,61.47567410753543,-24.524325892464567,76.830055,-9.169944763183594,48.399121849285656,-37.600878150714344,28.673786,-57.32621383666992,62.1452,-23.854801177978516
9.0,14.707436865384532,5.7074368653845315,13.456649112461934,4.456649112461934,17.01258,8.012580871582031,32.001908047837674,23.001908047837674,28.653414,19.653413772583008,57.762928,48.7629280090332
16.0,35.070574618826136,19.070574618826136,12.618515904517308,-3.3814840954826924,47.791077,31.79107666015625,22.042330664620334,6.042330664620334,17.83396,1.8339595794677734,61.146183,45.146183013916016
21.0,12.241868215724201,-8.758131784275799,7.645401150989363,-13.354598849010637,15.876802,-5.123197555541992,21.55847064689832,0.5584706468983214,14.807501,-6.192499160766602,33.769096,12.769096374511719
0.0,31.671662261617147,31.671662261617147,6.0013977818274284,6.0013977818274284,3.80341,3.803410053253174,16.24540625845237,16.24540625845237,-0.041808486,-0.041808485984802246,1.022599,1.0225989818572998
137.0,135.46279581529586,-1.5372041847041373,144.02584246082347,7.025842460823469,141.8602,4.860198974609375,60.70475172423647,-76.29524827576353,57.011654,-79.98834609985352,112.67213,-24.32787322998047
22.0,30.807852035699675,8.807852035699675,28.46221902388918,6.46221902388918,28.51836,6.518360137939453,40.6609469528624,18.660946952862403,22.195967,0.1959667205810547,46.43958,24.439579010009766
29.0,27.302603192870407,-1.6973968071295928,25.694924952941232,-3.305075047058768,20.202305,-8.79769515991211,40.848396991617875,11.848396991617875,25.872671,-3.127328872680664,35.03889,6.038890838623047
82.0,81.95563951304881,-0.04436048695119155,96.08343603848897,14.08343603848897,85.05272,3.0527191162109375,65.90786856496311,-16.09213143503689,58.177086,-23.822914123535156,90.15499,8.154991149902344
82.0,65.37510075996425,-16.624899240035745,76.44047877824033,-5.559521221759667,78.17781,-3.8221893310546875,47.53733293960623,-34.46266706039377,26.778313,-55.22168731689453,60.89034,-21.109661102294922
0.0,5.321047583756824,5.321047583756824,0.04477625741730792,0.04477625741730792,-6.060846,-6.060845851898193,-3.3728757725842513,-3.3728757725842513,0.893219,0.893218994140625,1.425507,1.4255069494247437
64.0,54.05329705037647,-9.946702949623528,60.197159715142824,-3.802840284857176,54.29534,-9.704658508300781,35.87373075681039,-28.12626924318961,36.58943,-27.410568237304688,64.67832,0.6783218383789062
9.0,7.9466512015367945,-1.0533487984632055,1.5427743112205925,-7.457225688779408,4.9887753,-4.011224746704102,41.223640608343736,32.223640608343736,10.21833,1.2183303833007812,38.659267,29.65926742553711
45.0,54.074660898288194,9.074660898288194,47.933624627899654,2.933624627899654,48.984375,3.984375,55.404242357980394,10.404242357980394,44.82038,-0.17961883544921875,63.082623,18.082622528076172
29.0,26.897714522220475,-2.1022854777795246,33.47615457904146,4.476154579041463,32.830452,3.8304519653320312,31.61223096789422,2.61223096789422,21.353775,-7.6462249755859375,58.020718,29.02071762084961
0.0,23.57715631346821,23.57715631346821,18.961215387594436,18.961215387594436,22.435774,22.435773849487305,5.189131152909326,5.189131152909326,-0.42784488,-0.4278448820114136,0.5344629,0.5344629287719727
7.0,6.212091890828558,-0.7879081091714424,4.895784468648197,-2.1042155313518034,5.547004,-1.452995777130127,19.266967726534702,12.266967726534702,6.733623,-0.26637697219848633,14.404589,7.40458869934082
58.0,43.44863289007877,-14.55136710992123,49.959149319670814,-8.040850680329186,49.612713,-8.387287139892578,33.54173097439194,-24.45826902560806,30.053106,-27.9468936920166,60.146397,2.1463966369628906
0.0,0.145,0.145,-0.3062732259505573,-0.3062732259505573,-0.28508162,-0.2850816249847412,4.714143455050781,4.714143455050781,-0.39493144,-0.394931435585022,0.17039847,0.17039847373962402
25.0,31.286581871340022,6.286581871340022,30.381802642114774,5.381802642114774,28.585894,3.5858936309814453,43.47929008786666,18.47929008786666,31.776241,6.776241302490234,80.26418,55.264183044433594
60.0,40.52148562944367,-19.478514370556333,37.571662553302026,-22.428337446697974,40.86688,-19.133121490478516,43.493278738453725,-16.506721261546275,28.52576,-31.474239349365234,74.419586,14.419586181640625
48.0,36.20107426667207,-11.798925733327927,41.92518370064355,-6.074816299356449,34.01696,-13.983039855957031,36.307554282442766,-11.692445717557234,32.395298,-15.60470199584961,56.139225,8.139225006103516
18.0,56.83283120748728,38.83283120748728,63.91484684092677,45.91484684092677,58.218456,40.21845626831055,44.95903381774862,26.95903381774862,36.527733,18.527732849121094,66.73769,48.737693786621094
76.0,70.85377772566585,-5.14622227433415,67.55119212426942,-8.44880787573058,66.22949,-9.7705078125,67.2334612082051,-8.7665387917949,36.438164,-39.56183624267578,81.78278,5.782783508300781
115.0,50.044678846753385,-64.95532115324662,69.79329718895234,-45.20670281104766,55.832523,-59.167476654052734,25.20485361052911,-89.79514638947089,22.917332,-92.08266830444336,68.46553,-46.53446960449219
11.0,11.734264895187696,0.734264895187696,9.17832361924547,-1.8216763807545302,9.172404,-1.8275957107543945,33.48982963194745,22.48982963194745,5.214522,-5.785478115081787,21.718788,10.718788146972656
76.0,36.829161107499225,-39.170838892500775,41.27305925885969,-34.72694074114031,34.530888,-41.469112396240234,59.037738239116244,-16.962261760883756,36.32957,-39.67042922973633,67.21524,-8.784759521484375
64.0,55.612830333331324,-8.387169666668676,63.662099781010525,-0.33790021898947487,67.40721,3.4072113037109375,48.946551991457724,-15.053448008542276,43.75447,-20.245529174804688,59.907913,-4.0920867919921875
78.0,50.231496284229344,-27.768503715770656,37.51718838551323,-40.48281161448677,33.517548,-44.482452392578125,47.29186999700013,-30.708130002999873,32.97241,-45.027591705322266,62.036945,-15.963054656982422
71.0,75.32007421451435,4.320074214514349,78.12475959664626,7.124759596646257,70.14626,-0.8537368774414062,61.96614266924378,-9.03385733075622,67.94331,-3.0566864013671875,120.52042,49.520416259765625
55.0,46.86715541237435,-8.132844587625648,53.80060891160574,-1.1993910883942576,49.54547,-5.45452880859375,57.70637048194505,2.7063704819450507,56.888954,1.8889541625976562,110.86502,55.865020751953125
41.0,30.50075449251272,-10.49924550748728,34.778899446449486,-6.221100553550514,34.81377,-6.186229705810547,38.34464542693869,-2.6553545730613095,25.117828,-15.882171630859375,38.37857,-2.621429443359375
58.0,41.98142255372093,-16.018577446279068,43.32395352961081,-14.676046470389188,44.085777,-13.914222717285156,50.474240042096355,-7.525759957903645,31.211496,-26.788503646850586,49.63168,-8.36832046508789
8.0,14.732463247131966,6.732463247131966,20.17449390140728,12.174493901407281,18.18639,10.186389923095703,42.52894186804677,34.52894186804677,18.399252,10.399251937866211,54.251545,46.25154495239258
17.0,32.970559827279644,15.970559827279644,38.79341952023907,21.79341952023907,39.772297,22.772296905517578,43.97004113878462,26.970041138784623,47.02118,30.02117919921875,80.659584,63.659584045410156
39.0,31.59599009093664,-7.404009909063362,29.15203586178337,-9.847964138216629,31.702915,-7.297084808349609,47.688578653062685,8.688578653062685,23.718773,-15.281227111816406,33.483555,-5.516445159912109
94.0,31.03570800031499,-62.96429199968501,30.761811668214772,-63.238188331785224,33.927814,-60.07218551635742,22.720417312192506,-71.27958268780749,17.342232,-76.65776824951172,61.54632,-32.453678131103516
67.0,61.639753362102844,-5.360246637897156,64.75384218356909,-2.246157816430909,64.26286,-2.7371368408203125,41.72461782245905,-25.275382177540948,41.546604,-25.45339584350586,68.42428,1.4242782592773438
17.0,20.309098826029178,3.309098826029178,10.055346350085562,-6.944653649914438,17.546745,0.5467453002929688,39.27979008628952,22.279790086289523,17.405891,0.40589141845703125,38.78774,21.787738800048828
44.0,36.910134078489364,-7.089865921510636,35.25419567900612,-8.745804320993877,37.631424,-6.3685760498046875,62.423329547600204,18.423329547600204,27.660877,-16.339122772216797,53.44415,9.444149017333984
1.0,4.074094993929981,3.0740949939299806,4.666889925510053,3.666889925510053,4.330946,3.3309459686279297,32.49479817613726,31.49479817613726,3.231699,2.231698989868164,6.1875143,5.187514305114746
19.0,33.02699614236098,14.026996142360979,25.884046936879393,6.884046936879393,25.624693,6.624692916870117,51.28087228475687,32.28087228475687,33.402885,14.402885437011719,68.18633,49.18633270263672
39.0,39.14538634769551,0.1453863476955135,39.25983946891666,0.25983946891665965,37.111206,-1.8887939453125,39.01902093864695,0.01902093864695331,39.683575,0.6835746765136719,64.48812,25.488121032714844
12.0,7.631616296793998,-4.368383703206002,4.981939168527054,-7.018060831472946,4.631433,-7.368566989898682,27.45789123696487,15.457891236964869,4.8714647,-7.128535270690918,16.466402,4.466402053833008
60.0,52.188168304125405,-7.811831695874595,53.71812672753106,-6.281873272468943,45.465847,-14.53415298461914,63.97738944059052,3.977389440590521,29.428314,-30.571685791015625,53.410046,-6.589954376220703
40.0,39.85562676865152,-0.14437323134848157,40.587154878471985,0.5871548784719849,38.148502,-1.8514976501464844,28.043171222494145,-11.956828777505855,27.294403,-12.705596923828125,44.61264,4.612640380859375
27.0,23.27179193543976,-3.7282080645602385,14.871416249027124,-12.128583750972876,19.499756,-7.500244140625,32.692315709591384,5.692315709591384,16.34059,-10.65941047668457,26.28701,-0.7129898071289062
0.0,8.373767709283582,8.373767709283582,1.0471657221636093,1.0471657221636093,-2.217825,-2.217824935913086,9.877196960173713,9.877196960173713,8.39164,8.391639709472656,27.788107,27.78810691833496
19.0,41.99622003809272,22.996220038092723,30.570060587931188,11.570060587931188,40.376797,21.37679672241211,44.58917751396333,25.589177513963328,48.780064,29.78006362915039,83.637505,64.63750457763672
32.0,60.67862478257641,28.678624782576406,33.303150178869224,1.303150178869224,68.80588,36.805877685546875,39.79219186521194,7.79219186521194,40.26797,8.26797103881836,77.934105,45.934104919433594
3.0,4.344830074332324,1.3448300743323243,5.804421757957142,2.804421757957142,7.819441,4.819440841674805,37.86898601896353,34.86898601896353,3.8115487,0.8115487098693848,6.9635744,3.9635744094848633
21.0,36.33599778717737,15.33599778717737,33.880774152062806,12.880774152062806,44.038136,23.038135528564453,45.331361086013146,24.331361086013146,49.962006,28.962005615234375,82.47393,61.47393035888672
5.0,7.415278662814652,2.415278662814652,8.16665272589067,3.1666527258906694,8.355003,3.3550033569335938,11.001066930781732,6.001066930781732,4.8128314,-0.18716859817504883,12.582051,7.5820512771606445
2.0,4.534844111472358,2.534844111472358,3.5426355282742623,1.5426355282742623,4.230713,2.230712890625,27.480423844452567,25.480423844452567,5.2005095,3.200509548187256,21.275816,19.275815963745117
11.0,22.183843277962357,11.183843277962357,7.165249715326049,-3.8347502846739507,15.249041,4.249040603637695,38.96186279453845,27.961862794538447,26.963879,15.963878631591797,72.46749,61.467491149902344
8.0,10.225787085252463,2.2257870852524633,10.041800750715181,2.041800750715181,9.329683,1.3296833038330078,26.38229031584674,18.38229031584674,11.213333,3.2133331298828125,32.429646,24.429645538330078
54.0,51.364783418118535,-2.6352165818814655,53.26793700038309,-0.7320629996169075,54.42512,0.4251213073730469,44.72911209549432,-9.270887904505678,26.742947,-27.25705337524414,48.881817,-5.118183135986328
9.0,13.240539519587221,4.240539519587221,11.540080948132433,2.5400809481324327,11.91142,2.9114198684692383,32.76902378225324,23.769023782253242,11.500121,2.5001211166381836,25.669033,16.66903305053711
32.0,46.18978903229417,14.189789032294172,47.09693635555161,15.096936355551613,50.697792,18.697792053222656,45.328445369411405,13.328445369411405,37.002254,5.002254486083984,90.194916,58.194915771484375
6.0,21.124210083020085,15.124210083020085,9.019419958538649,3.0194199585386485,16.588213,10.588212966918945,26.158844886709915,20.158844886709915,6.655836,0.6558361053466797,21.547716,15.54771614074707
1.0,10.709185688628418,9.709185688628418,11.917112663907862,10.917112663907862,13.168105,12.168105125427246,22.451991210238248,21.451991210238248,12.891401,11.891401290893555,40.882946,39.8829460144043
23.0,18.270279019295405,-4.729720980704595,18.061100300958394,-4.938899699041606,17.258938,-5.741062164306641,38.12811959477188,15.128119594771881,13.713409,-9.286590576171875,30.416712,7.416711807250977
2.0,7.489468556019991,5.489468556019991,-3.0743711317835305,-5.074371131783531,1.7309717,-0.26902830600738525,27.464760900620227,25.464760900620227,17.58387,15.583869934082031,75.45105,73.4510498046875
25.0,32.79511744829981,7.795117448299813,33.08084701882461,8.080847018824613,35.907963,10.907962799072266,29.442679845963877,4.442679845963877,29.260408,4.260408401489258,71.693245,46.69324493408203
10.0,37.52536763055183,27.525367630551827,45.72318609098002,35.72318609098002,38.26433,28.264331817626953,37.46793336476195,27.467933364761947,32.9186,22.918598175048828,57.708828,47.70882797241211
20.0,33.710296298291766,13.710296298291766,32.85556426536487,12.855564265364869,26.086386,6.086385726928711,51.49682958901491,31.496829589014908,40.503864,20.503864288330078,78.73298,58.73297882080078
23.0,26.02450515917698,3.0245051591769787,27.997946996522302,4.997946996522302,29.063602,6.063602447509766,37.98264228427401,14.982642284274007,21.737625,-1.2623748779296875,62.955807,39.955806732177734
44.0,53.92804196304858,9.928041963048578,55.5642031613929,11.564203161392903,56.750774,12.750774383544922,38.233943389964324,-5.766056610035676,36.44345,-7.556549072265625,55.63273,11.632728576660156
49.0,49.98539195513218,0.9853919551321795,53.281301904253574,4.281301904253574,48.202225,-0.7977752685546875,49.6962865201713,0.6962865201712987,29.701235,-19.298765182495117,56.09998,7.099979400634766
14.0,5.439455923367061,-8.56054407663294,11.859759570633752,-2.140240429366248,6.0751605,-7.924839496612549,21.615954718040058,7.615954718040058,3.104148,-10.895852088928223,6.2419806,-7.75801944732666
31.0,52.09235491476135,21.09235491476135,56.28175227820494,25.28175227820494,61.774834,30.77483367919922,50.64985704128609,19.64985704128609,33.906265,2.9062652587890625,65.4272,34.42720031738281
44.0,35.14097413908213,-8.859025860917868,29.53310708377591,-14.46689291622409,31.88447,-12.115530014038086,50.77727863295763,6.777278632957632,28.95522,-15.044780731201172,52.880146,8.880146026611328
40.0,32.138381469683566,-7.861618530316434,30.48699547106878,-9.51300452893122,28.427195,-11.572805404663086,20.675302630073013,-19.324697369926987,11.119483,-28.88051700592041,37.518482,-2.481517791748047
3.0,37.81511872222555,34.81511872222555,32.22204294104978,29.22204294104978,29.14338,26.14337921142578,26.690309414224306,23.690309414224306,23.566555,20.56655502319336,58.509617,55.50961685180664
30.0,33.712159424860786,3.7121594248607863,33.425746490924475,3.4257464909244746,29.352434,-0.6475658416748047,32.61174376117897,2.611743761178971,21.91069,-8.089309692382812,40.846603,10.846603393554688
48.0,47.59669276925502,-0.40330723074497854,46.34471223361201,-1.6552877663879926,45.4385,-2.5615005493164062,33.142381309573544,-14.857618690426456,30.888952,-17.111047744750977,53.296833,5.296833038330078
67.0,21.44242064205722,-45.557579357942785,20.737684214221446,-46.262315785778554,19.909195,-47.09080505371094,25.243273820005754,-41.756726179994246,8.5020895,-58.497910499572754,21.071884,-45.92811584472656
125.0,122.52123412698411,-2.478765873015888,125.64612901248331,0.6461290124833141,124.1047,-0.8953018188476562,55.29867319663692,-69.70132680336309,30.958267,-94.04173278808594,86.585396,-38.41460418701172
45.0,37.39863665783119,-7.60136334216881,37.03914499470526,-7.960855005294739,40.667004,-4.332996368408203,28.30397350086654,-16.69602649913346,19.616844,-25.383155822753906,68.837456,23.83745574951172
4.0,4.506275101097501,0.5062751010975006,6.444539215781719,2.4445392157817194,3.2022595,-0.7977404594421387,19.349235718957438,15.349235718957438,5.916165,1.9161648750305176,19.86179,15.86178970336914
33.0,33.588348362892354,0.5883483628923543,36.319316311462266,3.3193163114622664,33.88579,0.8857917785644531,46.84264351848606,13.842643518486057,37.55672,4.556720733642578,89.38462,56.384620666503906
34.0,28.753846205970444,-5.246153794029556,27.055471416675065,-6.944528583324935,25.003336,-8.996664047241211,44.45713336503336,10.457133365033357,31.3731,-2.6268997192382812,61.135098,27.13509750366211
3.0,4.049424709277652,1.0494247092776519,3.8688675844067224,0.8688675844067224,5.9199753,2.9199752807617188,12.177867346346929,9.177867346346929,12.017577,9.017577171325684,47.391235,44.3912353515625
1.0,4.583013489451884,3.5830134894518837,4.768204936773266,3.768204936773266,5.246701,4.246700763702393,17.909516705338035,16.909516705338035,5.232712,4.2327117919921875,10.917384,9.917384147644043
33.0,29.110810141574873,-3.8891898584251265,26.769020533410007,-6.230979466589993,27.834862,-5.165138244628906,26.812001056904833,-6.187998943095167,22.084396,-10.915603637695312,40.202473,7.202472686767578
31.0,30.701248950215827,-0.29875104978417255,31.934828865134836,0.9348288651348362,32.217396,1.2173957824707031,40.69071228171963,9.690712281719627,21.200127,-9.799873352050781,29.739586,-1.2604141235351562
11.0,6.056751478545188,-4.943248521454812,5.8048024737982455,-5.1951975262017545,4.7251096,-6.274890422821045,19.522643271724306,8.522643271724306,3.077577,-7.922422885894775,6.1154513,-4.884548664093018
23.0,51.89945432466356,28.89945432466356,56.91799773330308,33.91799773330308,49.457447,26.457447052001953,63.9055215963611,40.9055215963611,62.162235,39.162235260009766,106.27715,83.27715301513672
76.0,53.350859513262094,-22.649140486737906,59.070663098283376,-16.929336901716624,50.947716,-25.052284240722656,26.67830893993026,-49.32169106006974,22.039417,-53.9605827331543,42.28092,-33.71908187866211
46.0,41.565772797503826,-4.434227202496174,42.27300292179492,-3.7269970782050805,41.00814,-4.991859436035156,47.2601409618483,1.2601409618483004,19.569254,-26.43074607849121,33.24106,-12.758941650390625
16.0,15.297484930574166,-0.702515069425834,18.81397856049335,2.81397856049335,17.390574,1.390573501586914,25.014371145908868,9.014371145908868,17.700333,1.7003326416015625,39.830307,23.830307006835938
21.0,19.06433310226495,-1.9356668977350502,19.937455377408643,-1.062544622591357,17.20592,-3.7940807342529297,18.705485536946306,-2.2945144630536944,15.382793,-5.617206573486328,35.14958,14.149578094482422
0.0,37.08197847076295,37.08197847076295,27.585278627692613,27.585278627692613,3.0961237,3.096123695373535,17.791429470214545,17.791429470214545,-0.027865052,-0.027865052223205566,-0.1593926,-0.1593925952911377
0.0,34.73185854115,34.73185854115,2.001436523631771,2.001436523631771,-5.569036,-5.56903600692749,21.868636587636093,21.868636587636093,0.23975837,0.23975837230682373,1.2336712,1.2336711883544922
3.0,2.963353930333064,-0.036646069666935954,5.699014635509218,2.6990146355092177,5.074058,2.0740580558776855,38.11827870725738,35.11827870725738,6.7790265,3.779026508331299,22.19173,19.191730499267578
212.0,185.53182372284573,-26.46817627715427,166.71259305023315,-45.28740694976685,184.87769,-27.122314453125,53.99442972526508,-158.0055702747349,54.565384,-157.4346160888672,121.51948,-90.48052215576172
99.0,93.78894925514473,-5.211050744855271,96.25728209403275,-2.742717905967254,89.66989,-9.330108642578125,37.06054347899364,-61.93945652100636,33.540916,-65.4590835571289,74.207924,-24.792076110839844
19.0,24.883766035128655,5.883766035128655,29.59660575842005,10.59660575842005,22.221954,3.221954345703125,38.721892514189975,19.721892514189975,11.917255,-7.082744598388672,22.476126,3.476125717163086
68.0,60.18715002830617,-7.812849971693829,72.55758746275053,4.557587462750533,64.85179,-3.1482086181640625,64.76765684039853,-3.23234315960147,32.074898,-35.92510223388672,90.00228,22.002281188964844
15.0,22.116542419237053,7.116542419237053,21.906058142466303,6.9060581424663035,21.104836,6.104835510253906,35.4964970703839,20.496497070383903,23.768581,8.76858139038086,46.81393,31.81393051147461
16.0,16.656053229346693,0.6560532293466927,9.946837814849241,-6.053162185150759,21.645947,5.645946502685547,33.80503799662367,17.805037996623668,18.16779,2.1677894592285156,65.34878,49.348777770996094
5.0,8.505485389610389,3.5054853896103886,4.139495304318339,-0.8605046956816613,5.4902925,0.4902925491333008,29.358741376697672,24.358741376697672,17.329279,12.329278945922852,38.58947,33.58946990966797
65.0,13.831503794900366,-51.168496205099636,29.815835511315942,-35.18416448868406,18.769247,-46.23075294494629,24.897246802606116,-40.10275319739388,7.7606335,-57.23936653137207,21.278606,-43.72139358520508
52.0,50.10887245134929,-1.891127548650708,42.02085551230265,-9.979144487697347,43.694256,-8.305744171142578,51.618635911099645,-0.3813640889003551,30.827396,-21.172603607177734,46.937504,-5.062496185302734
39.0,33.42531534334107,-5.574684656658931,39.29419597442186,0.29419597442186074,37.269108,-1.7308921813964844,52.612718453627195,13.612718453627195,28.58738,-10.412620544433594,49.94981,10.949810028076172
36.0,29.909029901179835,-6.090970098820165,32.78084437213521,-3.2191556278647866,25.394636,-10.605363845825195,26.397180425352495,-9.602819574647505,24.217808,-11.78219223022461,43.544277,7.544277191162109
35.0,33.28077082293546,-1.7192291770645411,33.30566869978154,-1.6943313002184581,33.285442,-1.7145576477050781,42.868086160813945,7.868086160813945,21.728209,-13.271791458129883,30.914957,-4.085042953491211
24.0,19.064899063526237,-4.935100936473763,19.596899890438973,-4.403100109561027,14.891809,-9.108190536499023,15.953459149280945,-8.046540850719055,10.900141,-13.099859237670898,38.51514,14.515140533447266
9.0,47.81494409428953,38.81494409428953,57.18980232546214,48.18980232546214,48.49659,39.49658966064453,38.52748485671025,29.527484856710252,37.53028,28.53028106689453,65.37154,56.37153625488281
77.0,63.90901606335127,-13.090983936648733,62.82164389921122,-14.178356100788783,67.83085,-9.169151306152344,57.408789215607655,-19.591210784392345,40.192295,-36.80770492553711,64.171005,-12.828994750976562
12.0,15.107669216775278,3.107669216775278,12.174767876657606,0.17476787665760618,8.607161,-3.3928394317626953,27.269359674784702,15.269359674784702,15.79008,3.7900800704956055,35.47959,23.479591369628906
8.0,6.4891676457976635,-1.5108323542023365,8.116871249977155,0.11687124997715514,4.8008237,-3.19917631149292,28.376638449280293,20.376638449280293,6.5660663,-1.4339337348937988,20.02877,12.028770446777344
79.0,54.244103256793316,-24.755896743206684,55.87520374416444,-23.124796255835562,58.32319,-20.67681121826172,48.556460438769,-30.443539561231,33.69034,-45.309661865234375,64.56287,-14.4371337890625
40.0,44.301502890875334,4.301502890875334,42.68309302547305,2.683093025473049,43.970665,3.9706649780273438,63.75094782445298,23.75094782445298,30.93097,-9.06903076171875,58.178333,18.178333282470703
37.0,49.775078239874766,12.775078239874766,45.033891758889034,8.033891758889034,29.966228,-7.033771514892578,30.60076194075384,-6.399238059246159,25.02949,-11.970510482788086,73.41927,36.419273376464844
79.0,79.79447649743153,0.7944764974315319,67.67988473110502,-11.32011526889498,75.95315,-3.0468521118164062,26.486661212562858,-52.51333878743714,14.7226,-64.27740001678467,72.16712,-6.832878112792969
13.0,10.97482690675337,-2.0251730932466305,11.581932387957691,-1.418067612042309,9.591122,-3.4088783264160156,13.385774648278822,0.38577464827882224,5.442315,-7.557684898376465,11.378747,-1.6212530136108398
26.0,21.165027105295703,-4.834972894704297,31.20267761038638,5.202677610386381,15.867528,-10.132472038269043,35.081427475965604,9.081427475965604,12.180875,-13.819125175476074,23.082577,-2.9174232482910156
49.0,52.49930755549967,3.4993075554996693,48.00796575867756,-0.9920342413224432,44.623657,-4.3763427734375,43.244383146056904,-5.755616853943096,34.42169,-14.57830810546875,89.55971,40.55970764160156
23.0,27.595314607354748,4.595314607354748,22.40863125842617,-0.5913687415738309,22.328003,-0.6719970703125,16.977048324011307,-6.022951675988693,10.736731,-12.263269424438477,23.06821,0.06821060180664062
13.0,23.18652299820748,10.18652299820748,8.877639484652308,-4.122360515347692,26.96088,13.960880279541016,16.026624179538004,3.026624179538004,11.911271,-1.088728904724121,40.139507,27.139507293701172
58.0,21.686732035345752,-36.313267964654244,32.96020962146652,-25.039790378533482,31.481112,-26.518888473510742,51.02533659194922,-6.97466340805078,25.352911,-32.6470890045166,46.603382,-11.396617889404297
26.0,40.75091821580298,14.750918215802983,41.06484138274631,15.064841382746309,38.904938,12.904937744140625,29.32541339168167,3.3254133916816713,24.120918,-1.8790817260742188,77.5928,51.592796325683594
168.0,130.2410707937308,-37.75892920626919,156.6858044713541,-11.31419552864591,149.75,-18.25,46.404233436240524,-121.59576656375947,45.322266,-122.677734375,95.9132,-72.08679962158203
32.0,47.102386896767285,15.102386896767285,48.80216988358351,16.80216988358351,49.32534,17.325340270996094,29.50947558888803,-2.49052441111197,25.339993,-6.660007476806641,56.74277,24.74277114868164
2.0,3.0654840274667867,1.0654840274667867,-0.5705278799189585,-2.5705278799189584,2.3425996,0.34259963035583496,4.012739684126679,2.0127396841266787,3.1818032,1.1818032264709473,6.62342,4.623419761657715
23.0,20.102410037040187,-2.897589962959813,22.29535518277315,-0.7046448172268498,18.232813,-4.767187118530273,20.80014516209082,-2.1998548379091787,18.542458,-4.457542419433594,35.934002,12.934001922607422
11.0,20.739903971102727,9.739903971102727,15.738810796581788,4.738810796581788,24.936811,13.936811447143555,54.27592917283765,43.27592917283765,29.805595,18.80559539794922,55.373363,44.37336349487305
61.0,61.42547767877054,0.425477678770541,64.47695065585442,3.4769506558544236,66.92661,5.926612854003906,46.563512993108155,-14.436487006891845,41.609413,-19.390586853027344,66.56739,5.567390441894531
6.0,31.289455701003213,25.289455701003213,27.781183962679727,21.781183962679727,45.638615,39.638614654541016,29.360435336143247,23.360435336143247,26.260532,20.26053237915039,47.547398,41.54739761352539
27.0,44.62863054177367,17.628630541773667,38.31452831897735,11.314528318977352,37.34055,10.34054946899414,46.054891281720685,19.054891281720685,37.456814,10.45681381225586,89.185,62.18499755859375
42.0,38.7353261604332,-3.2646738395667967,42.66990466534984,0.66990466534984,45.0504,3.0503997802734375,44.354594148414165,2.354594148414165,25.243986,-16.756013870239258,35.85983,-6.140171051025391
47.0,37.12048121831911,-9.879518781680893,36.86014837279619,-10.13985162720381,38.680424,-8.319576263427734,27.792078488213154,-19.207921511786846,23.549778,-23.45022201538086,43.12102,-3.878978729248047
80.0,60.62935326302514,-19.370646736974862,62.80378085021934,-17.19621914978066,61.837837,-18.16216278076172,56.330976772386144,-23.669023227613856,42.25943,-37.740570068359375,62.07439,-17.925609588623047
5.0,4.3634617399206475,-0.6365382600793525,4.484939173191322,-0.5150608268086776,5.3579974,0.35799741744995117,15.819078818509968,10.819078818509968,4.48534,-0.5146598815917969,9.299484,4.2994842529296875
18.0,20.607456516932302,2.6074565169323023,21.10788137060289,3.1078813706028896,22.130024,4.130023956298828,49.81626876988457,31.816268769884573,30.051805,12.05180549621582,60.286304,42.28630447387695
0.0,10.67719797868004,10.67719797868004,7.629600788513418,7.629600788513418,5.4330926,5.4330925941467285,23.62362423447232,23.62362423447232,13.3303795,13.330379486083984,68.304634,68.30463409423828
36.0,46.01347731900032,10.013477319000323,39.1267402007634,3.1267402007634004,41.62244,5.622440338134766,42.56106255782356,6.561062557823561,33.110226,-2.8897743225097656,59.644436,23.64443588256836
70.0,61.062119976126006,-8.937880023873994,60.671726647795495,-9.328273352204505,55.974113,-14.025886535644531,31.99568768192669,-38.00431231807331,25.657906,-44.34209442138672,51.12685,-18.873149871826172
4.0,9.597304616731583,5.5973046167315825,9.485756573304103,5.485756573304103,9.302229,5.302228927612305,17.80524538165782,13.80524538165782,11.440265,7.440264701843262,42.063957,38.06395721435547
9.0,7.2204453375991715,-1.7795546624008285,5.719993993773461,-3.2800060062265386,5.170551,-3.82944917678833,37.53247659696141,28.53247659696141,5.1461496,-3.8538503646850586,18.117224,9.117223739624023
28.0,24.62940617355698,-3.37059382644302,27.154222727624504,-0.8457772723754964,27.223871,-0.7761287689208984,38.18285140802718,10.182851408027183,13.849113,-14.150886535644531,24.278624,-3.721376419067383
68.0,62.20498332894015,-5.795016671059848,59.60806303697008,-8.39193696302992,61.321556,-6.678443908691406,50.81451599718278,-17.18548400281722,41.44954,-26.550460815429688,59.737648,-8.262351989746094
73.0,54.71982668743368,-18.28017331256632,52.569821607900856,-20.430178392099144,49.69055,-23.3094482421875,58.30768341386609,-14.692316586133913,41.988365,-31.011634826660156,74.71038,1.7103805541992188
19.0,29.504077511354062,10.504077511354062,32.70584803957429,13.705848039574292,42.8276,23.827598571777344,43.00521183201695,24.005211832016947,25.904442,6.904441833496094,53.62634,34.626338958740234
6.0,3.098519022393721,-2.901480977606279,4.00363976415394,-1.9963602358460601,4.1992617,-1.8007383346557617,14.47099614374217,8.47099614374217,3.0898805,-2.9101195335388184,5.6311417,-0.36885833740234375
68.0,60.88815154258744,-7.111848457412563,68.9072746207331,0.907274620733105,62.701077,-5.298923492431641,56.60974925888374,-11.390250741116262,39.70765,-28.29235076904297,66.342125,-1.6578750610351562
20.0,12.950512023352463,-7.049487976647537,15.750918211303446,-4.249081788696554,12.114457,-7.885542869567871,20.358036119233496,0.3580361192334962,12.183302,-7.81669807434082,21.336279,1.3362789154052734
57.0,37.55089746821091,-19.449102531789087,39.54004402419425,-17.459955975805748,39.925373,-17.074626922607422,50.63571388683286,-6.3642861131671395,29.514526,-27.4854736328125,50.27901,-6.720989227294922
2.0,4.145825708342604,2.1458257083426044,3.8248293349736264,1.8248293349736264,1.835818,-0.16418194770812988,33.85152963638022,31.85152963638022,4.8631525,2.863152503967285,17.690683,15.690683364868164
64.0,43.62792039743441,-20.37207960256559,36.69170629842747,-27.30829370157253,36.014683,-27.98531723022461,34.16468123434473,-29.835318765655273,24.979662,-39.02033805847168,46.488132,-17.51186752319336
4.0,3.205699210540017,-0.794300789459983,4.262802468976149,0.26280246897614923,3.5227876,-0.47721242904663086,32.300924576088974,28.300924576088974,3.601265,-0.39873504638671875,7.00786,3.0078601837158203
52.0,38.22522804998175,-13.774771950018248,45.401410886252464,-6.598589113747536,44.97212,-7.027881622314453,29.931788629607855,-22.068211370392145,20.027811,-31.97218894958496,43.95721,-8.042789459228516
224.0,142.8625139475032,-81.1374860524968,176.26968691041623,-47.730313089583774,128.9851,-95.014892578125,58.810038125818096,-165.1899618741819,66.51788,-157.48211669921875,130.02911,-93.97088623046875
66.0,42.69308803642863,-23.306911963571373,44.766647999774655,-21.233352000225345,37.155357,-28.844642639160156,41.624699511572715,-24.375300488427285,28.652203,-37.34779739379883,55.992058,-10.007942199707031
14.0,17.39336394158292,3.393363941582919,22.476596320775254,8.476596320775254,25.020075,11.020074844360352,38.2550387062251,24.2550387062251,20.608124,6.608123779296875,59.276447,45.27644729614258
41.0,47.3744624060011,6.374462406001101,46.738678711602,5.738678711601999,44.770283,3.770282745361328,41.56517030288412,0.5651703028841197,34.179123,-6.8208770751953125,62.996693,21.996692657470703
37.0,35.65550482142351,-1.3444951785764871,40.74972810804965,3.749728108049652,35.334236,-1.6657638549804688,44.62533599087365,7.625335990873651,22.873253,-14.126747131347656,31.107002,-5.892997741699219
34.0,34.14209286086806,0.14209286086806117,34.24207061732761,0.24207061732761304,32.565323,-1.4346771240234375,26.978380178298774,-7.021619821701226,23.664223,-10.335777282714844,46.63358,12.63357925415039
22.0,21.641371917354363,-0.3586280826456374,19.793301693906606,-2.2066983060933936,19.218594,-2.7814064025878906,27.764200727150953,5.764200727150953,24.285013,2.285013198852539,58.810253,36.81025314331055
21.0,25.180156163979895,4.180156163979895,11.285048021089773,-9.714951978910227,9.471108,-11.528891563415527,36.32188083304421,15.321880833044212,19.611065,-1.3889350891113281,38.56252,17.562519073486328
5.0,7.997213054130904,2.9972130541309037,9.63712247254252,4.63712247254252,9.687193,4.687192916870117,14.13517924748296,9.13517924748296,6.2113924,1.2113924026489258,14.331938,9.331937789916992
35.0,43.540300452844924,8.540300452844924,64.71608712135962,29.71608712135962,62.51361,27.51361083984375,54.1962867021936,19.196286702193603,49.674835,14.674835205078125,105.09112,70.09111785888672
139.0,100.28681325745336,-38.71318674254664,76.68285461765473,-62.317145382345274,100.04659,-38.953407287597656,53.25429411139291,-85.74570588860709,53.12828,-85.87171936035156,97.699524,-41.30047607421875
45.0,56.58469572204558,11.58469572204558,71.32078634513925,26.320786345139254,52.072697,7.072696685791016,56.24232344543937,11.242323445439368,45.274048,0.2740478515625,67.181114,22.181114196777344
53.0,55.87858039440013,2.8785803944001316,58.958279589305526,5.958279589305526,65.45321,12.453208923339844,52.74207953093834,-0.2579204690616592,35.14162,-17.858379364013672,64.67707,11.677070617675781
56.0,50.04573974438604,-5.95426025561396,51.841765016801595,-4.158234983198405,52.132698,-3.8673019409179688,41.547449972906804,-14.452550027093196,38.852432,-17.147567749023438,70.59887,14.598869323730469
51.0,45.936185432896266,-5.063814567103734,49.07452881482039,-1.9254711851796102,49.830322,-1.169677734375,49.58885914428606,-1.4111408557139384,40.141193,-10.858806610107422,58.512997,7.512996673583984
2.0,4.836995901506632,2.836995901506632,4.775697690351609,2.775697690351609,0.4850664,-1.5149335861206055,24.40456443558937,22.40456443558937,9.251286,7.251285552978516,45.08319,43.08319091796875
9.0,7.887107218649727,-1.112892781350273,7.66223252557402,-1.3377674744259798,6.4719496,-2.528050422668457,28.845276285012858,19.845276285012858,7.603717,-1.3962831497192383,20.774443,11.774442672729492
43.0,43.7301323679076,0.7301323679076006,42.125067110424695,-0.8749328895753052,42.15257,-0.8474311828613281,29.463297786677224,-13.536702213322776,28.232647,-14.767353057861328,47.436733,4.436733245849609
21.0,33.96193635042054,12.961936350420537,17.9654183602529,-3.034581639747099,15.286453,-5.7135467529296875,26.199420633662967,5.199420633662967,17.816452,-3.1835479736328125,36.516262,15.51626205444336
72.0,65.38247385847907,-6.617526141520926,73.66519412670384,1.6651941267038382,68.66809,-3.3319091796875,52.163808791488464,-19.836191208511536,48.40977,-23.590229034423828,63.68435,-8.315650939941406
152.0,142.61233315295812,-9.387666847041885,145.9894544222815,-6.010545577718489,132.11893,-19.881072998046875,66.79659767676955,-85.20340232323045,65.4723,-86.52770233154297,124.89974,-27.100257873535156
27.0,22.374613629128973,-4.625386370871027,31.905359282453176,4.905359282453176,19.774076,-7.225923538208008,38.29676503132767,11.296765031327674,23.291426,-3.7085742950439453,34.562298,7.562297821044922
48.0,101.87575073231788,53.87575073231788,85.99998302004249,37.99998302004249,88.88626,40.886260986328125,49.28150332180202,1.2815033218020204,48.237293,0.23729324340820312,110.51589,62.515892028808594
6.0,9.460321433358953,3.4603214333589527,10.48662012505052,4.4866201250505195,11.651721,5.651721000671387,16.46914290864625,10.469142908646251,10.166407,4.166406631469727,30.627546,24.627546310424805
27.0,26.768092113903684,-0.23190788609631596,22.813027851977434,-4.186972148022566,19.938637,-7.061363220214844,24.039124449654537,-2.960875550345463,19.418695,-7.581304550170898,39.665997,12.665996551513672
0.0,17.01554236694856,17.01554236694856,15.6485641179655,15.6485641179655,0.25843522,0.2584352195262909,-10.16556689893254,-10.16556689893254,0.28011906,0.28011906147003174,0.3658613,0.36586129665374756
56.0,52.04581820452102,-3.9541817954789806,54.00034377427488,-1.9996562257251185,55.79811,-0.2018890380859375,34.97065050715867,-21.029349492841327,32.574844,-23.425155639648438,54.689625,-1.3103752136230469
4.0,3.3980262094966576,-0.6019737905033424,5.370914333205171,1.370914333205171,5.0984783,1.0984783172607422,21.50761369979277,17.50761369979277,2.5955195,-1.4044804573059082,5.7867565,1.7867565155029297
44.0,74.25446703452216,30.254467034522165,78.0959341337457,34.0959341337457,72.7035,28.70349884033203,44.19183737971919,0.19183737971918902,42.126663,-1.8733367919921875,89.41704,45.41703796386719
111.0,67.5789645999003,-43.4210354000997,42.07487854562638,-68.92512145437362,64.24623,-46.75376892089844,53.7053860088739,-57.2946139911261,33.934692,-77.0653076171875,71.60317,-39.396827697753906
21.0,37.05122102972967,16.051221029729668,34.05280757922292,13.052807579222922,34.55707,13.557071685791016,36.60160715336363,15.60160715336363,27.623386,6.623386383056641,61.009968,40.00996780395508
19.0,14.907033119253123,-4.092966880746877,14.916809082602631,-4.083190917397369,13.896808,-5.103192329406738,24.73938304862361,5.739383048623608,11.959179,-7.040821075439453,28.308083,9.308082580566406
29.0,32.09486467989934,3.094864679899338,24.803984910609106,-4.196015089390894,26.804193,-2.1958065032958984,49.77677285251538,20.77677285251538,29.733055,0.7330551147460938,41.06688,12.066879272460938
68.0,45.07368526678917,-22.92631473321083,33.936798238255214,-34.063201761744786,32.775547,-35.22445297241211,30.181080213926062,-37.818919786073934,29.655773,-38.3442268371582,67.589066,-0.4109344482421875
27.0,25.80356858161256,-1.1964314183874407,26.622539580815427,-0.3774604191845725,30.805021,3.805021286010742,40.482151331536755,13.482151331536755,23.655602,-3.3443984985351562,31.692081,4.692081451416016
9.0,15.618209551636225,6.618209551636225,11.615460439073102,2.615460439073102,25.793453,16.793453216552734,19.941453599502402,10.941453599502402,13.861969,4.861968994140625,54.04369,45.0436897277832
2.0,14.7196770874822,12.7196770874822,12.97893993828284,10.97893993828284,8.997382,6.997382164001465,31.240725200134143,29.240725200134143,18.520397,16.520397186279297,74.41981,72.41980743408203
61.0,61.92997139981379,0.9299713998137875,63.15185107933182,2.15185107933182,66.938644,5.9386444091796875,57.569550359642975,-3.4304496403570255,43.25098,-17.749019622802734,64.86132,3.8613204956054688
74.0,50.35285223017542,-23.647147769824578,41.31214217060649,-32.68785782939351,45.42869,-28.571308135986328,49.473723538993404,-24.526276461006596,33.56759,-40.432411193847656,64.32867,-9.671333312988281
11.0,7.9573315810858425,-3.0426684189141575,12.92547126328176,1.9254712632817608,8.053851,-2.9461488723754883,31.525085872393525,20.525085872393525,11.83629,0.8362903594970703,27.967823,16.967823028564453
69.0,62.447055879530225,-6.552944120469775,75.93423827966001,6.934238279660008,69.916016,0.916015625,43.87293720208132,-25.127062797918683,36.418053,-32.581947326660156,73.899925,4.899925231933594
57.0,44.40856928291451,-12.591430717085487,51.870142407049734,-5.129857592950266,47.695515,-9.304485321044922,33.17131447193274,-23.82868552806726,30.199268,-26.800731658935547,61.394306,4.394306182861328
52.0,47.053219910633025,-4.946780089366975,49.648133599299705,-2.3518664007002954,51.860073,-0.13992691040039062,43.94387897233016,-8.056121027669839,27.844925,-24.155075073242188,48.039272,-3.9607276916503906
71.0,41.46874079792311,-29.53125920207689,47.909353986143046,-23.090646013856954,44.63082,-26.369178771972656,20.326687073501812,-50.673312926498184,16.549294,-54.450706481933594,44.70379,-26.29621124267578
25.0,21.516963596798586,-3.483036403201414,19.48306538013434,-5.516934619865658,18.930954,-6.0690460205078125,47.01512898711887,22.01512898711887,36.08772,11.087718963623047,71.01116,46.01116180419922
15.0,26.096109046884873,11.096109046884873,29.976135803017115,14.976135803017115,30.730682,15.730682373046875,41.51360952758882,26.51360952758882,24.746202,9.74620246887207,52.705166,37.70516586303711
5.0,11.202455307066428,6.202455307066428,17.88144988840814,12.881449888408142,6.563686,1.5636858940124512,64.14418072769676,59.144180727696764,34.039707,29.03970718383789,66.2213,61.22129821777344
56.0,48.448373920440716,-7.551626079559284,53.0806488654287,-2.9193511345713006,55.905098,-0.09490203857421875,17.288285944669312,-38.71171405533069,13.966969,-42.03303146362305,44.48612,-11.51388168334961
3.0,5.054465339317619,2.054465339317619,7.096072043953061,4.096072043953061,7.4310007,4.431000709533691,26.90441627476907,23.90441627476907,12.008866,9.008866310119629,58.978565,55.97856521606445
50.0,46.38169423165875,-3.6183057683412514,37.70482365873576,-12.295176341264238,42.599182,-7.40081787109375,49.919354202607764,-0.08064579739223632,31.074306,-18.92569351196289,53.749912,3.7499122619628906
27.0,36.87221971265202,9.872219712652019,36.70542228121791,9.705422281217913,29.008818,2.008817672729492,42.71408802127546,15.714088021275458,31.83129,4.831289291381836,85.81289,58.812889099121094
23.0,38.05055393394232,15.050553933942318,24.566125653756853,1.5661256537568526,25.417679,2.4176788330078125,45.371978202290016,22.371978202290016,30.377823,7.3778228759765625,58.65605,35.65605163574219
123.0,105.21048864258344,-17.789511357416558,101.49206377386007,-21.507936226139933,114.18468,-8.815322875976562,54.25836577296086,-68.74163422703914,32.372894,-90.62710571289062,82.80898,-40.191017150878906
54.0,49.90079948157095,-4.0992005184290505,54.557349632079486,0.557349632079486,50.819546,-3.1804542541503906,44.586669415873445,-9.413330584126555,42.61027,-11.389728546142578,58.03272,4.032718658447266
1.0,3.8977071318159626,2.8977071318159626,-1.1097815756773957,-2.1097815756773954,2.0586078,1.058607816696167,9.06221680038233,8.06221680038233,4.0991025,3.09910249710083,12.447945,11.447944641113281
66.0,47.68775329048139,-18.31224670951861,47.76074513119876,-18.23925486880124,50.731663,-15.26833724975586,29.211466038042296,-36.788533961957704,25.460836,-40.53916358947754,54.51662,-11.483379364013672
7.0,38.50788062683095,31.507880626830953,34.617199655061654,27.617199655061654,34.94186,27.94186019897461,55.485110113828156,48.485110113828156,34.57052,27.570518493652344,60.447353,53.44735336303711
114.0,48.51595081793707,-65.48404918206293,63.01271888319869,-50.98728111680131,55.330196,-58.669803619384766,24.08039062490611,-89.9196093750939,20.985378,-93.01462173461914,64.84591,-49.154090881347656
73.0,54.99848771332517,-18.00151228667483,61.46487270254676,-11.535127297453244,61.218777,-11.78122329711914,60.39858781951968,-12.601412180480317,35.888554,-37.111446380615234,63.810734,-9.189266204833984
8.0,8.96685488432743,0.9668548843274305,5.558063416411546,-2.441936583588454,8.947763,0.9477634429931641,40.30893108229857,32.30893108229857,7.6357117,-0.364288330078125,32.680164,24.680164337158203
1.0,40.625513429072946,39.625513429072946,49.363631704330956,48.363631704330956,42.227554,41.22755432128906,41.703713265114246,40.703713265114246,37.18533,36.18532943725586,69.73414,68.73413848876953
6.0,22.552850793930073,16.552850793930073,35.20487379501872,29.20487379501872,27.273178,21.273178100585938,40.06228057676364,34.06228057676364,31.282314,25.28231430053711,66.48817,60.48816680908203
50.0,67.22037356331717,17.220373563317168,65.29763496413977,15.297634964139775,65.94345,15.943450927734375,49.34637483450181,-0.653625165498191,41.38273,-8.617271423339844,68.49119,18.491188049316406
98.0,44.41905061606455,-53.58094938393545,34.21696129045135,-63.78303870954865,34.854237,-63.1457633972168,25.774070264464576,-72.22592973553543,19.714981,-78.28501892089844,60.911064,-37.08893585205078
0.0,0.0,0.0,-12.041916849342833,-12.041916849342833,-5.658616,-5.658616065979004,19.173923991484568,19.173923991484568,-0.44604218,-0.44604218006134033,0.03783822,0.03783822059631348
48.0,42.00866788631977,-5.9913321136802296,44.51236731076366,-3.4876326892363423,41.056473,-6.9435272216796875,46.11480531665014,-1.8851946833498587,27.820488,-20.17951202392578,40.210262,-7.789737701416016
3.0,6.968306649391482,3.968306649391482,7.989410990047053,4.989410990047053,3.9292912,0.9292912483215332,31.07149981893024,28.07149981893024,7.3061285,4.30612850189209,19.838978,16.838977813720703
2.0,6.607329271104401,4.607329271104401,5.973230636297543,3.9732306362975427,2.2124996,0.21249961853027344,10.11858569170337,8.11858569170337,4.1363554,2.136355400085449,11.667166,9.667165756225586
32.0,25.825683776219112,-6.174316223780888,25.480904103863285,-6.519095896136715,25.576738,-6.423261642456055,34.762579348502406,2.762579348502406,20.445824,-11.554176330566406,39.107876,7.107875823974609
0.0,0.0,0.0,-1.481332794898789,-1.481332794898789,2.472435,2.4724349975585938,15.593369315520537,15.593369315520537,-0.4899627,-0.48996269702911377,0.057228804,0.057228803634643555
65.0,64.13915857091098,-0.860841429089021,62.50334293342419,-2.496657066575807,61.02129,-3.978710174560547,49.783623846785396,-15.216376153214604,40.517685,-24.482315063476562,67.96061,2.9606094360351562
46.0,46.35382645458371,0.35382645458371087,46.71462588756854,0.7146258875685376,43.819954,-2.1800460815429688,43.42939629331819,-2.5706037066818084,28.036224,-17.963775634765625,48.19,2.1899986267089844
65.0,49.58462362555314,-15.415376374446858,54.85270722791604,-10.147292772083958,43.096443,-21.90355682373047,32.53115747689213,-32.46884252310787,17.884697,-47.11530303955078,43.762577,-21.237422943115234
4.0,4.9466707417715385,0.9466707417715385,5.676230962579839,1.6762309625798393,7.0639386,3.063938617706299,30.014178198751143,26.014178198751143,3.4487891,-0.551210880279541,6.8463964,2.8463964462280273
10.0,15.055185352415855,5.0551853524158545,17.162718647890856,7.1627186478908556,15.039641,5.039641380310059,25.015247055578513,15.015247055578513,17.17941,7.179410934448242,37.37028,27.370281219482422
50.0,54.405652481779036,4.405652481779036,47.81328699806899,-2.186713001931011,47.54735,-2.452648162841797,43.857434103140264,-6.142565896859736,35.027073,-14.97292709350586,87.57935,37.57935333251953
4.0,19.99508534768353,15.995085347683531,18.073396639949596,14.073396639949596,20.332815,16.332815170288086,26.156241909868985,22.156241909868985,18.578316,14.578315734863281,58.804127,54.80412673950195
12.0,14.38495400432901,2.3849540043290105,11.694676302169059,-0.30532369783094104,13.656517,1.6565170288085938,39.77468721554669,27.77468721554669,27.698189,15.698188781738281,58.68745,46.68745040893555
22.0,37.71084112586203,15.710841125862032,37.91113820384773,15.911138203847727,34.910534,12.910533905029297,28.534573839264226,6.534573839264226,28.544151,6.544151306152344,45.11133,23.111328125
47.0,35.719391443595136,-11.280608556404864,24.864202208747844,-22.135797791252156,33.066082,-13.933917999267578,39.340928930024496,-7.659071069975504,20.28993,-26.71006965637207,29.224766,-17.77523422241211
0.0,0.0,0.0,0.9270329163149154,0.9270329163149154,0.22309613,0.22309613227844238,-15.097861272974072,-15.097861272974072,0.05038488,0.05038487911224365,0.32396722,0.32396721839904785
16.0,27.11734677654221,11.11734677654221,33.364062240519864,17.364062240519864,35.326996,19.326995849609375,45.97667244305795,29.97667244305795,28.81782,12.817819595336914,40.735325,24.73532485961914
58.0,43.847842829068234,-14.152157170931766,38.87019841861623,-19.129801581383767,46.50796,-11.49203872680664,54.25744092863275,-3.7425590713672534,31.904892,-26.095108032226562,57.67264,-0.3273582458496094
76.0,63.811729173194884,-12.188270826805116,65.229948731797,-10.770051268203005,74.366745,-1.6332550048828125,53.75199839170787,-22.248001608292128,38.024063,-37.97593688964844,76.12568,0.12567901611328125
5.0,4.213125584315352,-0.7868744156846477,6.009535421570468,1.009535421570468,4.809594,-0.19040584564208984,23.58617668642035,18.58617668642035,10.658716,5.658716201782227,25.041595,20.041595458984375
2.0,7.140110815418868,5.140110815418868,5.873364494798232,3.873364494798232,3.488999,1.4889988899230957,28.828350302627673,26.828350302627673,4.773835,2.7738351821899414,21.2397,19.239700317382812
39.0,44.54560486810433,5.545604868104327,46.54051465914473,7.540514659144733,46.31502,7.315021514892578,45.161139274797264,6.161139274797264,43.01116,4.011161804199219,58.20206,19.20206069946289
20.0,38.295222687202944,18.295222687202944,29.328901785901735,9.328901785901735,32.90648,12.906478881835938,51.78714950371305,31.787149503713053,33.348698,13.348697662353516,69.15481,49.154808044433594
28.0,28.16071229065585,0.16071229065585158,26.57324362519806,-1.4267563748019398,27.838934,-0.16106605529785156,40.22445311357007,12.224453113570071,19.893013,-8.106986999511719,29.828411,1.8284111022949219
38.0,30.56009780573624,-7.439902194263759,30.559800774337845,-7.440199225662155,32.928642,-5.071357727050781,41.322613928050515,3.322613928050515,22.032211,-15.967788696289062,47.18473,9.184730529785156
54.0,41.51751946764628,-12.48248053235372,37.551412303062996,-16.448587696937004,35.135036,-18.86496353149414,40.580653614054064,-13.419346385945936,29.244728,-24.755271911621094,78.8923,24.892303466796875
14.0,67.10087275380835,53.100872753808346,55.92249591543571,41.92249591543571,68.3991,54.39910125732422,43.4025280174579,29.402528017457897,41.816284,27.8162841796875,74.33257,60.33257293701172
115.0,78.98726824564325,-36.01273175435675,35.093958359148296,-79.9060416408517,24.281366,-90.7186336517334,51.25493606629849,-63.74506393370151,43.86657,-71.13343048095703,96.16575,-18.834251403808594
1.0,8.524344775366723,7.524344775366723,10.414959380385184,9.414959380385184,12.576558,11.576558113098145,35.07806788729119,34.07806788729119,24.348598,23.34859848022461,51.967243,50.96724319458008
78.0,16.92152465402643,-61.07847534597357,19.578097191752633,-58.42190280824737,20.026192,-57.97380828857422,28.160284489067678,-49.83971551093232,24.18052,-53.819480895996094,56.38837,-21.611629486083984
56.0,49.13950287433843,-6.860497125661567,69.09119266620786,13.09119266620786,36.24103,-19.758968353271484,43.353363079041046,-12.646636920958954,38.825775,-17.174224853515625,72.76076,16.760757446289062
58.0,103.46378141082675,45.463781410826755,123.18678241641175,65.18678241641175,128.44214,70.442138671875,56.463161464159114,-1.5368385358408858,58.096607,0.09660720825195312,111.611206,53.6112060546875
45.0,51.42960418360703,6.429604183607033,47.57026890015679,2.5702689001567904,50.785347,5.785346984863281,46.71424816619583,1.71424816619583,26.227299,-18.772701263427734,58.835545,13.83554458618164
45.0,37.94484071880681,-7.055159281193191,33.91955985680664,-11.080440143193357,34.97345,-10.02655029296875,26.089091161505884,-18.910908838494116,21.084017,-23.915983200073242,37.322567,-7.677433013916016
29.0,32.12918854643539,3.129188546435387,30.557807113992904,1.5578071139929044,32.2076,3.207599639892578,23.867995413710062,-5.132004586289938,21.800564,-7.199436187744141,43.073475,14.073474884033203
21.0,32.987319264069264,11.987319264069264,28.79489508137736,7.7948950813773585,26.278908,5.278907775878906,18.23128461828697,-2.7687153817130294,13.888561,-7.111438751220703,33.637043,12.637042999267578
30.0,34.42571953889732,4.425719538897319,33.75854392241954,3.758543922419541,36.192196,6.192195892333984,37.14942426599771,7.149424265997709,23.734295,-6.265705108642578,35.738216,5.738216400146484
74.0,63.899882152218176,-10.100117847781824,69.37843034324301,-4.621569656756989,67.94555,-6.054450988769531,44.12838014823198,-29.871619851768017,44.288727,-29.711273193359375,75.03801,1.0380096435546875
27.0,26.910702508949257,-0.08929749105074336,22.850684005305787,-4.149315994694213,27.554306,0.5543060302734375,36.71099192257169,9.710991922571687,21.031065,-5.968935012817383,30.48032,3.4803199768066406
12.0,9.264440300062175,-2.7355596999378253,10.087436556435634,-1.9125634435643661,8.097624,-3.902376174926758,29.45212686915155,17.45212686915155,8.851179,-3.1488208770751953,22.598564,10.598564147949219
74.0,60.539608261206084,-13.460391738793916,72.49572983418844,-1.5042701658115618,74.33439,0.33438873291015625,64.0062765274551,-9.9937234725449,57.928627,-16.071372985839844,94.90374,20.90373992919922
0.0,7.062005952380953,7.062005952380953,-0.14339133701631027,-0.14339133701631027,-1.4016229,-1.4016228914260864,5.282031985500939,5.282031985500939,0.015030503,0.015030503273010254,0.19806361,0.19806361198425293
50.0,47.543396735536746,-2.4566032644632543,45.39005327413588,-4.60994672586412,42.263393,-7.736606597900391,44.77996887060476,-5.220031129395238,27.40461,-22.59539031982422,50.040897,0.040897369384765625
56.0,44.93797623181973,-11.062023768180268,51.201123641155874,-4.798876358844126,46.788433,-9.211566925048828,43.81775925248499,-12.18224074751501,31.147064,-24.852935791015625,54.126064,-1.8739356994628906
38.0,42.14531744605341,4.1453174460534115,47.79702641585566,9.797026415855662,43.68876,5.688758850097656,40.17091810354911,2.1709181035491127,30.136633,-7.863367080688477,48.536697,10.536697387695312
15.0,19.181369685001965,4.181369685001965,16.01934399533436,1.01934399533436,14.070325,-0.9296751022338867,22.02200209521051,7.02200209521051,16.966867,1.966867446899414,36.93014,21.93014144897461
2.0,37.538880702728285,35.538880702728285,28.66509863114856,26.66509863114856,42.10555,40.10554885864258,50.12255625804491,48.12255625804491,27.12818,25.1281795501709,49.781273,47.781272888183594
31.0,29.220313011623244,-1.7796869883767563,25.474048293816434,-5.525951706183566,25.096632,-5.90336799621582,27.80720300003435,-3.192796999965651,23.765797,-7.234203338623047,43.978573,12.978572845458984
46.0,41.81042092765247,-4.189579072347527,40.417033673430105,-5.582966326569895,42.85787,-3.142131805419922,48.16306268730699,2.16306268730699,31.486774,-14.513225555419922,50.661823,4.661823272705078
43.0,44.67724336338725,1.677243363387248,42.90639567064686,-0.09360432935314122,46.518276,3.5182762145996094,41.94269112621132,-1.0573088737886778,32.13896,-10.861038208007812,71.113235,28.113235473632812
46.0,34.70402730193268,-11.295972698067317,30.418995342423187,-15.581004657576813,33.75986,-12.24013900756836,32.101466952004,-13.898533047995997,16.45842,-29.541580200195312,33.40356,-12.596439361572266
52.0,47.15947566882336,-4.840524331176638,48.28468457480313,-3.71531542519687,45.02709,-6.972911834716797,51.43267541513373,-0.5673245848662702,30.948387,-21.051612854003906,57.30837,5.308368682861328
8.0,17.555301476171984,9.555301476171984,9.58384726553715,1.58384726553715,6.8276815,-1.172318458557129,31.457305423273503,23.457305423273503,14.423073,6.423072814941406,41.478436,33.47843551635742
2.0,55.316851900641815,53.316851900641815,59.475237819455124,57.475237819455124,58.59995,56.59994888305664,51.96665452017021,49.96665452017021,34.963768,32.963768005371094,66.867096,64.86709594726562
74.0,54.86353537806275,-19.13646462193725,47.74760102632756,-26.25239897367244,52.45977,-21.54022979736328,47.82707936447809,-26.172920635521912,33.297653,-40.70234680175781,63.08245,-10.917549133300781
36.0,33.75166210817308,-2.248337891826921,26.61934086188763,-9.380659138112371,26.816378,-9.183622360229492,36.37630239525099,0.3763023952509883,24.389904,-11.610095977783203,39.64327,3.643268585205078
38.0,37.73435149402521,-0.26564850597478795,36.448300560981316,-1.5516994390186838,36.540672,-1.4593276977539062,31.81609407442293,-6.1839059255770685,19.17958,-18.820419311523438,39.657402,1.6574020385742188
31.0,59.20437717417404,28.20437717417404,32.80638866762978,1.8063886676297827,52.928284,21.92828369140625,67.5457164212711,36.545716421271095,70.61083,39.61083221435547,135.98029,104.98028564453125
90.0,56.44738644886463,-33.55261355113537,74.87941847499727,-15.120581525002734,65.63632,-24.363677978515625,20.96777859675084,-69.03222140324917,16.07932,-73.92067909240723,61.690598,-28.309402465820312
52.0,46.08575322009315,-5.914246779906847,47.0017060865628,-4.998293913437202,47.212658,-4.787342071533203,56.544318735550284,4.544318735550284,54.894814,2.8948135375976562,109.75571,57.755706787109375
17.0,12.6983989391161,-4.3016010608839,10.908087806145572,-6.091912193854428,10.630534,-6.3694658279418945,19.532384333454118,2.532384333454118,11.042806,-5.9571943283081055,20.557205,3.5572052001953125
2.0,4.016739112024908,2.016739112024908,4.607542077884266,2.6075420778842657,3.4249465,1.4249465465545654,32.73318900091994,30.733189000919943,3.1148605,1.1148605346679688,6.1395206,4.139520645141602
16.0,16.224595870158936,0.2245958701589359,22.013939936330203,6.013939936330203,21.158163,5.158163070678711,18.913062778729277,2.9130627787292767,10.968585,-5.031414985656738,20.096657,4.096656799316406
52.0,37.676203319042806,-14.323796680957194,33.07953707533308,-18.92046292466692,34.05969,-17.940311431884766,33.111016435658854,-18.888983564341146,18.622118,-33.37788200378418,36.882126,-15.117874145507812
16.0,43.236102739071185,27.236102739071185,45.534614094121196,29.534614094121196,41.70996,25.7099609375,54.06107545029087,38.06107545029087,29.135414,13.135414123535156,51.58488,35.58488082885742
1.0,24.4022328411117,23.4022328411117,26.154886940925838,25.154886940925838,28.579481,27.57948112487793,35.077119995005766,34.077119995005766,21.777794,20.777793884277344,35.23158,34.2315788269043
28.0,18.050459124209127,-9.949540875790873,14.267195644741834,-13.732804355258166,21.307322,-6.692678451538086,26.039285023718556,-1.9607149762814444,11.487247,-16.512752532958984,27.448528,-0.5514717102050781
85.0,65.80317479405498,-19.196825205945018,80.80641883714127,-4.1935811628587345,70.299095,-14.700904846191406,48.067857385450495,-36.932142614549505,47.681465,-37.31853485107422,88.383224,3.3832244873046875
1.0,5.680051937865887,4.680051937865887,0.6074880654634609,-0.3925119345365391,-0.10311181,-1.1031118109822273,15.785923128940954,14.785923128940954,8.527304,7.527303695678711,33.971127,32.971126556396484
3.0,37.2133756670223,34.2133756670223,25.670164654103147,22.670164654103147,22.181534,19.181533813476562,42.251475256267334,39.251475256267334,35.846672,32.84667205810547,67.09164,64.09163665771484
30.0,28.833593784876754,-1.1664062151232457,28.400039125638685,-1.5999608743613152,31.710297,1.710296630859375,35.59731199974896,5.59731199974896,22.49283,-7.507169723510742,36.488396,6.488395690917969
5.0,10.685450918176828,5.685450918176828,6.732811657246006,1.732811657246006,9.940036,4.940035820007324,29.707995658349954,24.707995658349954,11.153358,6.153358459472656,26.953434,21.953433990478516
36.0,60.731514305906614,24.731514305906614,66.23578561688109,30.23578561688109,53.38327,17.383270263671875,54.63070513750245,18.630705137502453,66.85101,30.85101318359375,104.64794,68.64794158935547
76.0,64.82506203482464,-11.17493796517536,78.9959170120238,2.9959170120237957,78.569756,2.5697555541992188,52.512978971110584,-23.487021028889416,47.38231,-28.617691040039062,71.13588,-4.8641204833984375
67.0,43.90589134567959,-23.094108654320408,29.97900661276943,-37.02099338723057,28.590227,-38.409772872924805,48.46771052909631,-18.53228947090369,33.776627,-33.22337341308594,66.766365,-0.23363494873046875
126.0,91.02797179771133,-34.97202820228867,100.64169250273028,-25.35830749726972,112.23549,-13.764511108398438,56.723067042581285,-69.27693295741872,51.335335,-74.66466522216797,95.278694,-30.72130584716797
77.0,52.382126036320024,-24.617873963679976,56.610491795438996,-20.389508204561004,45.394855,-31.605144500732422,67.31949599430347,-9.680504005696534,67.80351,-9.196487426757812,132.03204,55.03204345703125
2.0,3.7032661034815497,1.7032661034815497,2.3509311933851045,0.3509311933851045,3.8733962,1.8733961582183838,9.141062013227021,7.141062013227021,4.1525917,2.1525917053222656,13.094797,11.094797134399414
1.0,5.7065560619774995,4.7065560619774995,3.587412668079753,2.587412668079753,10.707231,9.707230567932129,30.255465565480552,29.255465565480552,11.32478,10.324780464172363,35.399265,34.39926528930664
1.0,15.21103671033573,14.21103671033573,7.781443443551464,6.781443443551464,6.5326796,5.532679557800293,12.052928207001052,11.052928207001052,8.055393,7.055393218994141,29.044582,28.04458236694336
12.0,15.396568103291447,3.3965681032914468,12.591825733089136,0.5918257330891361,12.62583,0.6258296966552734,24.215519340943878,12.215519340943878,10.881509,-1.1184911727905273,29.133753,17.133752822875977
57.0,42.555078947991575,-14.444921052008425,41.37478713144194,-15.625212868558059,41.565968,-15.434032440185547,38.58799396988078,-18.412006030119223,29.53373,-27.466270446777344,56.51196,-0.4880409240722656
47.0,58.27793922760085,11.277939227600847,68.23306815273502,21.233068152735015,60.399845,13.399845123291016,63.09090847438129,16.090908474381287,51.166183,4.1661834716796875,86.28356,39.28356170654297
76.0,52.76819168875393,-23.23180831124607,58.78957585575066,-17.210424144249338,63.27614,-12.723861694335938,40.24777962775694,-35.75222037224306,38.425556,-37.57444381713867,57.70859,-18.29140853881836
3.0,5.9638157456929255,2.9638157456929255,3.8058586429489587,0.8058586429489587,4.570769,1.5707688331604004,10.754285271224568,7.754285271224568,3.2595048,0.2595047950744629,6.578375,3.5783748626708984
61.0,51.79424627185115,-9.20575372814885,55.78222196838963,-5.217778031610372,48.6376,-12.36240005493164,28.637158848015225,-32.362841151984775,22.16929,-38.83070945739746,47.293533,-13.706466674804688
77.0,52.61336299352522,-24.38663700647478,58.02260136307083,-18.977398636929173,61.09955,-15.90045166015625,40.58931852800696,-36.41068147199304,38.581413,-38.41858673095703,58.539455,-18.46054458618164
65.0,59.81241824632688,-5.187581753673122,62.79052107085628,-2.209478929143721,56.45435,-8.545650482177734,59.440682214097514,-5.559317785902486,66.28931,1.289306640625,95.045876,30.045875549316406
62.0,116.02047264015857,54.02047264015857,146.85834422003714,84.85834422003714,121.51036,59.51036071777344,58.48907476915345,-3.510925230846553,62.41317,0.41316986083984375,111.4322,49.43219757080078
64.0,54.135457465455886,-9.864542534544114,57.14653541969583,-6.85346458030417,50.246418,-13.753582000732422,53.91370758143791,-10.086292418562088,27.864674,-36.13532638549805,59.34264,-4.657360076904297
5.0,6.4405381374474215,1.4405381374474215,5.746766162431643,0.7467661624316433,8.503013,3.5030126571655273,26.30806464875149,21.30806464875149,4.0036926,-0.996307373046875,12.9511,7.9511003494262695
31.0,49.165806096689124,18.165806096689124,40.43422069051672,9.434220690516717,45.881805,14.881805419921875,44.72717157562447,13.727171575624467,34.321526,3.3215255737304688,84.231445,53.2314453125
59.0,49.49565781690565,-9.504342183094352,45.5285718033338,-13.471428196666203,49.698624,-9.301376342773438,64.09803226390488,5.098032263904884,27.839645,-31.160354614257812,53.103825,-5.896175384521484
6.0,12.657131203313773,6.657131203313773,8.124000341083672,2.124000341083672,10.034011,4.034010887145996,21.436895372402972,15.436895372402972,13.006558,7.006558418273926,40.110874,34.11087417602539
11.0,24.468983018731084,13.468983018731084,16.984430207543042,5.984430207543042,29.172857,18.1728572845459,30.9407386914959,19.9407386914959,24.48818,13.488180160522461,95.87105,84.87104797363281
17.0,14.270462744204117,-2.729537255795883,11.287640056424994,-5.712359943575006,9.066337,-7.933663368225098,14.772530327466711,-2.2274696725332888,5.22685,-11.773149967193604,10.545118,-6.45488166809082
24.0,19.32760816231484,-4.672391837685161,16.091839727680146,-7.908160272319854,17.176197,-6.823802947998047,36.247300256733716,12.247300256733716,12.66721,-11.33279037475586,22.830036,-1.1699638366699219
10.0,13.362785669236125,3.362785669236125,12.58339640112333,2.5833964011233306,12.961723,2.9617233276367188,32.142715549394325,22.142715549394325,13.061071,3.0610713958740234,30.00403,20.004030227661133
47.0,34.44697820276338,-12.553021797236617,40.96652031727332,-6.033479682726679,33.07632,-13.92367935180664,52.27848785317836,5.278487853178362,28.87338,-18.126619338989258,53.232433,6.232433319091797
1.0,15.17439368590718,14.17439368590718,12.802249961297417,11.802249961297417,16.697704,15.697704315185547,24.17462182733904,23.17462182733904,12.403769,11.403768539428711,44.345142,43.34514236450195
86.0,74.913846374545,-11.086153625454997,71.10377364748085,-14.89622635251915,83.82453,-2.1754684448242188,32.34102327641087,-53.65897672358913,26.32204,-59.67795944213867,59.143486,-26.85651397705078
19.0,32.78212007431048,13.782120074310477,30.16060791233709,11.160607912337088,18.659523,-0.34047698974609375,40.16424019235192,21.16424019235192,25.050674,6.0506744384765625,65.11147,46.111473083496094
0.0,5.129032695452988,5.129032695452988,-6.018729036954492,-6.018729036954492,-5.864799,-5.8647990226745605,11.93315154475697,11.93315154475697,0.02013874,0.02013874053955078,-0.34402728,-0.3440272808074951
45.0,42.491151090939994,-2.5088489090600063,35.560558457798734,-9.439441542201266,37.34388,-7.656120300292969,22.62966286178512,-22.37033713821488,12.422432,-32.57756805419922,38.274277,-6.7257232666015625
1.0,6.180471528914738,5.180471528914738,12.267623969345374,11.267623969345374,4.4637127,3.463712692260742,8.431281376506348,7.431281376506348,3.7439685,2.7439684867858887,8.384326,7.384325981140137
13.0,28.73929115803076,15.73929115803076,38.168341860979424,25.168341860979424,25.074095,12.074094772338867,48.167225738110815,35.167225738110815,36.20745,23.20745086669922,78.845924,65.8459243774414
13.0,22.27153649083243,9.271536490832428,21.78596327867357,8.78596327867357,20.784481,7.784481048583984,36.403676912370415,23.403676912370415,18.10652,5.10651969909668,37.2224,24.222400665283203
18.0,17.613693072378773,-0.3863069276212272,18.394976611116366,0.39497661111636617,21.82539,3.825389862060547,34.344089868562754,16.344089868562754,10.776861,-7.223138809204102,20.342789,2.3427886962890625
2.0,3.7608166664065346,1.7608166664065346,3.3845692337049047,1.3845692337049047,2.2529516,0.25295162200927734,10.437008390299766,8.437008390299766,4.0417647,2.041764736175537,10.340599,8.340599060058594
8.0,14.850180650566957,6.850180650566957,8.706638173830266,0.7066381738302656,12.057116,4.05711555480957,23.694443217351708,15.694443217351708,17.464907,9.464906692504883,60.224163,52.22416305541992
7.0,10.505398835876575,3.5053988358765746,11.168928869413458,4.168928869413458,15.0460615,8.046061515808105,19.977946169276123,12.977946169276123,8.507512,1.507512092590332,28.266365,21.26636505126953
59.0,49.424084011543435,-9.575915988456565,24.91306098979778,-34.086939010202215,27.682013,-31.3179874420166,59.24960301779863,0.24960301779862704,33.03131,-25.96868896484375,60.358074,1.3580741882324219
1.0,5.333007235769835,4.333007235769835,2.8473365736411638,1.8473365736411638,1.3021783,0.3021782636642456,17.542338005484623,16.542338005484623,7.8873363,6.887336254119873,31.886292,30.88629150390625
11.0,15.74603797027863,4.74603797027863,13.651666732000363,2.651666732000363,13.459749,2.459749221801758,16.082126589542543,5.082126589542543,10.746548,-0.2534523010253906,29.450222,18.45022201538086
12.0,11.97089934611316,-0.029100653886839467,9.631299600839236,-2.3687003991607636,12.810541,0.8105411529541016,21.76002373883125,9.76002373883125,13.126898,1.1268978118896484,37.666233,25.66623306274414
25.0,20.923427347906664,-4.076572652093336,17.35763026758071,-7.64236973241929,17.632917,-7.367082595825195,37.57806755985231,12.578067559852308,21.173328,-3.826671600341797,30.3822,5.382200241088867
72.0,72.95164885424754,0.9516488542475372,84.57387718695169,12.573877186951691,81.56621,9.566207885742188,52.38326473731294,-19.616735262687058,47.391052,-24.60894775390625,98.627785,26.627784729003906
73.0,68.15990814221496,-4.8400918577850405,64.03561030255447,-8.964389697445526,61.773003,-11.226997375488281,30.250055039493247,-42.74994496050675,27.160904,-45.83909606933594,74.144035,1.1440353393554688
43.0,53.40303678329558,10.403036783295583,46.11166334265562,3.1116633426556177,45.364292,2.3642921447753906,46.90180940150955,3.901809401509553,47.473244,4.473243713378906,94.15866,51.158660888671875
143.0,117.31221261551727,-25.687787384482732,128.3288247353441,-14.671175264655886,121.45432,-21.545677185058594,36.332223929503286,-106.66777607049671,36.326084,-106.67391586303711,84.55402,-58.44597625732422
63.0,63.95356501141181,0.9535650114118113,64.0894782781311,1.0894782781310965,63.14501,0.14501190185546875,38.37076840900356,-24.62923159099644,36.02333,-26.976669311523438,60.4342,-2.5657997131347656
13.0,30.416436273702853,17.416436273702853,39.96444579354995,26.96444579354995,31.31251,18.312509536743164,38.658592201893164,25.658592201893164,24.473988,11.473987579345703,67.12723,54.127227783203125
2.0,6.961885747698562,4.961885747698562,5.768730770478656,3.7687307704786557,6.44467,4.4446702003479,13.523706371561829,11.523706371561829,8.352372,6.352372169494629,20.949219,18.94921875
18.0,24.849047619047614,6.849047619047614,8.020588709134746,-9.979411290865254,12.87282,-5.127180099487305,40.77603209035044,22.77603209035044,14.666168,-3.333831787109375,44.951096,26.951095581054688
227.0,176.8356034946236,-50.1643965053764,202.16379395656455,-24.836206043435453,190.13869,-36.86131286621094,60.62863371642038,-166.37136628357962,66.55426,-160.44573974609375,129.40509,-97.59490966796875
19.0,20.591584392103336,1.5915843921033357,16.350845991615515,-2.6491540083844853,15.906611,-3.093388557434082,22.660266636499493,3.660266636499493,17.569204,-1.430795669555664,36.957615,17.95761489868164
15.0,16.968195169182458,1.968195169182458,18.474274096159338,3.4742740961593377,14.582313,-0.41768741607666016,36.01257053554743,21.012570535547432,10.796811,-4.203188896179199,21.735243,6.73524284362793
25.0,26.18485833560744,1.1848583356074407,21.18072148711881,-3.8192785128811906,21.182613,-3.8173866271972656,37.01637794479024,12.016377944790243,20.539503,-4.46049690246582,30.575243,5.57524299621582
59.0,56.58351121985899,-2.416488780141009,54.83557797348449,-4.16442202651551,61.352207,2.3522071838378906,47.53234250908741,-11.467657490912593,32.81531,-26.184688568115234,53.35048,-5.6495208740234375
12.0,29.94135506365887,17.94135506365887,43.072794016534445,31.072794016534445,41.8894,29.889400482177734,20.524572929196946,8.524572929196946,11.9100895,-0.08991050720214844,33.975964,21.975963592529297
79.0,52.97253671082486,-26.027463289175138,47.91576749312918,-31.08423250687082,61.748116,-17.25188446044922,40.981020797502346,-38.018979202497654,36.798668,-42.201332092285156,59.936825,-19.063175201416016
24.0,23.20538784227274,-0.7946121577272613,28.820293029407082,4.8202930294070825,30.609627,6.609626770019531,37.982720211490374,13.982720211490374,20.254698,-3.745302200317383,49.51663,25.51662826538086
1.0,9.459527513695493,8.459527513695493,4.986573363546379,3.9865733635463787,9.203285,8.203285217285156,23.207227735621906,22.207227735621906,7.1504135,6.150413513183594,25.209812,24.20981216430664
5.0,10.614276551192745,5.614276551192745,17.255613614328173,12.255613614328173,14.234597,9.234597206115723,16.196284976080946,11.196284976080946,10.277346,5.277345657348633,34.58418,29.584178924560547
61.0,39.98960918072058,-21.010390819279422,24.23898991906123,-36.761010080938775,34.848324,-26.151676177978516,57.430750242089616,-3.5692497579103843,58.177853,-2.8221473693847656,109.90826,48.90825653076172
76.0,66.6410110636115,-9.3589889363885,57.796975365240954,-18.203024634759046,57.691414,-18.30858612060547,50.18107329274669,-25.81892670725331,34.48114,-41.51885986328125,70.31591,-5.684089660644531
14.0,17.26333614896153,3.2633361489615282,16.689720081842697,2.6897200818426974,13.66594,-0.3340597152709961,35.39491873340887,21.394918733408872,11.52252,-2.477479934692383,21.966934,7.9669342041015625
31.0,36.27614077480639,5.276140774806393,35.34167548438923,4.341675484389228,36.48624,5.486240386962891,58.0888266064294,27.0888266064294,28.745686,-2.254314422607422,54.12553,23.125530242919922
70.0,50.387375742517946,-19.612624257482054,55.417408223228314,-14.582591776771686,52.983,-17.016998291015625,59.395040345137424,-10.604959654862576,57.648254,-12.35174560546875,98.343666,28.343666076660156
24.0,27.81980776899843,3.81980776899843,24.898910647822042,0.8989106478220421,25.48874,1.4887409210205078,39.977924426693534,15.977924426693534,28.71452,4.714519500732422,52.357105,28.357105255126953
9.0,11.704500686813187,2.704500686813187,14.648140649453119,5.6481406494531186,9.754277,0.754277229309082,48.94135244578199,39.94135244578199,31.484138,22.48413848876953,61.934414,52.93441390991211
55.0,31.46192411598601,-23.53807588401399,33.67760859310161,-21.32239140689839,29.984594,-25.015405654907227,36.293705202433706,-18.706294797566294,21.739574,-33.26042556762695,41.161106,-13.83889389038086
103.0,73.4807349864188,-29.519265013581204,74.71568644604129,-28.28431355395871,65.0118,-37.988197326660156,37.96753297024317,-65.03246702975683,31.700579,-71.2994213104248,75.96127,-27.038726806640625
44.0,44.6235155725276,0.6235155725276016,41.00848053030837,-2.9915194696916316,46.888733,2.88873291015625,42.3944084788487,-1.6055915211512968,34.637856,-9.362144470214844,59.49862,15.498619079589844
34.0,52.12240530919922,18.122405309199223,47.871315742108976,13.871315742108976,50.893547,16.89354705810547,58.36286478939708,24.36286478939708,54.040302,20.040302276611328,90.20418,56.20417785644531
7.0,26.91031581755573,19.91031581755573,36.48111657837388,29.48111657837388,26.347267,19.347267150878906,16.526966728393617,9.526966728393617,12.099299,5.099299430847168,41.88381,34.88380813598633
37.0,48.179660994204816,11.179660994204816,52.61064135115984,15.610641351159842,50.926144,13.926143646240234,61.99051592721446,24.99051592721446,51.862846,14.862846374511719,79.86945,42.86945343017578
20.0,25.587341068786767,5.587341068786767,31.689286035488113,11.689286035488113,27.324095,7.324094772338867,42.79315233265528,22.793152332655282,31.124254,11.12425422668457,60.96639,40.96638870239258
41.0,37.75434230763235,-3.245657692367651,36.601034120225776,-4.398965879774224,36.56428,-4.435718536376953,27.693991558917855,-13.306008441082145,28.911167,-12.08883285522461,42.463085,1.4630851745605469
34.0,59.446182993047096,25.446182993047096,57.783239778635384,23.783239778635384,64.6053,30.605300903320312,47.16309774579238,13.163097745792378,35.73429,1.7342910766601562,70.62163,36.62162780761719
140.0,139.98620057720055,-0.013799422799451122,141.64945954128706,1.649459541287058,139.76785,-0.232147216796875,61.59373584253535,-78.40626415746465,58.06196,-81.93804168701172,115.61817,-24.38182830810547
7.0,17.79243500729632,10.79243500729632,28.688740102730133,21.688740102730133,22.766418,15.76641845703125,30.39313670283801,23.39313670283801,23.730453,16.730453491210938,49.01151,42.01150894165039
11.0,11.912542553614468,0.9125425536144682,11.486221847862133,0.48622184786213296,14.04472,3.044719696044922,21.456060333483656,10.456060333483656,13.106291,2.106290817260742,37.05978,26.05978012084961
62.0,46.9953625237717,-15.004637476228297,43.590122913436645,-18.409877086563355,47.97575,-14.024250030517578,46.97894681802658,-15.021053181973421,43.438606,-18.56139373779297,61.92044,-0.079559326171875
47.0,86.43695260713338,39.43695260713338,75.39041793008556,28.39041793008556,53.409325,6.409324645996094,59.3499236556151,12.3499236556151,53.0027,6.0027008056640625,83.939415,36.939414978027344
20.0,21.33423579959956,1.3342357995995613,20.024639783209725,0.024639783209725152,23.427671,3.427671432495117,31.480488147639562,11.480488147639562,21.473879,1.4738788604736328,42.947063,22.947063446044922
4.0,4.671608053215322,0.6716080532153219,4.470621770172163,0.4706217701721629,5.4501433,1.4501433372497559,36.13485660727322,32.13485660727322,4.9622293,0.9622292518615723,16.976748,12.976747512817383
24.0,32.99591974902492,8.995919749024921,-2.5781079004520646,-26.578107900452064,10.038089,-13.96191120147705,64.34781889909065,40.347818899090655,27.877014,3.87701416015625,59.456516,35.45651626586914
13.0,23.328696378815888,10.328696378815888,20.723580207507958,7.723580207507958,27.363901,14.363901138305664,34.754101805306206,21.754101805306206,20.315517,7.315517425537109,30.879032,17.879032135009766
24.0,28.358286984696132,4.358286984696132,33.74080663413452,9.740806634134522,38.537403,14.537403106689453,29.082411895493912,5.082411895493912,27.526184,3.52618408203125,72.50436,48.504356384277344
122.0,119.61445039682538,-2.385549603174624,119.59644379265826,-2.4035562073417367,119.10155,-2.8984527587890625,54.17964929530987,-67.82035070469013,31.614384,-90.38561630249023,86.609375,-35.390625
37.0,33.8213732399808,-3.178626760019199,18.2113216301542,-18.7886783698458,22.727594,-14.272405624389648,42.23194417062349,5.231944170623493,25.236406,-11.763593673706055,45.047874,8.047874450683594
57.0,49.030661397857855,-7.969338602142145,46.32411855554452,-10.675881444455477,46.347733,-10.652267456054688,47.81970724025694,-9.180292759743061,24.927294,-32.07270622253418,52.633404,-4.366596221923828
78.0,55.45885258489339,-22.541147415106607,58.00121652267991,-19.99878347732009,59.762066,-18.237934112548828,34.02111480449527,-43.97888519550473,31.257038,-46.74296188354492,79.345535,1.3455352783203125
5.0,15.368593775135295,10.368593775135295,19.108118142058682,14.108118142058682,18.872873,13.872873306274414,33.11928502172142,28.119285021721417,20.293,15.292999267578125,67.54635,62.546348571777344
43.0,20.8333926655372,-22.1666073344628,19.38419487380706,-23.61580512619294,24.726187,-18.273813247680664,36.56059326999995,-6.4394067300000515,14.060249,-28.93975067138672,23.278843,-19.72115707397461
62.0,53.908515421604605,-8.091484578395395,51.256691177660656,-10.743308822339344,49.353508,-12.646492004394531,52.43330265196582,-9.566697348034182,29.354515,-32.645484924316406,51.332455,-10.667545318603516
51.0,50.67033144330478,-0.3296685566952178,51.130365612104924,0.13036561210492437,41.959106,-9.0408935546875,43.63474780635094,-7.365252193649063,32.26599,-18.7340087890625,54.73263,3.7326316833496094
49.0,48.570289276635094,-0.4297107233649058,45.067279780006444,-3.9327202199935556,41.347507,-7.652492523193359,32.12060677617797,-16.879393223822028,32.000725,-16.99927520751953,51.616634,2.6166343688964844
75.0,59.97139671778727,-15.028603282212728,65.69930245294341,-9.300697547056586,64.89584,-10.104156494140625,40.397404451912834,-34.602595548087166,38.191757,-36.80824279785156,62.48131,-12.518688201904297
59.0,53.43086400280493,-5.569135997195069,49.63122103397717,-9.36877896602283,51.700947,-7.299053192138672,49.111890373600325,-9.888109626399675,27.10218,-31.89781951904297,53.837475,-5.162525177001953
18.0,21.58456529342436,3.5845652934243617,20.11922409962225,2.119224099622251,19.082859,1.0828590393066406,30.97278193209152,12.972781932091522,20.33126,2.3312606811523438,39.281857,21.281856536865234
22.0,36.5046409679644,14.504640967964399,31.959772005632605,9.959772005632605,31.967207,9.967206954956055,36.94477230743336,14.944772307433361,33.552177,11.552177429199219,41.515396,19.515396118164062
1.0,10.177605531989991,9.177605531989991,12.438791394671044,11.438791394671044,15.609614,14.609614372253418,19.45246573108567,18.45246573108567,11.871402,10.8714017868042,40.235065,39.23506546020508
35.0,44.82858487064063,9.828584870640633,73.6264884210745,38.6264884210745,60.624973,25.62497329711914,36.34136902281786,1.341369022817858,36.48186,1.4818611145019531,71.85795,36.857948303222656
51.0,37.92912754132597,-13.070872458674032,45.55376965736359,-5.446230342636412,39.95926,-11.040740966796875,43.40341525089785,-7.596584749102149,40.964672,-10.035327911376953,63.18636,12.186359405517578
6.0,5.610601106357344,-0.3893988936426558,8.30271814712947,2.30271814712947,5.4104676,-0.5895323753356934,27.661476298913872,21.661476298913872,7.2998905,1.2998905181884766,21.250313,15.250312805175781
16.0,18.273325273165735,2.273325273165735,21.905966398855377,5.9059663988553766,19.76774,3.767740249633789,56.021240592389994,40.021240592389994,30.728449,14.728448867797852,57.830723,41.83072280883789
13.0,39.30412345313406,26.30412345313406,34.34045888807188,21.34045888807188,41.07595,28.075950622558594,51.72075272707361,38.72075272707361,47.94172,34.94171905517578,108.84008,95.84008026123047
51.0,37.7186614242061,-13.281338575793903,42.490914983281556,-8.509085016718444,39.25411,-11.745891571044922,37.42490233001456,-13.575097669985439,33.664146,-17.335853576660156,62.89214,11.892139434814453
8.0,15.419088129747331,7.4190881297473315,14.494835320318753,6.494835320318753,7.7033687,-0.2966313362121582,30.952655716951725,22.952655716951725,19.463856,11.463855743408203,43.64353,35.643531799316406
25.0,29.068880383148368,4.068880383148368,24.314173132803077,-0.6858268671969228,31.865171,6.865171432495117,32.56697382454818,7.566973824548178,19.254303,-5.745697021484375,29.129444,4.129444122314453
4.0,48.470259001244855,44.470259001244855,52.07269137514227,48.07269137514227,49.746243,45.74624252319336,46.95595488844772,42.95595488844772,38.058197,34.058197021484375,62.63827,58.63827133178711
53.0,39.6608970352236,-13.339102964776401,38.20190236838787,-14.79809763161213,39.792248,-13.207752227783203,30.50020688450484,-22.49979311549516,23.173553,-29.826446533203125,43.719997,-9.28000259399414
35.0,27.21114870466389,-7.788851295336109,23.274080032012616,-11.725919967987384,25.719416,-9.280584335327148,27.62350150998103,-7.376498490018971,20.832603,-14.167396545410156,39.821224,4.821224212646484
3.0,22.17861993433317,19.17861993433317,17.2190946329752,14.2190946329752,26.406834,23.40683364868164,56.95860387546524,53.95860387546524,27.727077,24.72707748413086,55.295242,52.29524230957031
17.0,13.785931984709421,-3.2140680152905787,12.133038538933418,-4.866961461066582,12.5167,-4.48330020904541,32.90952771624842,15.90952771624842,8.993975,-8.006025314331055,19.635141,2.635141372680664
53.0,47.620851150117026,-5.379148849882974,51.40874337929545,-1.5912566207045487,41.502125,-11.497875213623047,46.18278354318086,-6.817216456819139,36.271935,-16.728065490722656,64.2149,11.214897155761719
6.0,3.935053845897107,-2.064946154102893,3.8711505822520325,-2.1288494177479675,4.8542466,-1.1457533836364746,23.041763194756403,17.041763194756403,2.6894202,-3.310579776763916,5.8497505,-0.15024948120117188
8.0,9.561451009254855,1.5614510092548546,9.626062080625676,1.626062080625676,9.648425,1.6484251022338867,14.888694008808734,6.888694008808734,9.885602,1.8856019973754883,29.439325,21.4393253326416
14.0,15.919405085910688,1.9194050859106877,13.91362055251905,-0.08637944748094917,17.199766,3.199766159057617,16.39362697684189,2.3936269768418903,11.304659,-2.695341110229492,30.533566,16.533565521240234
0.0,0.145,0.145,-0.5059416121692105,-0.5059416121692105,1.1554157,1.155415654182434,5.091971978325695,5.091971978325695,-0.40147316,-0.40147316455841064,0.16779637,0.16779637336730957
6.0,16.087259531980894,10.087259531980894,14.358723230901884,8.358723230901884,15.608969,9.608968734741211,23.770988431129098,17.770988431129098,11.406453,5.4064531326293945,24.5534,18.55340003967285
122.0,53.71130426974247,-68.28869573025753,82.41405238614425,-39.58594761385575,67.73792,-54.26207733154297,33.46070684676532,-88.53929315323468,34.35517,-87.64482879638672,74.59927,-47.400726318359375
13.0,13.560230950849876,0.560230950849876,14.112053692262542,1.112053692262542,14.942311,1.9423112869262695,16.141608704870006,3.1416087048700057,9.645044,-3.3549556732177734,29.87482,16.874820709228516
54.0,53.45168454492772,-0.5483154550722773,49.600955959782546,-4.399044040217454,52.57134,-1.4286613464355469,58.674757930594986,4.674757930594986,34.51509,-19.484909057617188,93.269165,39.2691650390625
1.0,2.472603262612444,1.4726032626124441,2.9899808714998315,1.9899808714998315,0.83365285,-0.16634714603424072,35.816044796704524,34.816044796704524,7.7914248,6.791424751281738,26.86702,25.867019653320312
6.0,10.317981863166073,4.317981863166073,18.000334423504672,12.000334423504672,16.62463,10.624629974365234,43.799997478087036,37.799997478087036,16.431257,10.431257247924805,44.859592,38.85959243774414
3.0,3.481999825521778,0.4819998255217781,3.9838656384282882,0.9838656384282882,4.476493,1.4764928817749023,24.035538241467595,21.035538241467595,4.318887,1.3188872337341309,13.089228,10.089227676391602
32.0,38.981419299268,6.981419299267998,47.019770971702144,15.019770971702144,38.56243,6.562431335449219,43.20972102317426,11.20972102317426,31.463654,-0.536346435546875,66.15699,34.15699005126953
57.0,43.04284457389349,-13.95715542610651,47.98677831686765,-9.01322168313235,44.355774,-12.64422607421875,41.71221702317036,-15.28778297682964,33.89013,-23.10987091064453,59.683735,2.683734893798828
50.0,27.214848930847243,-22.785151069152757,28.624326671083075,-21.375673328916925,15.621384,-34.37861633300781,26.428793199569878,-23.571206800430122,18.524591,-31.47540855407715,76.22163,26.22162628173828
19.0,22.422196226975633,3.4221962269756325,24.519307823767626,5.519307823767626,24.609343,5.609342575073242,18.728271160733808,-0.27172883926619207,13.252116,-5.7478837966918945,33.330944,14.330944061279297
107.0,81.32977261006559,-25.67022738993441,73.08060625343207,-33.919393746567934,79.37309,-27.626907348632812,46.04635863952523,-60.95364136047477,34.618202,-72.38179779052734,64.78794,-42.212059020996094
3.0,26.509095201803238,23.509095201803238,25.55594090707738,22.55594090707738,36.65893,33.658931732177734,21.50813691992351,18.50813691992351,8.777073,5.777072906494141,22.515888,19.515888214111328
85.0,57.987132140061924,-27.012867859938076,43.44354778942964,-41.55645221057036,64.83019,-20.16980743408203,59.3622872493884,-25.6377127506116,24.335373,-60.66462707519531,62.102413,-22.897586822509766
55.0,54.62357772792261,-0.37642227207739154,50.07576075433986,-4.924239245660139,49.685886,-5.314113616943359,54.9363565261084,-0.0636434738916023,54.42451,-0.5754890441894531,76.57548,21.575477600097656
14.0,13.654631844743706,-0.3453681552562937,12.784555104916668,-1.2154448950833316,14.179615,0.17961502075195312,18.723190268314795,4.723190268314795,9.867508,-4.1324920654296875,20.73539,6.735389709472656
46.0,46.753967116400766,0.7539671164007657,53.894602119582956,7.894602119582956,52.429432,6.429431915283203,57.682674619134836,11.682674619134836,56.43904,10.439041137695312,100.549934,54.54993438720703
25.0,19.8103809554474,-5.1896190445526,13.248011913627275,-11.751988086372725,21.015186,-3.984813690185547,34.23803745302163,9.238037453021633,11.417488,-13.582511901855469,22.14225,-2.8577499389648438
13.0,21.916299603174604,8.916299603174604,19.107345643302903,6.107345643302903,6.5608263,-6.439173698425293,29.08271040930994,16.08271040930994,18.157131,5.157131195068359,53.131847,40.1318473815918
99.0,91.93224176338892,-7.067758236611084,111.75962426637285,12.759624266372853,105.02509,6.025093078613281,43.32587979906636,-55.67412020093364,34.520813,-64.47918701171875,80.365715,-18.63428497314453
72.0,46.41987848206555,-25.58012151793445,38.73166923124399,-33.26833076875601,42.035065,-29.964935302734375,63.43574760930937,-8.564252390690633,61.19861,-10.8013916015625,104.490135,32.490135192871094
11.0,11.651922683079864,0.6519226830798637,7.428741343094223,-3.571258656905777,8.376356,-2.6236438751220703,27.20562490640771,16.20562490640771,7.8586903,-3.1413097381591797,20.547176,9.547176361083984
16.0,8.562464789554976,-7.437535210445024,8.472863279777261,-7.527136720222739,9.888716,-6.111284255981445,12.930795242360844,-3.069204757639156,5.998615,-10.00138521194458,12.442324,-3.557676315307617
45.0,47.37990912875749,2.3799091287574896,57.31643580642772,12.31643580642772,60.31118,15.311180114746094,56.809101520498515,11.809101520498515,51.703766,6.703765869140625,93.56909,48.569091796875
59.0,55.317477197592645,-3.6825228024073553,56.525908302449196,-2.4740916975508043,57.933353,-1.0666465759277344,34.86419917483469,-24.135800825165312,32.966415,-26.033584594726562,55.8344,-3.165599822998047
2.0,18.648353912520687,16.648353912520687,18.847434393367777,16.847434393367777,12.774129,10.774128913879395,50.153563622552,48.153563622552,27.528938,25.52893829345703,37.633923,35.6339225769043
52.0,50.19530764563958,-1.8046923543604194,49.041504690882206,-2.9584953091177937,51.25994,-0.7400588989257812,51.821570447877335,-0.1784295521226653,42.90236,-9.097640991210938,81.16128,29.161277770996094
1.0,9.290089806536443,8.290089806536443,10.541883467920863,9.541883467920863,16.195087,15.195087432861328,42.51210318562099,41.51210318562099,8.435209,7.435209274291992,34.277065,33.27706527709961
12.0,39.17690202761515,27.17690202761515,41.27499764288318,29.27499764288318,41.278286,29.27828598022461,38.62533915564036,26.62533915564036,29.886627,17.886627197265625,78.490944,66.4909439086914
147.0,136.29076785714287,-10.709232142857132,139.02685227342198,-7.97314772657802,137.11066,-9.88934326171875,64.83674942470415,-82.16325057529585,62.771454,-84.22854614257812,125.67662,-21.323379516601562
13.0,46.843810257462074,33.843810257462074,45.77314389323241,32.77314389323241,45.927113,32.9271125793457,42.259504237102604,29.259504237102604,42.48061,29.480609893798828,80.174995,67.17499542236328
12.0,8.888761661550179,-3.1112383384498212,9.244046399955417,-2.755953600044583,10.132294,-1.867706298828125,21.92666151178746,9.926661511787461,8.278518,-3.721482276916504,21.268074,9.268074035644531
2.0,7.481615930217626,5.481615930217626,0.7525260922047188,-1.2474739077952812,9.266381,7.26638126373291,28.789738975800987,26.789738975800987,18.853846,16.853845596313477,49.971825,47.971824645996094
15.0,13.170333708230253,-1.8296662917697475,8.65309319232709,-6.3469068076729105,8.238283,-6.761716842651367,24.81619684718061,9.81619684718061,11.083607,-3.916393280029297,23.90348,8.903480529785156
0.0,0.1825,0.1825,2.9000170107986376,2.9000170107986376,2.6155875,2.6155874729156494,-3.5538328847635015,-3.5538328847635015,-0.1263771,-0.12637710571289062,0.21770883,0.21770882606506348
19.0,39.349722790117376,20.349722790117376,44.43845969979251,25.43845969979251,42.25567,23.25566864013672,43.20569330476722,24.205693304767223,33.20066,14.200660705566406,82.08812,63.08811950683594
11.0,10.460638323686414,-0.539361676313586,8.752171741525022,-2.2478282584749785,8.42869,-2.571310043334961,22.779144178752414,11.779144178752414,15.915009,4.915008544921875,54.75301,43.75300979614258
75.0,43.542753868452465,-31.457246131547535,45.66635292073081,-29.33364707926919,48.20374,-26.796260833740234,39.299869753565055,-35.700130246434945,34.03108,-40.96892166137695,62.060772,-12.939228057861328
103.0,37.345322439133554,-65.65467756086645,36.38438132818579,-66.61561867181422,33.412254,-69.5877456665039,44.16530935938364,-58.83469064061636,34.466797,-68.533203125,84.668724,-18.331275939941406
20.0,46.503905305497376,26.503905305497376,41.81930377467197,21.819303774671972,57.422928,37.42292785644531,40.74782597426799,20.74782597426799,34.734615,14.734615325927734,85.53445,65.5344467163086
0.0,0.0,0.0,-3.9641079550600273,-3.9641079550600273,-1.3409706,-1.3409706354141235,5.920384781600454,5.920384781600454,0.010494947,0.01049494743347168,0.2172234,0.2172234058380127
2.0,16.944233716273658,14.944233716273658,11.661529118315748,9.661529118315748,16.34259,14.34259033203125,27.017562046807637,25.017562046807637,14.293749,12.29374885559082,27.468098,25.468097686767578
23.0,54.22632753870964,31.22632753870964,50.81928267962075,27.81928267962075,47.098793,24.098793029785156,26.69841193053888,3.6984119305388816,20.882963,-2.117036819458008,40.225193,17.22519302368164
28.0,29.61704426503306,1.6170442650330585,27.29789097707493,-0.7021090229250717,29.862627,1.8626270294189453,26.40996185543308,-1.5900381445669183,22.099094,-5.900905609130859,41.47678,13.47677993774414
103.0,67.04205324925985,-35.95794675074015,56.98077364827908,-46.01922635172092,65.0615,-37.938499450683594,45.07017106436102,-57.92982893563898,33.181297,-69.8187026977539,59.02783,-43.972171783447266
81.0,31.869604756344653,-49.13039524365534,24.404795158847943,-56.595204841152054,25.89296,-55.10704040527344,32.05634751428751,-48.94365248571249,23.450731,-57.54926872253418,59.862244,-21.13775634765625
0.0,5.5828454019116664,5.5828454019116664,-1.3424946372745934,-1.3424946372745934,-4.1348834,-4.134883403778076,9.152560680382745,9.152560680382745,-0.24230993,-0.24230992794036865,0.43742132,0.4374213218688965
5.0,4.209548734092289,-0.790451265907711,2.6645925148812935,-2.3354074851187065,3.184265,-1.815735101699829,40.64665150592902,35.64665150592902,7.488584,2.488584041595459,21.48815,16.488149642944336
87.0,76.34708977018661,-10.652910229813386,85.30882213360242,-1.691177866397581,73.60904,-13.390960693359375,16.16963694892983,-70.83036305107017,12.238686,-74.76131439208984,57.16197,-29.838031768798828
17.0,12.283241798356302,-4.716758201643698,6.282053841468799,-10.717946158531202,13.394027,-3.605973243713379,24.805444716393424,7.805444716393424,10.771993,-6.2280073165893555,25.922588,8.922588348388672
16.0,18.30805567474978,2.308055674749781,19.51317812739287,3.5131781273928695,16.077164,0.0771636962890625,27.78557087946854,11.78557087946854,12.263658,-3.736342430114746,23.295761,7.2957611083984375
13.0,15.654925415358452,2.654925415358452,14.224129467334123,1.224129467334123,16.174807,3.174806594848633,16.514555189384836,3.5145551893848364,10.347176,-2.6528244018554688,29.926283,16.92628288269043
33.0,37.16017731085447,4.160177310854472,32.383320884795545,-0.6166791152044553,32.92179,-0.07820892333984375,43.38164803967234,10.381648039672342,28.36316,-4.6368408203125,38.68166,5.681659698486328
54.0,55.70993186475483,1.7099318647548287,57.424312774502624,3.4243127745026243,54.833927,0.8339271545410156,60.52131130418479,6.521311304184792,59.98745,5.987449645996094,104.92295,50.922950744628906
3.0,3.695476506360805,0.695476506360805,2.0422193220477682,-0.9577806779522318,4.2425694,1.2425694465637207,24.256341183366498,21.256341183366498,12.229477,9.229476928710938,26.482647,23.482646942138672
81.0,43.673339562702665,-37.326660437297335,43.55851000775273,-37.44148999224727,38.82871,-42.17129135131836,64.8428157270632,-16.157184272936803,61.779587,-19.220413208007812,106.4202,25.420196533203125
7.0,11.409020816320476,4.409020816320476,16.966735327938128,9.966735327938128,13.753405,6.75340461730957,32.59773730811474,25.597737308114738,8.289284,1.2892837524414062,20.924147,13.92414665222168
2.0,40.046407098831025,38.046407098831025,34.00110828937418,32.00110828937418,50.877666,48.87766647338867,28.65339146599056,26.65339146599056,23.139725,21.139724731445312,58.278286,56.27828598022461
200.0,121.187929075707,-78.812070924293,123.67308337112756,-76.32691662887244,93.24917,-106.7508316040039,48.160398729587826,-151.83960127041217,44.76762,-155.23237991333008,111.78242,-88.21758270263672
18.0,15.307667573559463,-2.6923324264405366,16.177090030917608,-1.8229099690823922,14.399199,-3.600801467895508,28.23808508752868,10.238085087528681,20.63235,2.6323509216308594,55.0099,37.0098991394043
18.0,32.823256968549806,14.823256968549806,35.47548728404986,17.475487284049862,29.337297,11.337297439575195,33.854409599875005,15.854409599875005,25.24229,7.242290496826172,60.48943,42.48942947387695
10.0,9.250611895488591,-0.749388104511409,9.440510150833076,-0.5594898491669245,9.605889,-0.39411067962646484,23.241721679967224,13.241721679967224,10.035566,0.03556632995605469,29.80887,19.808870315551758
33.0,36.939495886166284,3.9394958861662843,39.329540331454986,6.329540331454986,36.998287,3.9982872009277344,29.783260776438254,-3.2167392235617456,19.402494,-13.597505569458008,37.708942,4.708942413330078
45.0,29.53418246041002,-15.465817539589981,40.077737166258835,-4.922262833741165,37.941074,-7.058925628662109,46.737153520350375,1.7371535203503754,29.894958,-15.10504150390625,43.498005,-1.5019950866699219
79.0,69.8401081942577,-9.159891805742305,79.30618542062149,0.3061854206214889,70.366325,-8.633674621582031,34.66630120427713,-44.33369879572287,29.785084,-49.21491622924805,57.62559,-21.374408721923828
36.0,35.81944666887453,-0.18055333112547345,27.379192707815257,-8.620807292184743,34.850887,-1.1491127014160156,58.818148204889305,22.818148204889305,27.83649,-8.163509368896484,55.20071,19.20071029663086
13.0,5.7892354095877705,-7.2107645904122295,5.758538453888632,-7.241461546111368,3.8681319,-9.131868124008179,20.619767564158035,7.619767564158035,3.2021928,-9.797807216644287,6.351082,-6.648918151855469
31.0,42.69849136086991,11.698491360869909,32.810590765097174,1.8105907650971744,31.719946,0.7199459075927734,39.99790269784467,8.997902697844673,36.246254,5.246253967285156,65.60036,34.60035705566406
59.0,56.35797671158426,-2.642023288415743,47.30874884247808,-11.691251157521918,50.213116,-8.786884307861328,34.98966073532819,-24.010339264671813,33.936943,-25.06305694580078,55.991226,-3.0087738037109375
16.0,4.017646975672758,-11.982353024327242,5.34671817421906,-10.65328182578094,4.2048726,-11.795127391815186,20.38980290167934,4.389802901679339,2.8604069,-13.139593124389648,5.937994,-10.062005996704102
33.0,28.105950478423516,-4.894049521576484,23.27458059827347,-9.72541940172653,22.151617,-10.848382949829102,35.63260441167631,2.6326044116763114,27.319233,-5.680767059326172,52.738544,19.738544464111328
5.0,15.519654052315712,10.519654052315712,11.458042915968983,6.458042915968983,9.579572,4.579571723937988,22.92749440359949,17.92749440359949,14.072033,9.072032928466797,66.884575,61.88457489013672
23.0,18.39534584859584,-4.604654151404159,23.877768093098002,0.8777680930980019,25.177765,2.177764892578125,20.6897804650214,-2.3102195349786,12.162762,-10.837238311767578,22.222553,-0.7774467468261719
27.0,34.02682228991998,7.026822289919977,31.904680104777533,4.904680104777533,39.231434,12.231433868408203,22.9935517011399,-4.0064482988601,16.839005,-10.160995483398438,30.91943,3.9194297790527344
114.0,75.49453418674445,-38.505465813255555,63.84971415432453,-50.15028584567547,81.01368,-32.98632049560547,50.63821262365946,-63.36178737634054,33.900627,-80.09937286376953,58.792473,-55.20752716064453
1.0,4.521815421582579,3.5218154215825788,5.364329731972372,4.364329731972372,5.3714046,4.371404647827148,36.37097055932345,35.37097055932345,5.519842,4.519842147827148,20.190931,19.19093132019043
21.0,18.650145083341812,-2.349854916658188,21.24483246665661,0.24483246665661085,20.371899,-0.6281013488769531,36.26855486501182,15.268554865011822,16.52479,-4.475210189819336,35.59126,14.591259002685547
18.0,18.970693965834396,0.9706939658343963,15.145443815836906,-2.854556184163094,16.112371,-1.8876285552978516,18.494601186783697,0.49460118678369724,16.060823,-1.9391765594482422,27.041904,9.04190444946289
50.0,56.77314558467599,6.773145584675987,44.79533754932917,-5.204662450670831,52.591278,2.591278076171875,61.358795492393156,11.358795492393156,59.327866,9.327865600585938,98.41465,48.414649963378906
132.0,99.85292979668077,-32.14707020331923,101.656760372476,-30.343239627524,117.02684,-14.973159790039062,45.298856363340455,-86.70114363665954,44.714966,-87.2850341796875,80.93258,-51.067420959472656
43.0,45.38891763622658,2.38891763622658,49.9538533548355,6.953853354835502,43.378937,0.378936767578125,52.81536230509779,9.815362305097793,36.942307,-6.0576934814453125,91.22726,48.227256774902344
31.0,42.83030750273653,11.830307502736531,30.040853051138487,-0.9591469488615125,41.414875,10.414875030517578,56.460142150395676,25.460142150395676,48.98876,17.98876190185547,83.78913,52.78913116455078
18.0,17.218428160659688,-0.7815718393403124,18.7748857451004,0.7748857451003985,19.626148,1.6261482238769531,28.95761209246499,10.957612092464991,13.233593,-4.766407012939453,22.664343,4.664342880249023
57.0,29.017752713676693,-27.982247286323307,36.12761074456798,-20.87238925543202,31.04227,-25.95772933959961,61.41520710386286,4.415207103862862,41.26361,-15.73638916015625,64.19745,7.19744873046875
58.0,54.41283159381287,-3.587168406187132,52.966515128682545,-5.033484871317455,59.283104,1.2831039428710938,48.696379700242076,-9.303620299757924,27.158653,-30.841346740722656,53.47019,-4.529811859130859
64.0,44.87956859237616,-19.12043140762384,42.637562665035375,-21.362437334964625,38.96059,-25.039409637451172,38.59300990058451,-25.406990099415488,13.873537,-50.12646293640137,41.418472,-22.581527709960938
6.0,42.76581253756137,36.76581253756137,34.90212058272992,28.90212058272992,44.356335,38.3563346862793,48.34207907290038,42.34207907290038,39.904133,33.90413284301758,93.17217,87.17217254638672
117.0,81.79391070994103,-35.20608929005897,83.10414872748498,-33.89585127251502,87.32599,-29.67401123046875,15.26999630454931,-101.73000369545069,11.597128,-105.40287208557129,47.774834,-69.22516632080078
19.0,35.166585779016415,16.166585779016415,31.92483551808138,12.92483551808138,33.00833,14.008331298828125,52.91175012882274,33.91175012882274,33.710583,14.710582733154297,68.86472,49.864723205566406
61.0,39.85185222365902,-21.148147776340977,42.43501591867646,-18.564984081323537,37.667286,-23.332714080810547,56.05111334596525,-4.948886654034752,28.660587,-32.339412689208984,52.07385,-8.926151275634766
12.0,24.30177251812462,12.301772518124618,27.389589276098608,15.389589276098608,12.752581,0.7525806427001953,55.6286580860197,43.6286580860197,30.144016,18.14401626586914,46.535007,34.53500747680664
48.0,45.52107811545521,-2.478921884544789,48.96946500028593,0.9694650002859291,38.71832,-9.281681060791016,31.76981952125835,-16.23018047874165,24.371708,-23.628292083740234,45.157436,-2.8425636291503906
47.0,46.53581957129173,-0.4641804287082678,45.071286318976675,-1.928713681023325,43.593674,-3.4063262939453125,43.75557289208884,-3.2444271079111573,27.067806,-19.932193756103516,47.99822,0.9982185363769531
29.0,29.99071191442646,0.9907119144264591,27.97604583741476,-1.023954162585241,31.143648,2.143648147583008,33.668179757953574,4.668179757953574,21.74478,-7.255220413208008,33.252926,4.252925872802734
56.0,53.752638989834416,-2.2473610101655837,51.70546716834837,-4.29453283165163,53.26778,-2.732219696044922,43.62834743806734,-12.371652561932663,37.573486,-18.426513671875,75.896576,19.896575927734375
19.0,18.46209186203489,-0.5379081379651112,17.03009546561323,-1.969904534386771,21.964539,2.96453857421875,50.74170078389052,31.741700783890522,30.596725,11.596725463867188,61.150013,42.1500129699707
48.0,45.34235000174604,-2.6576499982539588,49.55821513044433,1.5582151304443315,47.950794,-0.049205780029296875,42.555325206109444,-5.444674793890556,38.811867,-9.188133239746094,65.53551,17.535507202148438
64.0,54.69001388888891,-9.309986111111087,50.011395880056206,-13.988604119943794,46.33632,-17.663681030273438,25.967154271396133,-38.03284572860387,18.118113,-45.881887435913086,40.27831,-23.721691131591797
6.0,5.128856009627038,-0.8711439903729623,6.896195374989353,0.896195374989353,7.0614624,1.06146240234375,13.614478041400545,7.614478041400545,5.906349,-0.09365081787109375,12.999292,6.999292373657227
71.0,33.60339709423101,-37.39660290576899,29.243545671416122,-41.75645432858388,30.41854,-40.58146095275879,25.81620443749219,-45.18379556250781,23.380817,-47.61918258666992,60.162945,-10.837055206298828
6.0,7.0434109745026685,1.0434109745026685,7.3202100773933125,1.3202100773933125,6.5483394,0.5483393669128418,29.899579449244136,23.899579449244136,12.322601,6.322601318359375,38.463844,32.463844299316406
4.0,3.5795435234699924,-0.4204564765300076,6.920173281992433,2.920173281992433,6.462828,2.4628281593322754,12.622163530262714,8.622163530262714,5.8311267,1.8311266899108887,11.95998,7.959980010986328
91.0,78.25253835623745,-12.747461643762549,78.93894051946981,-12.06105948053019,80.15108,-10.848922729492188,38.26001356812769,-52.73998643187231,33.267628,-57.73237228393555,79.11585,-11.884147644042969
55.0,45.31648975209966,-9.683510247900337,42.76720135018481,-12.232798649815187,46.60617,-8.393829345703125,52.67391309683692,-2.3260869031630804,31.298626,-23.701374053955078,57.520847,2.5208473205566406
19.0,3.4755902611301766,-15.524409738869824,2.484861320595249,-16.51513867940475,6.0699143,-12.9300856590271,17.492524330576288,-1.5074756694237124,4.0336804,-14.966319561004639,10.592464,-8.407535552978516
11.0,13.498192460317453,2.498192460317453,6.124718836011915,-4.875281163988085,17.452412,6.452411651611328,28.74288174245908,17.74288174245908,9.4471655,-1.5528345108032227,40.809322,29.809322357177734
138.0,129.77698069985567,-8.22301930014433,135.7856638446056,-2.214336155394392,134.79547,-3.20452880859375,60.2854423474301,-77.71455765256991,57.605194,-80.39480590820312,113.51558,-24.484420776367188
17.0,60.31373855297476,43.31373855297476,64.80455128488356,47.80455128488356,64.893875,47.89387512207031,45.2623381138268,28.2623381138268,39.45353,22.453529357910156,66.03991,49.03990936279297
93.0,72.1231234897382,-20.876876510261795,86.60901149870924,-6.390988501290764,72.52638,-20.473617553710938,41.5476304258742,-51.4523695741258,35.445965,-57.55403518676758,63.702564,-29.297435760498047
41.0,15.346257943337584,-25.653742056662416,18.324124087951066,-22.675875912048934,16.900942,-24.099058151245117,35.34165655565238,-5.658343444347622,15.24852,-25.751480102539062,32.28073,-8.719268798828125
174.0,43.6317218897769,-130.36827811022312,51.16564560510873,-122.83435439489128,41.280502,-132.71949768066406,14.286505838365137,-159.71349416163486,12.01227,-161.98773002624512,42.85155,-131.1484489440918
49.0,48.178192734741806,-0.8218072652581938,46.052921352518425,-2.9470786474815753,44.89448,-4.105518341064453,44.52944016136328,-4.470559838636717,41.42814,-7.571861267089844,63.006428,14.006427764892578
21.0,17.70718800606791,-3.292811993932091,16.08751101443989,-4.91248898556011,15.859062,-5.140937805175781,25.7251298512807,4.725129851280698,12.787479,-8.212520599365234,26.566647,5.566646575927734
36.0,40.59718468615961,4.597184686159608,36.942311966428875,0.9423119664288748,37.18665,1.1866493225097656,33.92468643043798,-2.07531356956202,36.200947,0.20094680786132812,74.12461,38.124610900878906
35.0,32.48272205022721,-2.51727794977279,44.472461518218765,9.472461518218765,27.9753,-7.024700164794922,18.47950589599484,-16.52049410400516,10.472645,-24.527355194091797,38.89577,3.895771026611328
181.0,79.27299432517034,-101.72700567482966,83.40174052848681,-97.59825947151319,76.639046,-104.36095428466797,38.89027544667935,-142.10972455332066,31.261875,-149.7381248474121,88.31399,-92.6860122680664
78.0,19.700448795308468,-58.29955120469153,19.246578361969586,-58.75342163803042,13.741307,-64.25869274139404,30.655382416915263,-47.34461758308474,20.15018,-57.84981918334961,72.77503,-5.224967956542969
89.0,66.81513393795359,-22.18486606204641,69.34089397568782,-19.65910602431218,71.72288,-17.277122497558594,50.40866352340961,-38.59133647659039,46.531498,-42.468502044677734,70.59043,-18.409568786621094
88.0,15.73806546326554,-72.26193453673446,18.136591067979698,-69.8634089320203,11.085613,-76.91438674926758,10.567678663475434,-77.43232133652457,7.212927,-80.78707313537598,28.265223,-59.73477745056152
76.0,64.66611407702601,-11.333885922973991,65.40368083763974,-10.59631916236026,72.437515,-3.5624847412109375,50.17312512588407,-25.82687487411593,37.673286,-38.32671356201172,67.43249,-8.567512512207031
31.0,33.770064515936774,2.770064515936774,20.752706917485284,-10.247293082514716,25.691036,-5.308963775634766,35.24940996266865,4.249409962668651,26.14721,-4.852790832519531,50.09557,19.095569610595703
62.0,54.884665326940166,-7.115334673059834,57.406528374922274,-4.593471625077726,52.82189,-9.178108215332031,52.996386271180036,-9.003613728819964,28.862764,-33.13723564147949,59.036304,-2.963695526123047
75.0,65.88782322163615,-9.112176778363846,72.6188631654558,-2.3811368345441934,76.35964,1.3596420288085938,43.026375146359605,-31.973624853640395,38.435524,-36.564476013183594,65.55885,-9.441146850585938
40.0,15.309295021469708,-24.69070497853029,13.066338653008119,-26.933661346991883,14.263604,-25.736395835876465,35.04290707293926,-4.957092927060742,10.399098,-29.60090160369873,22.922117,-17.077882766723633
6.0,6.527914410715116,0.5279144107151161,1.1027567190017642,-4.897243280998236,4.077779,-1.9222211837768555,15.343323808311396,9.343323808311396,7.7894297,1.7894296646118164,23.301311,17.301311492919922
86.0,91.08705321067822,5.087053210678221,79.87792504676237,-6.122074953237629,89.9367,3.9366989135742188,26.37134360000165,-59.62865639999835,21.832115,-64.16788482666016,73.33594,-12.6640625
60.0,53.294208282948546,-6.705791717051454,57.30867353341494,-2.6913264665850605,53.621758,-6.378242492675781,33.631557604993596,-26.368442395006404,30.501728,-29.498271942138672,56.08286,-3.9171409606933594
67.0,10.075616758817567,-56.92438324118243,9.593260841278846,-57.40673915872115,5.4269094,-61.57309055328369,29.22271270360466,-37.77728729639534,10.011295,-56.988704681396484,35.12644,-31.87356185913086
9.0,18.444815406815405,9.444815406815405,11.046641368996305,2.0466413689963048,9.191726,0.1917257308959961,19.485270989132786,10.485270989132786,10.5788,1.5788002014160156,29.932766,20.93276596069336
4.0,6.546258407373573,2.546258407373573,2.1572502942769467,-1.8427497057230533,6.2663484,2.266348361968994,25.887496657371557,21.887496657371557,4.021837,0.021837234497070312,12.972349,8.972349166870117
8.0,5.342360115654812,-2.657639884345188,4.484399962405176,-3.515600037594824,5.5134993,-2.4865007400512695,13.545127267453026,5.545127267453026,3.4257255,-4.57427453994751,6.5036364,-1.496363639831543
11.0,12.882799623317169,1.8827996233171689,11.890252897092973,0.8902528970929726,16.888096,5.888095855712891,32.86320962696371,21.86320962696371,17.430714,6.430713653564453,65.27885,54.278846740722656
42.0,42.497620282550436,0.4976202825504359,35.867907860531204,-6.132092139468796,40.866245,-1.1337547302246094,46.18430180906656,4.184301809066561,26.811234,-15.188766479492188,34.101482,-7.898517608642578
145.0,141.56500793650784,-3.4349920634921602,158.2229063215712,13.222906321571202,146.02853,1.028533935546875,50.10216498970407,-94.89783501029592,56.020454,-88.97954559326172,112.43975,-32.56024932861328
10.0,15.145036112766212,5.145036112766212,24.748262846788098,14.748262846788098,14.861735,4.8617353439331055,27.81470253425384,17.81470253425384,11.855294,1.8552942276000977,22.07045,12.070449829101562
101.0,60.25524260504312,-40.74475739495688,47.94926291995608,-53.05073708004392,55.813175,-45.186824798583984,43.895174064666875,-57.104825935333125,30.902538,-70.09746170043945,53.484264,-47.5157356262207
2.0,7.95711236674252,5.95711236674252,11.821888248628209,9.821888248628209,8.95517,6.955169677734375,27.970346853703504,25.970346853703504,9.061891,7.061890602111816,23.876186,21.87618637084961
7.0,15.124620548086211,8.124620548086211,23.278513919780814,16.278513919780814,11.9887495,4.9887495040893555,34.33472920733358,27.33472920733358,15.415297,8.41529655456543,42.523872,35.52387237548828
40.0,26.776312284015713,-13.223687715984287,30.496414863389028,-9.503585136610972,27.32018,-12.679819107055664,63.71343094986736,23.71343094986736,38.702583,-1.2974166870117188,64.46277,24.4627685546875
93.0,83.75299376701516,-9.247006232984845,89.85960613615697,-3.1403938638430304,94.43007,1.4300689697265625,23.837760296712165,-69.16223970328784,14.414601,-78.58539867401123,61.87896,-31.12104034423828
14.0,16.06617953271461,2.06617953271461,19.300523291029,5.300523291028998,18.423143,4.42314338684082,37.3422798802862,23.3422798802862,15.629285,1.6292848587036133,36.84692,22.846920013427734
57.0,51.35861410627581,-5.641385893724191,52.69154200425703,-4.30845799574297,56.256958,-0.7430419921875,46.45043870709315,-10.549561292906851,30.391575,-26.60842514038086,51.761326,-5.238674163818359
161.0,101.89989811351242,-59.10010188648758,122.84933540600063,-38.150664593999366,124.23223,-36.76776885986328,44.0020211711543,-116.9979788288457,44.578297,-116.42170333862305,92.349434,-68.65056610107422
1.0,13.21524825326885,12.21524825326885,7.568963550986884,6.568963550986884,15.155231,14.155231475830078,26.486885694579897,25.486885694579897,11.437418,10.437417984008789,37.72182,36.72182083129883
24.0,20.426628248803507,-3.5733717511964933,15.043767939256737,-8.956232060743263,15.194118,-8.805882453918457,31.339282309898238,7.339282309898238,15.424834,-8.575165748596191,36.885563,12.885562896728516
25.0,30.028234231179784,5.028234231179784,26.86216570621168,1.8621657062116803,28.524368,3.5243682861328125,22.261449308295116,-2.7385506917048836,19.961597,-5.038402557373047,33.08562,8.085620880126953
12.0,16.19819459436728,4.19819459436728,12.63710784034258,0.6371078403425798,19.59628,7.596279144287109,36.66378621419046,24.66378621419046,18.5647,6.564699172973633,52.412777,40.412776947021484
17.0,22.330607531282244,5.330607531282244,25.153988327459388,8.153988327459388,22.595963,5.5959625244140625,25.416317457113934,8.416317457113934,14.037346,-2.9626541137695312,29.950567,12.950567245483398
15.0,18.055426722138108,3.055426722138108,12.54367901423399,-2.456320985766011,17.984339,2.9843387603759766,32.24240819088883,17.24240819088883,15.056605,0.05660533905029297,26.464983,11.464982986450195
0.0,4.946882710588186,4.946882710588186,8.487655585886017,8.487655585886017,8.791504,8.79150390625,30.22658783619862,30.22658783619862,16.538029,16.538028717041016,57.19521,57.19520950317383
68.0,44.09456107208388,-23.905438927916123,47.55591557994532,-20.44408442005468,44.840816,-23.159183502197266,51.31498730694702,-16.685012693052983,33.56209,-34.43790817260742,67.79716,-0.20284271240234375
16.0,42.52378709569887,26.52378709569887,46.46212909683967,30.462129096839668,37.970314,21.970314025878906,38.221026550393304,22.221026550393304,27.708412,11.708412170410156,80.44272,64.44271850585938
16.0,25.84923459949904,9.849234599499042,27.072703545974917,11.072703545974917,28.734867,12.734867095947266,35.74766098154945,19.74766098154945,24.813038,8.813037872314453,57.635532,41.63553237915039
38.0,33.21180115944707,-4.78819884055293,31.62469741924388,-6.37530258075612,35.419422,-2.580577850341797,41.96858324052519,3.9685832405251915,23.255325,-14.744674682617188,31.422997,-6.577003479003906
69.0,41.37046796454882,-27.629532035451177,49.35028906185188,-19.649710938148118,22.542528,-46.45747184753418,52.61107990341653,-16.38892009658347,33.459785,-35.54021453857422,68.65332,-0.3466796875
73.0,63.59912675012053,-9.400873249879467,68.99050707432784,-4.009492925672163,66.164024,-6.835975646972656,65.88324774455107,-7.1167522554489295,69.326035,-3.6739654541015625,128.10669,55.106689453125
89.0,44.15008471894472,-44.84991528105528,45.506073259913705,-43.493926740086295,41.89793,-47.10206985473633,38.40282956925816,-50.59717043074184,30.363922,-58.636077880859375,81.57638,-7.423622131347656
71.0,57.47206719979089,-13.527932800209108,51.21459311364262,-19.78540688635738,54.779716,-16.22028350830078,51.15691780613088,-19.843082193869122,44.470005,-26.52999496459961,86.21816,15.218162536621094
3.0,2.5684924926648445,-0.4315075073351555,2.706355317590636,-0.29364468240936414,5.8406806,2.8406805992126465,5.067264422325781,2.0672644223257812,3.8008285,0.8008284568786621,10.762667,7.762666702270508
70.0,53.592886528369306,-16.407113471630694,49.29819127548103,-20.70180872451897,54.338367,-15.661632537841797,37.15118979842471,-32.84881020157529,30.835411,-39.164588928222656,58.07736,-11.92264175415039
38.0,34.03818836516293,-3.961811634837069,39.73810439700673,1.7381043970067296,53.789486,15.789485931396484,34.01841245858278,-3.9815875414172197,28.53254,-9.467460632324219,60.806976,22.806976318359375
80.0,67.18029707792206,-12.819702922077937,80.39581849285732,0.3958184928573161,79.326294,-0.6737060546875,55.09607125176216,-24.90392874823784,43.45266,-36.547340393066406,100.897606,20.897605895996094
42.0,78.0003982515912,36.00039825159121,78.20261458287446,36.20261458287446,79.38559,37.385589599609375,57.38392877771842,15.383928777718417,56.521324,14.521324157714844,87.13784,45.137840270996094
16.0,20.216822013103517,4.216822013103517,16.480328693465992,0.4803286934659923,16.805613,0.8056125640869141,26.33264981009338,10.332649810093379,18.606728,2.6067276000976562,57.023586,41.02358627319336
9.0,23.168780253973114,14.168780253973114,14.935098306071923,5.935098306071923,12.493284,3.493284225463867,42.649064045915836,33.649064045915836,18.56311,9.5631103515625,52.67879,43.67879104614258
7.0,5.856439079640974,-1.1435609203590262,2.731816358337286,-4.268183641662715,4.50617,-2.4938302040100098,41.825386302208386,34.825386302208386,5.6062593,-1.3937406539916992,23.130186,16.130186080932617
117.0,82.61003851109204,-34.38996148890796,57.766420594296115,-59.233579405703885,78.104126,-38.8958740234375,52.05385801453692,-64.94614198546307,45.58716,-71.412841796875,96.96292,-20.037078857421875
33.0,30.663644538702684,-2.336355461297316,26.63346891517134,-6.366531084828662,26.371155,-6.62884521484375,34.3929611010815,1.3929611010814966,35.781544,2.781543731689453,74.63763,41.63762664794922
19.0,24.015041666666658,5.015041666666658,27.72698427157231,8.72698427157231,25.356733,6.356733322143555,41.55572450802182,22.555724508021818,18.996557,-0.0034427642822265625,52.933834,33.933834075927734
13.0,30.500617967013063,17.500617967013063,34.862110054961846,21.862110054961846,31.835114,18.835113525390625,37.349559287189756,24.349559287189756,24.65564,11.6556396484375,78.50882,65.50881958007812
5.0,37.11968206899493,32.11968206899493,37.06310846381269,32.06310846381269,33.73899,28.738990783691406,37.41076288045934,32.41076288045934,29.52852,24.528520584106445,67.8585,62.858497619628906
5.0,30.553842911014826,25.553842911014826,18.293761821816016,13.293761821816016,30.677048,25.677047729492188,39.789615804873115,34.789615804873115,26.739689,21.739688873291016,55.91322,50.9132194519043
20.0,10.08497799528323,-9.91502200471677,12.569843283141514,-7.430156716858486,14.869677,-5.13032341003418,6.7544794781766235,-13.245520521823376,4.7038345,-15.296165466308594,18.551796,-1.4482040405273438
83.0,63.83080736437415,-19.169192635625848,74.15018860064947,-8.849811399350529,74.74153,-8.258468627929688,58.03928265625172,-24.96071734374828,23.674717,-59.32528305053711,61.83636,-21.163639068603516
66.0,10.72118997631347,-55.27881002368653,11.38204484226029,-54.61795515773971,14.673112,-51.32688808441162,24.810322921368176,-41.189677078631824,8.237919,-57.762081146240234,21.660816,-44.33918380737305
29.0,33.064065471871864,4.064065471871864,32.966364146427836,3.9663641464278356,32.5762,3.5761985778808594,42.89612845209879,13.896128452098793,25.503355,-3.496644973754883,34.10298,5.1029815673828125
35.0,43.439050994428115,8.439050994428115,43.35752378389157,8.357523783891573,37.8675,2.8675003051757812,26.330415744659177,-8.669584255340823,20.663168,-14.336832046508789,42.996876,7.996875762939453
21.0,33.997208134765756,12.997208134765756,27.497034832017277,6.4970348320172775,27.152996,6.152996063232422,21.18344345621733,0.18344345621732927,18.260246,-2.7397537231445312,40.851562,19.8515625
0.0,6.464136639078029,6.464136639078029,7.128480513325175,7.128480513325175,11.17912,11.179120063781738,12.299297913913612,12.299297913913612,7.696219,7.696218967437744,20.459091,20.459091186523438
7.0,20.931893767532152,13.931893767532152,19.376002078124806,12.376002078124806,13.127933,6.127932548522949,34.595497816117,27.595497816117003,23.904858,16.904857635498047,69.36001,62.360008239746094
6.0,21.640001040329377,15.640001040329377,32.89530975173777,26.89530975173777,21.388588,15.388587951660156,35.5209600438216,29.520960043821603,19.036259,13.036258697509766,59.370167,53.37016677856445
71.0,53.251308262017,-17.748691737983002,58.61431756388829,-12.385682436111708,56.189693,-14.810306549072266,31.777084737370775,-39.22291526262923,29.82707,-41.172929763793945,68.260666,-2.7393341064453125
86.0,26.751653978401947,-59.24834602159805,41.467698730244805,-44.532301269755195,36.50041,-49.49959182739258,33.58493907808512,-52.41506092191488,17.923512,-68.07648849487305,56.74905,-29.25094985961914
49.0,46.721220745231264,-2.278779254768736,43.37110719423017,-5.62889280576983,49.087475,0.08747482299804688,49.77509445016042,0.7750944501604167,37.78511,-11.214889526367188,54.99055,5.990550994873047
11.0,25.929454117945337,14.929454117945337,26.82599210994463,15.825992109944629,28.970177,17.970176696777344,60.28174613627474,49.28174613627474,27.753998,16.753997802734375,52.03053,41.0305290222168
4.0,4.9564122571974965,0.9564122571974965,4.604303281648916,0.6043032816489156,6.002394,2.002394199371338,11.772354750904864,7.772354750904864,3.3835242,-0.6164758205413818,6.390319,2.3903188705444336
40.0,67.44288307165861,27.442883071658613,76.71918436324492,36.71918436324492,65.215096,25.21509552001953,48.57039640311718,8.57039640311718,42.888733,2.88873291015625,104.54731,64.54730987548828
15.0,22.749444638303558,7.749444638303558,22.491045893759146,7.491045893759146,24.516085,9.516084671020508,25.131524023894922,10.131524023894922,20.243946,5.243946075439453,40.519733,25.519733428955078
83.0,77.73002780990963,-5.269972190090371,82.97961310303596,-0.020386896964041057,91.24518,8.24517822265625,15.183851338942727,-67.81614866105727,14.361637,-68.63836288452148,61.932102,-21.06789779663086
94.0,80.75799260476707,-13.242007395232932,80.74824178878049,-13.25175821121951,75.73729,-18.262710571289062,60.097673038430415,-33.902326961569585,58.441185,-35.558815002441406,109.425285,15.425285339355469
65.0,49.4768959725151,-15.523104027484898,58.800089592456764,-6.199910407543236,59.402874,-5.597126007080078,56.94356724759032,-8.056432752409677,32.46281,-32.53718948364258,57.41775,-7.582248687744141
62.0,48.98903433752801,-13.010965662471989,39.44497618488956,-22.555023815110438,36.7756,-25.22439956665039,30.927840212118316,-31.072159787881684,20.791729,-41.20827102661133,49.811474,-12.188526153564453
56.0,46.03652987881312,-9.96347012118688,47.079766467760116,-8.920233532239884,46.41738,-9.582618713378906,51.14910214670982,-4.850897853290178,24.25895,-31.741050720214844,43.413723,-12.58627700805664
55.0,54.4383347775003,-0.5616652224996983,53.93571587000466,-1.0642841299953432,55.07321,0.073211669921875,52.21365985692444,-2.786340143075563,31.20351,-23.796489715576172,49.78552,-5.214481353759766
14.0,25.068381405556956,11.068381405556956,22.14609697625557,8.14609697625557,20.725645,6.725645065307617,41.94327630854587,27.94327630854587,38.02916,24.029159545898438,69.714455,55.714454650878906
20.0,56.98799506548497,36.98799506548497,52.85189690498771,32.85189690498771,60.46713,40.46712875366211,61.63590105514989,41.63590105514989,39.635178,19.635177612304688,65.24229,45.242286682128906
25.0,21.024379113649886,-3.9756208863501143,21.590940140954437,-3.4090598590455627,24.079096,-0.9209041595458984,38.72241279915421,13.722412799154213,20.789616,-4.210384368896484,29.93029,4.930290222167969
3.0,2.566361101505777,-0.4336388984942232,3.1827954530822438,0.18279545308224376,2.112965,-0.8870348930358887,15.62736953547386,12.62736953547386,3.0627737,0.0627737045288086,5.3284597,2.3284597396850586
11.0,29.26381040945466,18.26381040945466,29.52234886346445,18.52234886346445,33.731594,22.73159408569336,20.886562183340853,9.886562183340853,15.729341,4.729340553283691,59.809315,48.8093147277832
12.0,14.208121261180288,2.2081212611802883,12.227629023832414,0.22762902383241368,13.462377,1.462376594543457,34.090064410434785,22.090064410434785,11.137729,-0.8622713088989258,21.224903,9.224903106689453
26.0,36.84425893044923,10.844258930449229,35.697186720611555,9.697186720611555,36.820305,10.820304870605469,59.844922413353345,33.844922413353345,31.436981,5.436981201171875,57.66242,31.662418365478516
73.0,34.93840460214462,-38.06159539785538,30.205010515474914,-42.79498948452509,37.144077,-35.85592269897461,60.584377176135234,-12.415622823864766,38.638634,-34.361366271972656,64.398094,-8.601905822753906
23.0,37.924353610989336,14.924353610989336,32.61706813848281,9.617068138482807,33.9867,10.986698150634766,37.426910441670216,14.426910441670216,32.76456,9.76456069946289,45.15889,22.158889770507812
16.0,37.43108917673506,21.431089176735057,43.03849172836639,27.038491728366388,35.57949,19.579490661621094,21.680338956686484,5.680338956686484,17.15057,1.1505699157714844,48.780796,32.78079605102539
9.0,10.047579365079361,1.0475793650793612,13.30299696369691,4.302996963696909,8.778673,-0.2213268280029297,36.33949653562886,27.33949653562886,11.66676,2.6667604446411133,44.784824,35.78482437133789
141.0,123.32538564555315,-17.674614354446845,121.80931732854157,-19.190682671458433,133.43956,-7.5604400634765625,25.85437150985377,-115.14562849014624,22.164352,-118.83564758300781,78.37637,-62.623626708984375
15.0,11.625810932273389,-3.3741890677266113,9.711934711509187,-5.288065288490813,7.884062,-7.115938186645508,16.359035571854395,1.3590355718543954,4.618034,-10.38196611404419,10.470226,-4.529773712158203
23.0,21.246772402809714,-1.7532275971902855,26.101768060160765,3.101768060160765,26.035898,3.035898208618164,38.96884419340524,15.96884419340524,20.208603,-2.7913970947265625,28.157448,5.157447814941406
0.0,0.0,0.0,-2.1137216761330864,-2.1137216761330864,-0.77451867,-0.7745186686515808,11.2607394241546,11.2607394241546,-0.44056308,-0.4405630826950073,0.08404732,0.08404731750488281
10.0,48.97231315121411,38.97231315121411,39.991441561912374,29.991441561912374,53.834515,43.83451461791992,43.00767150172468,33.00767150172468,40.14035,30.140350341796875,61.117294,51.11729431152344
30.0,29.449327380952397,-0.550672619047603,33.89924528997722,3.899245289977223,25.930573,-4.069427490234375,12.02571976086804,-17.97428023913196,6.1323175,-23.867682456970215,20.184488,-9.815511703491211
24.0,17.32447416164713,-6.675525838352868,13.138386429414144,-10.861613570585856,18.495657,-5.504343032836914,27.139922521591565,3.139922521591565,13.07514,-10.924860000610352,28.291681,4.291681289672852
38.0,36.95283371537341,-1.0471662846265914,33.98019997665174,-4.01980002334826,31.828207,-6.171792984008789,43.449703030609015,5.449703030609015,23.300251,-14.699748992919922,33.133263,-4.866737365722656
0.0,16.952319464908566,16.952319464908566,-12.276251386253296,-12.276251386253296,10.287395,10.287394523620605,10.94343436016803,10.94343436016803,-0.19363475,-0.1936347484588623,-0.27786207,-0.2778620719909668
26.0,32.87648647803314,6.8764864780331365,37.186901428531726,11.186901428531726,32.646217,6.646217346191406,42.91524366807472,16.915243668074723,31.147678,5.147678375244141,81.30656,55.306556701660156
29.0,29.53111706349207,0.5311170634920686,26.259716719738204,-2.740283280261796,25.607853,-3.3921470642089844,11.706117020210012,-17.293882979789988,5.245338,-23.754662036895752,19.545748,-9.454252243041992
12.0,34.468770826496225,22.468770826496225,18.1388175871797,6.138817587179702,20.239895,8.23989486694336,34.15109039936343,22.151090399363433,25.417665,13.417665481567383,45.90984,33.90983963012695
4.0,2.8889637301835136,-1.1110362698164864,10.408686831470819,6.408686831470819,3.776186,-0.2238140106201172,28.133349814999896,24.133349814999896,5.990517,1.9905171394348145,24.986156,20.986156463623047
87.0,64.07551041473276,-22.92448958526724,62.21802049742548,-24.781979502574522,65.96084,-21.039161682128906,49.73594492622965,-37.26405507377035,46.35012,-40.649879455566406,69.69421,-17.30579376220703
9.0,9.34095307033758,0.34095307033758004,19.044156328030752,10.044156328030752,9.642906,0.6429061889648438,16.272761662766328,7.272761662766328,9.689891,0.6898908615112305,21.981483,12.981483459472656
24.0,28.895269536019534,4.8952695360195335,26.44556080969028,2.4455608096902814,28.74977,4.74976921081543,28.525657224148226,4.525657224148226,4.482502,-19.517498016357422,24.312092,0.3120918273925781
13.0,44.202829713251546,31.202829713251546,38.25152775921974,25.25152775921974,38.706165,25.706165313720703,46.803562197778966,33.803562197778966,34.343254,21.34325408935547,68.330025,55.33002471923828
109.0,62.35077911816386,-46.64922088183614,69.5736367640842,-39.4263632359158,73.03527,-35.96472930908203,46.88296212777659,-62.11703787222341,32.1127,-76.88729858398438,80.85789,-28.142112731933594
3.0,12.440242761338773,9.440242761338773,14.205527571844424,11.205527571844424,15.135182,12.13518238067627,36.33872116082767,33.33872116082767,23.351734,20.351734161376953,56.37923,53.37923049926758
69.0,50.402896656214764,-18.597103343785236,43.1235368524874,-25.876463147512602,47.372982,-21.627017974853516,49.94952311750774,-19.050476882492262,46.471573,-22.528427124023438,65.71977,-3.2802276611328125
31.0,38.8698472836416,7.869847283641597,41.720647234486655,10.720647234486655,41.51482,10.514820098876953,37.731824823026784,6.731824823026784,27.944483,-3.0555171966552734,72.307686,41.30768585205078
65.0,58.17030067281315,-6.829699327186852,61.90660540611861,-3.093394593881392,61.448547,-3.55145263671875,52.479671200111866,-12.520328799888134,40.16098,-24.839019775390625,66.064896,1.0648956298828125
12.0,12.628936607450418,0.6289366074504184,12.018468100608144,0.01846810060814441,13.014732,1.0147323608398438,16.801857388815492,4.801857388815492,13.156595,1.156595230102539,29.44047,17.44046974182129
16.0,27.251506722580125,11.251506722580125,26.814171136026168,10.814171136026168,20.890081,4.890081405639648,24.769976220710415,8.769976220710415,19.914486,3.9144859313964844,43.654392,27.65439224243164
0.0,5.776176775968067,5.776176775968067,-0.09622401121278541,-0.09622401121278541,-0.34500098,-0.3450009822845459,2.634120010978698,2.634120010978698,-0.18820488,-0.18820488452911377,0.82728577,0.8272857666015625
82.0,42.89613355983144,-39.10386644016856,36.54405601605036,-45.45594398394964,43.603973,-38.396026611328125,35.64166955057436,-46.35833044942564,29.843819,-52.15618133544922,79.25556,-2.7444381713867188
238.0,146.3280759448884,-91.67192405511159,147.40036699719084,-90.59963300280916,136.90294,-101.09706115722656,65.41569018721214,-172.58430981278786,72.36936,-165.6306381225586,137.75772,-100.24227905273438
31.0,24.15044403599068,-6.849555964009319,20.04722249221294,-10.952777507787061,23.32011,-7.679889678955078,56.37763775932856,25.377637759328557,28.688162,-2.311838150024414,55.52741,24.527408599853516
111.0,48.753477889605854,-62.246522110394146,65.83331233466022,-45.16668766533978,74.77818,-36.22181701660156,23.521593499327075,-87.47840650067292,18.628029,-92.3719711303711,55.285923,-55.71407699584961
14.0,16.06774556191455,2.067745561914549,15.504870619622334,1.5048706196223343,15.321636,1.3216361999511719,32.520142898516,18.520142898516,13.134167,-0.8658332824707031,37.42915,23.429149627685547
15.0,18.01119307081807,3.01119307081807,13.577755493768286,-1.4222445062317135,14.902544,-0.09745597839355469,19.688930113748285,4.688930113748285,10.230898,-4.769102096557617,22.36673,7.366729736328125
40.0,39.85791059148186,-0.14208940851813878,28.781671245553316,-11.218328754446684,29.447733,-10.552267074584961,32.765588290428575,-7.234411709571425,32.87698,-7.123020172119141,73.59931,33.59931182861328
48.0,57.13604485083554,9.136044850835539,63.27460502592173,15.27460502592173,58.184895,10.184894561767578,48.71664636336709,0.7166463633670901,24.615751,-23.384248733520508,59.662056,11.662055969238281
51.0,43.833821719013905,-7.166178280986095,38.750626783917774,-12.249373216082226,42.973904,-8.02609634399414,43.76538066635996,-7.23461933364004,41.22209,-9.777908325195312,62.602734,11.602733612060547
109.0,102.21586341074381,-6.7841365892561925,94.272510019957,-14.727489980043003,111.70443,2.7044296264648438,66.17423140798378,-42.82576859201622,63.13678,-45.86322021484375,110.50655,1.5065536499023438
47.0,44.40686325820206,-2.5931367417979416,52.05865507375379,5.0586550737537905,51.95619,4.956188201904297,54.75606535241229,7.756065352412293,49.962776,2.9627761840820312,99.688255,52.688255310058594
71.0,68.11122546897548,-2.8887745310245236,61.42947667939813,-9.570523320601872,67.927414,-3.0725860595703125,42.76604216284453,-28.233957837155472,17.123627,-53.876373291015625,47.41985,-23.580150604248047
27.0,26.705661418100473,-0.29433858189952744,29.500162667675937,2.500162667675937,27.631891,0.6318912506103516,32.303077937856685,5.303077937856685,21.912487,-5.087512969970703,45.696056,18.696056365966797
61.0,40.70892695924273,-20.29107304075727,48.89722573375591,-12.10277426624409,50.471207,-10.528793334960938,33.78708873320199,-27.21291126679801,27.67814,-33.32185935974121,51.648262,-9.351737976074219
51.0,56.811825680982146,5.811825680982146,55.85842632865875,4.8584263286587515,54.53758,3.537578582763672,51.89675948559699,0.8967594855969878,41.253212,-9.746788024902344,64.56037,13.560371398925781
51.0,42.56327036044584,-8.436729639554159,50.56535139583379,-0.4346486041662132,50.463657,-0.5363426208496094,49.84835199717422,-1.1516480028257803,21.892485,-29.107515335083008,39.118717,-11.881282806396484
8.0,22.723087175085357,14.723087175085357,12.754920358174893,4.754920358174893,15.494333,7.494333267211914,40.6185117656161,32.6185117656161,22.261227,14.261226654052734,48.43567,40.4356689453125
4.0,21.213332561209334,17.213332561209334,21.513080754726,17.513080754726,21.0638,17.063800811767578,35.81304053728746,31.813040537287463,23.729034,19.729034423828125,67.72879,63.728790283203125
22.0,54.62425063649376,32.62425063649376,50.7144534727984,28.714453472798397,46.35415,24.354148864746094,62.46358976341993,40.46358976341993,41.27672,19.276718139648438,65.88972,43.88971710205078
36.0,40.0280804809937,4.028080480993701,37.68378723092181,1.6837872309218085,37.13667,1.1366691589355469,31.598920515477896,-4.4010794845221035,24.030987,-11.969013214111328,45.051266,9.051265716552734
22.0,9.787933265142374,-12.212066734857626,13.813025452383068,-8.186974547616932,15.818804,-6.181196212768555,8.431023332458569,-13.568976667541431,4.8478804,-17.152119636535645,17.940475,-4.0595245361328125
74.0,76.18128900073334,2.1812890007333436,73.60637591411493,-0.39362408588506526,78.9093,4.9093017578125,60.89566386680911,-13.104336133190891,68.18151,-5.818489074707031,105.9249,31.924896240234375
12.0,8.232215169866276,-3.7677848301337242,5.092410537089011,-6.907589462910989,7.2731175,-4.726882457733154,28.16556922823999,16.16556922823999,3.9050655,-8.094934463500977,10.321169,-1.6788311004638672
72.0,78.03424984084214,6.034249840842136,111.8418017144342,39.8418017144342,82.2237,10.223701477050781,62.370483685061615,-9.629516314938385,68.29912,-3.7008819580078125,129.57799,57.57798767089844
67.0,37.93148740476697,-29.06851259523303,50.496797918603875,-16.503202081396125,46.142403,-20.85759735107422,45.51615764466317,-21.483842355336833,27.175009,-39.82499122619629,57.3094,-9.690601348876953
3.0,4.465257023105827,1.4652570231058268,3.4358638556464345,0.4358638556464345,3.6475868,0.6475868225097656,32.857851965038044,29.857851965038044,3.094006,0.09400606155395508,6.088825,3.088825225830078
73.0,18.063467741411856,-54.936532258588144,22.375481803698005,-50.62451819630199,27.956858,-45.043142318725586,18.04445444838597,-54.95554555161403,13.038158,-59.96184158325195,52.6878,-20.312198638916016
57.0,44.17629410241639,-12.823705897583608,44.27155737843034,-12.728442621569663,43.915176,-13.084823608398438,44.894252245942596,-12.105747754057404,36.960464,-20.039535522460938,56.38178,-0.6182212829589844
51.0,45.17594575429432,-5.824054245705682,53.85108981355385,2.8510898135538483,45.018906,-5.9810943603515625,42.50642707451312,-8.49357292548688,36.939873,-14.060127258300781,54.206097,3.206096649169922
132.0,132.97124206349207,0.9712420634920704,123.7559743071518,-8.244025692848197,127.964226,-4.035774230957031,58.63672014168502,-73.36327985831498,54.473076,-77.52692413330078,109.97001,-22.029991149902344
144.0,87.38242837695022,-56.617571623049784,81.686117745557,-62.313882254443,83.45691,-60.5430908203125,45.34750062144324,-98.65249937855677,35.88498,-108.11502075195312,78.97587,-65.02413177490234
78.0,59.162972471977,-18.837027528023,59.998576049222905,-18.001423950777095,58.971943,-19.028057098388672,41.97153318552032,-36.02846681447968,33.145077,-44.854923248291016,60.39028,-17.609718322753906
125.0,103.75190592872801,-21.248094071271993,101.76806399576377,-23.231936004236232,97.91755,-27.08245086669922,37.71606481889656,-87.28393518110343,37.542427,-87.45757293701172,90.951866,-34.048133850097656
117.0,71.25017470899832,-45.749825291001684,51.80088012893365,-65.19911987106636,72.96903,-44.030967712402344,51.7605455691055,-65.2394544308945,36.370415,-80.62958526611328,59.063953,-57.9360466003418
10.0,14.47019252018238,4.47019252018238,17.192261539748728,7.192261539748728,15.11752,5.117520332336426,31.10982303748964,21.10982303748964,27.404423,17.404422760009766,53.9612,43.96120071411133
9.0,36.17651490395105,27.176514903951052,34.23950914604193,25.239509146041932,48.614937,39.61493682861328,35.041438755569764,26.041438755569764,26.422165,17.422164916992188,79.14917,70.149169921875
123.0,85.81543458868607,-37.184565411313926,101.51352027396338,-21.48647972603662,87.514984,-35.485015869140625,28.263514244917225,-94.73648575508278,26.432701,-96.56729888916016,76.12743,-46.87256622314453
64.0,55.743744465752386,-8.256255534247614,69.82445020448658,5.824450204486581,57.55123,-6.448768615722656,32.38744210181116,-31.61255789818884,14.971266,-49.02873420715332,47.9474,-16.052600860595703
74.0,60.887049413299366,-13.112950586700634,69.45047541342328,-4.549524586576723,63.6212,-10.378799438476562,52.738586696763576,-21.261413303236424,37.78522,-36.214778900146484,65.12858,-8.871421813964844
67.0,85.6447186535585,18.6447186535585,78.06738960258328,11.067389602583276,79.15273,12.152732849121094,59.32767245612454,-7.672327543875461,69.39818,2.3981781005859375,124.595345,57.59534454345703
43.0,38.40886406583625,-4.591135934163752,38.37763773111134,-4.622362268888658,39.38229,-3.6177101135253906,27.815241894406313,-15.184758105593687,28.392977,-14.607023239135742,44.062077,1.0620765686035156
33.0,29.120474569803296,-3.879525430196704,31.49732873141577,-1.5026712685842298,33.419,0.41899871826171875,43.98994355605928,10.98994355605928,27.499737,-5.500263214111328,36.400433,3.400432586669922
89.0,12.591273456801405,-76.4087265431986,10.261730391033788,-78.7382696089662,5.089723,-83.91027688980103,34.35543104946183,-54.64456895053817,13.791376,-75.2086238861084,37.319798,-51.68020248413086
3.0,11.481860306085464,8.481860306085464,17.89386697010935,14.89386697010935,32.207027,29.207027435302734,23.27423603839231,20.27423603839231,8.01824,5.018239974975586,21.533375,18.533374786376953
34.0,28.211926207581644,-5.788073792418356,31.234329225467555,-2.7656707745324454,27.88987,-6.110130310058594,28.229506982122288,-5.770493017877712,16.937342,-17.062658309936523,31.528309,-2.471691131591797
0.0,9.88503174603175,9.88503174603175,-11.579906630076424,-11.579906630076424,-8.452147,-8.452146530151367,17.962417603168202,17.962417603168202,-0.07810664,-0.07810664176940918,-0.26582503,-0.2658250331878662
9.0,7.667207110647946,-1.3327928893520538,7.962561758855707,-1.0374382411442928,7.3592167,-1.6407833099365234,16.229800102600144,7.229800102600144,9.014023,0.0140228271484375,21.592379,12.592378616333008
16.0,18.39896011149688,2.39896011149688,17.441370373734117,1.4413703737341166,14.607977,-1.3920230865478516,35.63434049047338,19.634340490473377,14.432204,-1.567795753479004,24.132715,8.132715225219727
68.0,53.448574331979984,-14.551425668020016,60.995159637604736,-7.004840362395264,55.072624,-12.927375793457031,58.29064466954033,-9.709355330459672,52.55729,-15.442710876464844,87.31879,19.31878662109375
30.0,20.472476698301694,-9.527523301698306,29.691427632442757,-0.30857236755724315,33.430183,3.4301834106445312,66.56139547928835,36.56139547928835,28.683983,-1.3160171508789062,62.394234,32.39423370361328
45.0,60.18341283186935,15.183412831869347,55.85047230738719,10.850472307387193,58.93904,13.939041137695312,62.404667613700646,17.404667613700646,46.90104,1.9010391235351562,78.81017,33.81017303466797
39.0,36.79062694497133,-2.2093730550286708,33.107728670715396,-5.892271329284604,37.102215,-1.8977851867675781,27.6105682332448,-11.389431766755202,20.264118,-18.735881805419922,37.620747,-1.3792533874511719
42.0,35.00834020325945,-6.991659796740549,28.301016107972846,-13.698983892027154,33.160595,-8.839405059814453,46.53126701623991,4.531267016239909,23.700378,-18.29962158203125,40.678345,-1.3216552734375
16.0,14.16315464710127,-1.8368453528987292,12.257294637627153,-3.7427053623728472,16.661394,0.6613941192626953,33.67973738742256,17.679737387422563,8.646784,-7.353216171264648,19.495739,3.495738983154297
11.0,15.39228349126719,4.3922834912671895,14.656742304932594,3.6567423049325942,18.427011,7.427011489868164,44.82851329184075,33.82851329184075,25.465168,14.465167999267578,60.07101,49.07101058959961
48.0,40.83659523809523,-7.163404761904772,41.051405376798044,-6.948594623201956,40.089687,-7.910312652587891,19.230111491314275,-28.769888508685725,14.886893,-33.1131067276001,35.865,-12.134998321533203
29.0,45.34031068721532,16.34031068721532,45.46627429449889,16.466274294498888,45.31775,16.3177490234375,38.194262196017775,9.194262196017775,29.839828,0.8398284912109375,52.47061,23.470611572265625
12.0,12.344963845180127,0.3449638451801267,9.738764427495871,-2.2612355725041287,14.55229,2.5522899627685547,17.428421431632923,5.428421431632923,8.246741,-3.75325870513916,15.609152,3.609151840209961
18.0,30.265291736875273,12.265291736875273,21.14205526003781,3.142055260037811,24.419033,6.419033050537109,53.16989973309646,35.16989973309646,34.162384,16.162384033203125,68.228226,50.22822570800781
85.0,77.55658975078538,-7.443410249214622,77.95476559121524,-7.045234408784765,85.71849,0.7184906005859375,16.429222725928504,-68.5707772740715,14.418114,-70.5818862915039,60.523144,-24.476856231689453
27.0,38.28013057396254,11.280130573962538,28.445992412295364,1.4459924122953645,37.892563,10.892562866210938,48.02004892446992,21.02004892446992,54.933563,27.933563232421875,84.16043,57.160430908203125
39.0,33.40059153092335,-5.59940846907665,33.00779308486917,-5.992206915130829,28.430649,-10.569351196289062,49.9160473824593,10.916047382459297,30.211868,-8.788131713867188,55.36417,16.36417007446289
79.0,152.97861868686866,73.97861868686866,142.93585313706726,63.935853137067255,151.0468,72.04679870605469,54.76039557170861,-24.239604428291393,48.63582,-30.364181518554688,109.93251,30.932510375976562
21.0,19.596092860683086,-1.4039071393169138,19.09010501265693,-1.909894987343069,20.596838,-0.40316200256347656,26.75105428345062,5.751054283450621,14.849449,-6.150550842285156,27.46386,6.463859558105469
21.0,30.58548575766439,9.58548575766439,27.604674720055744,6.604674720055744,34.98479,13.984790802001953,46.295790855582865,25.295790855582865,31.60839,10.608390808105469,71.106834,50.106834411621094
8.0,22.88420676102682,14.884206761026821,4.8249593878840535,-3.1750406121159465,23.383465,15.383464813232422,30.88973071474,22.88973071474,19.114426,11.114425659179688,57.71747,49.71746826171875
61.0,36.6869296340168,-24.3130703659832,31.990138147038348,-29.009861852961652,34.62769,-26.372310638427734,43.208586612740405,-17.791413387259595,29.944185,-31.055814743041992,75.81218,14.812179565429688
95.0,75.86285676453967,-19.13714323546033,78.59382402876386,-16.406175971236138,70.93039,-24.069610595703125,18.605108963597758,-76.39489103640224,13.969156,-81.03084373474121,59.55775,-35.4422492980957
65.0,30.526505282885754,-34.47349471711425,33.03766628423101,-31.96233371576899,24.5072,-40.49279975891113,23.205618176267514,-41.794381823732486,20.014122,-44.985877990722656,52.994762,-12.005237579345703
106.0,35.4223355070355,-70.5776644929645,29.31768665976576,-76.68231334023424,37.65437,-68.34563064575195,38.816135726044095,-67.1838642739559,30.341846,-75.65815353393555,89.33485,-16.66515350341797
64.0,60.062201281356856,-3.937798718643144,63.32691898589907,-0.67308101410093,66.995834,2.9958343505859375,48.37702723885978,-15.622972761140218,42.324028,-21.67597198486328,72.55396,8.553962707519531
58.0,66.01155116612347,8.011551166123468,71.38638432456908,13.386384324569079,73.33027,15.330268859863281,55.57321605717546,-2.4267839428245424,43.16857,-14.831428527832031,77.15829,19.158287048339844
16.0,13.113636444699816,-2.886363555300184,12.043897239541241,-3.9561027604587586,13.02366,-2.9763402938842773,22.631982131299935,6.631982131299935,16.478825,0.4788246154785156,58.315605,42.31560516357422
18.0,42.68644046426532,24.686440464265317,35.15415866990424,17.15415866990424,48.647175,30.647174835205078,38.698661445814174,20.698661445814174,29.1393,11.139299392700195,77.42183,59.42182922363281
0.0,0.0,0.0,-1.2078548794322372,-1.2078548794322372,0.17560266,0.17560265958309174,15.356933933063914,15.356933933063914,-0.45073712,-0.4507371187210083,0.5454024,0.5454024076461792
9.0,13.959451169749876,4.959451169749876,11.891915581267687,2.8919155812676873,15.584349,6.584348678588867,30.977492957015333,21.977492957015333,26.121086,17.12108612060547,53.034573,44.03457260131836
102.0,66.43934305780424,-35.56065694219576,49.86930578867824,-52.13069421132176,52.082394,-49.917606353759766,38.68144831433928,-63.31855168566072,32.49762,-69.50238037109375,75.46169,-26.538307189941406
58.0,39.29479262423639,-18.705207375763607,51.3613962115134,-6.6386037884865985,53.28313,-4.716869354248047,14.287285885130018,-43.71271411486998,11.965825,-46.03417491912842,39.45577,-18.544231414794922
32.0,47.7110179657789,15.7110179657789,63.167709202566385,31.167709202566385,53.27482,21.274818420410156,35.29695669336376,3.296956693363761,36.75778,4.757778167724609,75.399956,43.39995574951172
13.0,20.680958543875168,7.6809585438751675,16.475235926582243,3.4752359265822435,16.197676,3.1976757049560547,34.354371651306195,21.354371651306195,24.575184,11.575183868408203,48.1105,35.11050033569336
6.0,6.346836914848141,0.34683691484814094,7.418814312244188,1.418814312244188,3.4880407,-2.5119593143463135,52.727378237276696,46.727378237276696,19.358864,13.358863830566406,56.07589,50.075889587402344
13.0,14.943171292164987,1.9431712921649869,5.5644404202256945,-7.4355595797743055,10.370829,-2.629171371459961,30.627254474655608,17.627254474655608,10.949205,-2.0507946014404297,23.56973,10.569730758666992
101.0,75.05074292538629,-25.949257074613712,73.14571627959103,-27.854283720408972,79.80569,-21.194313049316406,62.16638219226338,-38.83361780773662,61.934925,-39.0650749206543,111.630165,10.630165100097656
23.0,44.45225337829226,21.452253378292262,48.113991165379964,25.113991165379964,43.734913,20.734912872314453,52.391950456927454,29.391950456927454,34.00378,11.003780364990234,68.20908,45.209083557128906
51.0,48.702116236935005,-2.297883763064995,47.737070242746654,-3.262929757253346,54.533855,3.533855438232422,32.864803430864654,-18.135196569135346,32.65723,-18.342769622802734,52.46499,1.4649887084960938
65.0,24.59848593487827,-40.40151406512173,37.901388866164886,-27.098611133835114,35.461147,-29.53885269165039,50.07221923727242,-14.92778076272758,22.171387,-42.82861328125,54.614292,-10.38570785522461
8.0,5.85078501647614,-2.1492149835238603,2.4845793275746106,-5.515420672425389,4.721395,-3.2786049842834473,41.32673558927516,33.32673558927516,5.0681295,-2.931870460510254,16.437487,8.43748664855957
15.0,17.74177847745433,2.7417784774543286,17.666268416077962,2.666268416077962,15.803748,0.8037481307983398,33.283098249580014,18.283098249580014,29.424202,14.424201965332031,58.057537,43.05753707885742
79.0,55.581663137484476,-23.418336862515524,61.56990873139569,-17.430091268604308,56.409042,-22.590957641601562,22.792195712912886,-56.207804287087114,19.04847,-59.95153045654297,47.06783,-31.932170867919922
38.0,26.647801499133756,-11.352198500866244,37.956681482315936,-0.043318517684063806,34.022236,-3.977764129638672,62.998691870390154,24.998691870390154,42.338875,4.338874816894531,67.053246,29.053245544433594
37.0,43.57522360301891,6.575223603018912,40.93519584084094,3.93519584084094,41.762775,4.762775421142578,31.977986425642992,-5.022013574357008,31.849787,-5.150213241577148,81.492584,44.492584228515625
78.0,61.915033611187575,-16.084966388812425,37.75434469840713,-40.24565530159287,65.461464,-12.538536071777344,64.21631920666215,-13.783680793337851,62.21234,-15.78765869140625,110.11625,32.116249084472656
29.0,28.232229072735073,-0.7677709272649267,28.45751693724096,-0.5424830627590396,23.42057,-5.579429626464844,41.75786441504478,12.757864415044779,21.056913,-7.943086624145508,29.48471,0.484710693359375
31.0,31.92186536026559,0.9218653602655884,26.497946643192698,-4.502053356807302,33.036,2.035999298095703,31.978276984951265,0.9782769849512647,22.937954,-8.06204605102539,64.17718,33.17717742919922
104.0,55.39578728011402,-48.60421271988598,40.13023932578017,-63.86976067421983,37.4736,-66.52640151977539,63.74009924319333,-40.25990075680667,63.00402,-40.99597930908203,114.0199,10.0198974609375
84.0,42.019852618883114,-41.980147381116886,29.21287917660831,-54.78712082339169,37.71708,-46.282920837402344,36.58105194680607,-47.41894805319393,30.994036,-53.005964279174805,85.068275,1.0682754516601562
10.0,24.55622680097048,14.556226800970482,21.766411791530494,11.766411791530494,29.873928,19.87392807006836,50.38632035063529,40.38632035063529,30.428148,20.42814826965332,57.5893,47.589298248291016
40.0,44.99724058486663,4.997240584866631,46.51136543094125,6.511365430941247,51.246716,11.246715545654297,29.728043737179338,-10.271956262820662,24.18254,-15.817459106445312,45.05966,5.059661865234375
10.0,20.241342600093674,10.241342600093674,19.04203882119446,9.04203882119446,17.592218,7.592218399047852,32.086242610782,22.086242610782,20.665783,10.665782928466797,50.55901,40.55900955200195
143.0,142.70847601010095,-0.2915239898990478,148.14015241325347,5.140152413253475,148.13754,5.137542724609375,62.80971590969078,-80.19028409030922,59.524536,-83.4754638671875,118.46491,-24.53508758544922
10.0,25.442326991508384,15.442326991508384,33.35507514925566,23.35507514925566,25.403828,15.403827667236328,37.913698812756934,27.913698812756934,12.659581,2.659581184387207,41.702877,31.702877044677734
38.0,41.425557042166275,3.4255570421662753,45.354521326788564,7.354521326788564,46.96943,8.969429016113281,28.523827940452005,-9.476172059547995,22.916191,-15.083808898925781,45.070488,7.070487976074219
1.0,27.126182844219006,26.126182844219006,33.93159205257862,32.93159205257862,33.12094,32.120941162109375,52.2035852774258,51.2035852774258,33.680317,32.68031692504883,57.94534,56.94533920288086
39.0,46.318294378959735,7.318294378959735,43.50518957698936,4.505189576989359,44.65051,5.650508880615234,44.928138632747974,5.928138632747974,27.911499,-11.0885009765625,57.514706,18.514705657958984
5.0,10.14248572790518,5.14248572790518,11.918958652802011,6.9189586528020115,11.361861,6.361861228942871,20.93335991700198,15.93335991700198,10.832775,5.832775115966797,27.74371,22.743709564208984
3.0,40.09272114022765,37.09272114022765,33.12843941503947,30.128439415039473,35.827457,32.827457427978516,45.06882130749928,42.06882130749928,39.327026,36.3270263671875,63.966522,60.966522216796875
65.0,64.63192901514239,-0.36807098485761003,55.77456062225818,-9.225439377741822,60.354156,-4.645843505859375,59.05042486508181,-5.949575134918192,46.259937,-18.740062713623047,76.76293,11.762931823730469
84.0,84.98741269841271,0.9874126984127116,84.32758560686041,0.32758560686040994,79.789055,-4.210945129394531,62.142828048317824,-21.857171951682176,58.37217,-25.627830505371094,74.52687,-9.473129272460938
46.0,41.59970372911806,-4.400296270881938,47.9833124938862,1.9833124938862028,51.84059,5.8405914306640625,41.238501857589696,-4.761498142410304,38.126236,-7.8737640380859375,68.58308,22.58307647705078
14.0,10.863103321000331,-3.136896678999669,10.22739800899802,-3.772601991001981,9.934559,-4.065441131591797,21.193639944368265,7.193639944368265,10.354464,-3.645536422729492,25.112123,11.112123489379883
14.0,13.180723470985006,-0.8192765290149939,12.384487242669133,-1.6155127573308672,11.964399,-2.0356006622314453,23.933348910508784,9.933348910508784,16.824501,2.8245010375976562,58.904484,44.904483795166016
59.0,48.68398986965818,-10.316010130341823,43.27094010441872,-15.72905989558128,49.407333,-9.592666625976562,57.35600163596925,-1.6439983640307503,59.007423,0.00742340087890625,116.16871,57.16870880126953
5.0,9.876100747469023,4.876100747469023,8.590201364980878,3.590201364980878,3.800301,-1.1996989250183105,32.80074081376699,27.800740813766993,13.966583,8.966583251953125,41.202114,36.20211410522461
4.0,8.863336379346533,4.863336379346533,16.83551713358095,12.83551713358095,15.623379,11.62337875366211,29.899296529048037,25.899296529048037,6.1154127,2.115412712097168,19.062244,15.062244415283203
104.0,62.06292273468826,-41.93707726531174,57.278441805348365,-46.721558194651635,64.02665,-39.973350524902344,21.80130108122185,-82.19869891877815,15.887792,-88.11220836639404,55.83314,-48.1668586730957
41.0,26.50580349867219,-14.49419650132781,27.36711879447056,-13.63288120552944,28.117224,-12.882776260375977,17.65110984379249,-23.34889015620751,12.306757,-28.6932430267334,31.881468,-9.118532180786133
41.0,37.85091778469677,-3.149082215303231,43.001160130901695,2.0011601309016953,36.080944,-4.919055938720703,33.13180612214101,-7.868193877858992,24.354483,-16.645517349243164,46.774677,5.774677276611328
53.0,53.444409072616146,0.44440907261614626,57.30212042824708,4.302120428247079,61.34995,8.34994888305664,50.51008942852816,-2.489910571471839,31.661886,-21.33811378479004,59.664223,6.664222717285156
61.0,61.90542035536439,0.9054203553643916,61.68125576517879,0.6812557651787898,56.43314,-4.566860198974609,48.188608041222764,-12.811391958777236,46.938904,-14.06109619140625,84.54151,23.54151153564453
2.0,10.310874697789382,8.310874697789382,16.35338356296781,14.35338356296781,16.450756,14.450756072998047,22.29550528164407,20.29550528164407,7.0420876,5.042087554931641,17.67462,15.674619674682617
54.0,62.04045312881842,8.04045312881842,63.14620418493084,9.146204184930838,65.00043,11.00042724609375,43.383418473534675,-10.616581526465325,40.31144,-13.688560485839844,87.12387,33.123870849609375
31.0,32.09552548840047,1.0955254884004688,34.80910404544558,3.8091040454455793,29.620714,-1.3792858123779297,31.64013260256842,0.6401326025684213,6.056503,-24.94349718093872,21.962368,-9.03763198852539
41.0,39.58454122147828,-1.4154587785217174,38.54519743595906,-2.454802564040939,37.023144,-3.976856231689453,43.01549259048886,2.0154925904888614,27.661379,-13.338621139526367,44.451725,3.4517250061035156
74.0,63.101123148156184,-10.898876851843816,67.04025813910233,-6.959741860897665,71.094894,-2.9051055908203125,53.00389019965994,-20.996109800340058,39.882812,-34.1171875,76.62756,2.6275634765625
42.0,30.752102709593114,-11.247897290406886,25.828350535227912,-16.171649464772088,27.042755,-14.957244873046875,28.34109956219567,-13.65890043780433,17.303322,-24.696678161621094,34.750877,-7.249122619628906
29.0,28.510448107448095,-0.4895518925519049,29.66970574510071,0.6697057451007105,32.02398,3.0239791870117188,30.725698962556383,1.7256989625563826,5.3604956,-23.639504432678223,23.091228,-5.908771514892578
111.0,103.88312832040728,-7.11687167959272,105.02951430890366,-5.970485691096343,110.08064,-0.9193572998046875,33.38043616637636,-77.61956383362363,25.390617,-85.60938262939453,76.52753,-34.47247314453125
47.0,57.458608347804535,10.458608347804535,54.318877548773976,7.318877548773976,64.208786,17.208786010742188,47.92621200393148,0.9262120039314823,25.224522,-21.77547836303711,59.341106,12.341106414794922
11.0,8.816867477666642,-2.1831325223333575,5.970488311732642,-5.029511688267358,8.791846,-2.20815372467041,29.172491569827653,18.172491569827653,8.462021,-2.5379791259765625,21.323208,10.32320785522461
33.0,18.93991697432106,-14.060083025678939,28.421922419521103,-4.578077580478897,21.436296,-11.563703536987305,60.95417698045868,27.954176980458683,35.46142,2.4614181518554688,59.767944,26.7679443359375
105.0,71.52818731511232,-33.47181268488768,80.20355825859203,-24.796441741407975,85.96655,-19.033447265625,34.558254107705174,-70.44174589229482,22.857637,-82.14236259460449,70.07373,-34.92626953125
79.0,6.125774308936529,-72.87422569106347,4.46335295940388,-74.53664704059612,1.6068783,-77.39312171936035,9.337639015905019,-69.66236098409499,6.1565537,-72.84344625473022,21.552826,-57.447174072265625
33.0,41.220563860525246,8.220563860525246,39.843181915108865,6.843181915108865,36.75201,3.7520103454589844,39.98828188325813,6.988281883258132,40.388363,7.388362884521484,52.469616,19.469615936279297
23.0,25.817105158730154,2.817105158730154,22.942870292460434,-0.057129707539566255,28.887892,5.88789176940918,43.349279593616956,20.349279593616956,27.307379,4.307378768920898,68.03686,45.03685760498047
36.0,31.29718092192674,-4.7028190780732615,21.85454620384222,-14.145453796157781,14.652775,-21.347225189208984,42.11860319949853,6.11860319949853,24.867645,-11.132354736328125,43.29213,7.2921295166015625
2.0,4.149842166764116,2.149842166764116,4.865583938305746,2.865583938305746,5.413908,3.413908004760742,11.360145302604366,9.360145302604366,4.1394033,2.1394033432006836,9.059175,7.059174537658691
48.0,47.10609131607817,-0.8939086839218291,45.47062258150656,-2.5293774184934392,47.596783,-0.4032173156738281,49.382748982544115,1.3827489825441148,40.817406,-7.182594299316406,57.813087,9.813087463378906
70.0,65.04648604532146,-4.953513954678542,75.55486409676928,5.554864096769279,64.49538,-5.5046234130859375,49.59357269198735,-20.406427308012653,40.33551,-29.66448974609375,68.77576,-1.2242431640625
25.0,8.384016774212315,-16.615983225787687,11.11771136402698,-13.88228863597302,18.464712,-6.535287857055664,53.239289538298785,28.239289538298785,22.50811,-2.4918899536132812,55.601063,30.601062774658203
60.0,55.84551976293882,-4.154480237061179,62.21236079276242,2.212360792762418,59.691887,-0.30811309814453125,52.24926806534399,-7.7507319346560095,32.600624,-27.399375915527344,61.005466,1.0054664611816406
4.0,2.280022434944787,-1.719977565055213,3.095911467058628,-0.9040885329413721,4.5379767,0.5379767417907715,5.996380878213536,1.996380878213536,3.758749,-0.24125099182128906,9.900886,5.900885581970215
6.0,6.84810115170617,0.8481011517061701,6.429787461495599,0.4297874614955992,3.4399111,-2.560088872909546,20.777259454151206,14.777259454151206,13.381343,7.381342887878418,47.291805,41.291805267333984
1.0,21.2055600179513,20.2055600179513,34.8685500804,33.8685500804,28.296717,27.296716690063477,16.82981690014156,15.829816900141559,10.276093,9.276092529296875,30.37902,29.37902069091797
28.0,27.257664377289363,-0.7423356227106375,24.757518527687772,-3.242481472312228,24.877144,-3.1228561401367188,31.762677127063842,3.762677127063842,3.1476734,-24.85232663154602,24.090641,-3.9093589782714844
12.0,12.920736527741099,0.9207365277410986,5.705182886023683,-6.294817113976317,12.044338,0.044338226318359375,32.44289201274227,20.44289201274227,14.798214,2.7982139587402344,49.861256,37.86125564575195
31.0,38.86822947945338,7.868229479453383,56.135358266896034,25.135358266896034,49.746304,18.74630355834961,29.885636915468254,-1.114363084531746,26.298813,-4.7011871337890625,65.68575,34.685752868652344
81.0,25.03878870811798,-55.96121129188202,39.27674032423003,-41.72325967576997,48.925625,-32.07437515258789,22.171721504653277,-58.82827849534672,14.3726845,-66.62731552124023,60.789074,-20.210926055908203
4.0,9.884214287978105,5.884214287978105,9.570953778756035,5.570953778756035,13.81125,9.811249732971191,32.47369291568325,28.47369291568325,12.032418,8.032418251037598,30.042208,26.042207717895508
3.0,19.652268872324395,16.652268872324395,9.730860288635865,6.730860288635865,6.6749973,3.674997329711914,25.033207731864625,22.033207731864625,8.483758,5.483757972717285,38.27066,35.270660400390625
7.0,23.30280602619421,16.30280602619421,16.725304757407105,9.725304757407105,16.0737,9.073699951171875,58.71486197810613,51.71486197810613,25.593857,18.593856811523438,61.258015,54.25801467895508
12.0,18.96425758946056,6.9642575894605585,31.467989768475963,19.467989768475963,16.738964,4.738964080810547,55.283934432175556,43.283934432175556,30.53331,18.533309936523438,56.46181,44.46181106567383
13.0,13.715993717754216,0.7159937177542162,14.364452535351166,1.364452535351166,17.679836,4.679836273193359,15.339058236977994,2.339058236977994,8.713814,-4.286186218261719,27.585934,14.585933685302734
50.0,48.39446605973989,-1.6055339402601092,44.23983290201039,-5.7601670979896085,58.55879,8.558788299560547,43.32450943316742,-6.675490566832579,42.955696,-7.044303894042969,72.11207,22.11206817626953
0.0,18.241724459707473,18.241724459707473,0.9347257359258114,0.9347257359258114,-4.338868,-4.338868141174316,-0.932935215669751,-0.932935215669751,0.5689446,0.5689445734024048,-0.41590428,-0.41590428352355957
161.0,30.31996828881845,-130.68003171118156,11.338115697232963,-149.66188430276705,36.709747,-124.29025268554688,24.67878837057293,-136.32121162942707,14.712715,-146.28728485107422,76.50207,-84.49793243408203
30.0,36.66002408008657,6.660024080086572,25.39948211358427,-4.60051788641573,26.085732,-3.9142684936523438,43.838920065516284,13.838920065516284,17.898512,-12.10148811340332,28.176188,-1.823812484741211
74.0,44.46197615112932,-29.53802384887068,51.09490603480311,-22.90509396519689,52.5875,-21.412498474121094,40.118158587015515,-33.881841412984485,29.37078,-44.62921905517578,54.69235,-19.30765151977539
9.0,8.14341228546795,-0.8565877145320506,5.745265498604165,-3.254734501395835,9.695242,0.6952419281005859,22.714984060976526,13.714984060976526,10.0788145,1.0788145065307617,31.61381,22.61380958557129
10.0,28.912358530358524,18.912358530358524,15.897025691788118,5.897025691788118,40.92617,30.926170349121094,38.79068983062107,28.79068983062107,10.878489,0.8784885406494141,38.348183,28.348182678222656
8.0,19.07769339094027,11.077693390940269,17.87756078477938,9.87756078477938,20.245121,12.245121002197266,53.51091776932658,45.51091776932658,29.10791,21.10791015625,53.382042,45.382041931152344
30.0,61.42696050750737,31.426960507507367,60.62085169715762,30.62085169715762,62.81354,32.813541412353516,67.18952258339108,37.18952258339108,70.147064,40.147064208984375,135.57993,105.57992553710938
45.0,55.18407491755173,10.184074917551733,51.70370183425781,6.7037018342578065,48.03586,3.035858154296875,50.45842781441874,5.458427814418741,42.83149,-2.1685104370117188,76.382774,31.382774353027344
58.0,51.07759430614754,-6.922405693852461,55.91797234420202,-2.0820276557979795,53.863346,-4.136653900146484,42.681672752675155,-15.318327247324845,38.65666,-19.343341827392578,69.566765,11.566764831542969
4.0,31.6460765814935,27.6460765814935,28.89640605838141,24.89640605838141,24.4303,20.430299758911133,27.26269077710085,23.26269077710085,23.970903,19.970903396606445,58.433144,54.433143615722656
8.0,9.328878032089976,1.3288780320899765,8.67523006355656,0.67523006355656,8.463795,0.4637947082519531,31.817083135409657,23.817083135409657,6.2658296,-1.7341704368591309,19.21864,11.218639373779297
27.0,49.099794908211386,22.099794908211386,46.614288429211996,19.614288429211996,51.481125,24.481124877929688,49.09028352538162,22.090283525381622,49.835106,22.835105895996094,67.7015,40.701499938964844
13.0,10.758955255978968,-2.241044744021032,8.204988870879577,-4.795011129120423,8.491032,-4.508968353271484,15.3613956901819,2.361395690181901,11.878858,-1.1211423873901367,25.40076,12.400760650634766
0.0,1.4427427376579538,1.4427427376579538,-3.983598863657587,-3.983598863657587,-4.2883043,-4.288304328918457,9.66012761145879,9.66012761145879,0.12173748,0.12173748016357422,-0.26568484,-0.2656848430633545
57.0,47.13326008457135,-9.866739915428653,45.66356703069564,-11.336432969304362,44.223774,-12.776226043701172,23.989950146837852,-33.010049853162144,18.989185,-38.01081466674805,41.26236,-15.737640380859375
52.0,51.539411954952904,-0.4605880450470963,52.4191275706817,0.41912757068170237,41.166622,-10.833377838134766,66.56808949701465,14.568089497014654,27.95351,-24.046489715576172,53.488323,1.4883232116699219
66.0,43.40237492590004,-22.59762507409996,44.75401776001947,-21.245982239980528,33.71211,-32.28789138793945,47.93875553871638,-18.06124446128362,34.3519,-31.648101806640625,65.87413,-0.1258697509765625
15.0,42.34191178672398,27.341911786723983,52.528789211859305,37.528789211859305,48.63296,33.63296127319336,42.798571307558106,27.798571307558106,30.368773,15.368772506713867,52.3104,37.31039810180664
14.0,17.902678331356995,3.902678331356995,8.272675098850259,-5.727324901149741,19.008432,5.008432388305664,33.31597489793712,19.315974897937117,15.122991,1.122990608215332,29.989613,15.989612579345703
37.0,46.99277054531163,9.992770545311629,36.55614130574734,-0.4438586942526612,29.65233,-7.34766960144043,38.1591109329069,1.1591109329068985,31.687252,-5.312747955322266,62.103188,25.103187561035156
14.0,65.22721960314753,51.22721960314753,59.46705598468113,45.46705598468113,79.88793,65.88793182373047,51.902308125243025,37.902308125243025,32.071507,18.07150650024414,55.39803,41.39802932739258
50.0,56.03324052423695,6.033240524236952,50.97592170377256,0.9759217037725634,54.2407,4.240699768066406,51.309788617962866,1.309788617962866,42.362236,-7.637763977050781,63.689278,13.689277648925781
5.0,4.0584943750413744,-0.9415056249586256,6.288637107654693,1.2886371076546927,9.195198,4.195198059082031,34.028355972639986,29.028355972639986,3.2077875,-1.7922124862670898,6.206214,1.2062139511108398
6.0,5.560574071977291,-0.4394259280227093,3.4529376692685525,-2.5470623307314475,-2.0385404,-8.038540363311768,50.7963269210111,44.7963269210111,22.613796,16.61379623413086,58.292248,52.2922477722168
95.0,73.18316713447912,-21.81683286552088,89.16991247914507,-5.830087520854931,77.235306,-17.764694213867188,42.290138261098754,-52.709861738901246,35.67983,-59.32017135620117,64.4218,-30.578201293945312
33.0,44.06019909101587,11.060199091015868,36.378348682985866,3.378348682985866,33.942093,0.9420928955078125,41.35846012485357,8.358460124853572,38.973686,5.973686218261719,70.57334,37.573341369628906
57.0,55.328572486615606,-1.671427513384394,51.90312281395498,-5.09687718604502,55.84002,-1.1599807739257812,44.11992214869952,-12.880077851300477,37.695137,-19.30486297607422,76.14736,19.147361755371094
1.0,4.133780553346058,3.1337805533460577,0.6931949056791618,-0.30680509432083825,3.0466623,2.0466623306274414,28.1601497543601,27.1601497543601,6.702974,5.70297384262085,22.77068,21.770679473876953
3.0,41.16577615857854,38.16577615857854,43.313106363775205,40.313106363775205,40.87932,37.87931823730469,34.83150832580665,31.831508325806652,30.827477,27.827476501464844,55.96863,52.968631744384766
14.0,26.650993584510594,12.650993584510594,47.59195245495358,33.59195245495358,31.33458,17.334579467773438,37.6105669453655,23.6105669453655,28.592745,14.592744827270508,88.642525,74.64252471923828
16.0,47.379875662322114,31.379875662322114,55.728343777440756,39.728343777440756,44.08375,28.083751678466797,52.9494751371891,36.9494751371891,49.54578,33.545780181884766,110.191055,94.19105529785156
32.0,40.194836228665984,8.194836228665984,32.88847127888618,0.888471278886179,34.13066,2.1306610107421875,45.20038755022541,13.200387550225408,19.587784,-12.412216186523438,28.658768,-3.3412322998046875
118.0,103.83538113275608,-14.164618867243917,88.51394794164804,-29.48605205835196,99.20739,-18.79261016845703,53.35560204886173,-64.64439795113827,47.08532,-70.91468048095703,96.77854,-21.221458435058594
21.0,14.634749001871212,-6.365250998128788,23.89944284735843,2.8994428473584293,19.17872,-1.821279525756836,34.05044691023292,13.050446910232921,10.230999,-10.769001007080078,21.547644,0.5476436614990234
16.0,39.21713035339922,23.21713035339922,29.458326935746086,13.458326935746086,39.091034,23.091033935546875,52.37803829029895,36.37803829029895,32.080383,16.08038330078125,69.928024,53.92802429199219
116.0,85.84154265604829,-30.15845734395171,93.92519786139296,-22.07480213860704,84.01661,-31.98339080810547,31.248321902878125,-84.75167809712187,33.304718,-82.69528198242188,79.6196,-36.380401611328125
14.0,9.21388787675466,-4.78611212324534,12.949010663697427,-1.0509893363025729,11.766667,-2.233332633972168,14.78310248610503,0.7831024861050295,6.595601,-7.4043989181518555,12.327181,-1.6728191375732422
59.0,40.70407891719039,-18.295921082809613,44.8641661665169,-14.135833833483098,38.916588,-20.083412170410156,43.21326336505021,-15.78673663494979,33.786003,-25.21399688720703,62.997807,3.9978065490722656
27.0,18.577667641499882,-8.422332358500118,16.278580327116703,-10.721419672883297,18.837887,-8.162113189697266,32.001953278699915,5.001953278699915,18.098463,-8.90153694152832,39.779266,12.779266357421875
49.0,56.05775395178496,7.05775395178496,69.36577660647582,20.36577660647582,55.338676,6.338676452636719,17.243248318827288,-31.756751681172712,11.290537,-37.709463119506836,44.177055,-4.822944641113281
63.0,62.49863913693288,-0.50136086306712,52.837438285283554,-10.162561714716446,41.913364,-21.08663558959961,62.416276846854245,-0.5837231531457547,63.291134,0.2911338806152344,115.511665,52.51166534423828
0.0,0.045,0.045,0.1489917469821322,0.1489917469821322,0.41726723,0.41726723313331604,1.9492709715198302,1.9492709715198302,-0.27026713,-0.270267128944397,0.20475578,0.2047557830810547
3.0,4.83207856047469,1.8320785604746899,4.895789474886193,1.8957894748861932,5.258642,2.2586421966552734,34.141081322651864,31.141081322651864,3.0707784,0.07077836990356445,5.9498367,2.9498367309570312
2.0,49.221379911410125,47.221379911410125,37.166656612102514,35.166656612102514,54.131096,52.13109588623047,47.23802965253968,45.23802965253968,39.68345,37.683448791503906,92.191734,90.19173431396484
145.0,114.76361716514944,-30.23638283485056,117.42239889782608,-27.577601102173915,131.91074,-13.089263916015625,37.2726378976001,-107.7273621023999,37.282528,-107.71747207641602,84.79159,-60.208412170410156
14.0,30.996049324507293,16.996049324507293,35.297404404365516,21.297404404365516,34.592873,20.592872619628906,59.4438943641279,45.4438943641279,35.690723,21.690723419189453,63.15277,49.15277099609375
8.0,3.4368654787931736,-4.563134521206827,4.088341514277493,-3.9116584857225067,3.9242318,-4.075768232345581,24.28947766330576,16.28947766330576,2.8092163,-5.190783739089966,6.0033407,-1.996659278869629
49.0,65.18601409850676,16.18601409850676,62.16801297077462,13.168012970774619,54.403877,5.403877258300781,47.29109913707322,-1.7089008629267823,30.040432,-18.95956802368164,50.92836,1.9283599853515625
9.0,8.744519664453948,-0.25548033554605176,10.137836215327326,1.1378362153273258,9.938628,0.9386281967163086,31.56402732739139,22.56402732739139,15.591335,6.591335296630859,59.719883,50.71988296508789
16.0,14.680101478550666,-1.3198985214493337,10.955113737122694,-5.044886262877306,13.982487,-2.0175132751464844,38.33103212359461,22.33103212359461,17.035286,1.0352859497070312,38.29892,22.298919677734375
47.0,46.78489849423519,-0.2151015057648067,46.349813390827165,-0.6501866091728346,43.250664,-3.7493362426757812,31.227744867873184,-15.772255132126816,32.471195,-14.528804779052734,47.580795,0.5807952880859375
26.0,28.009532399273148,2.009532399273148,25.748424192855026,-0.25157580714497385,31.694786,5.694786071777344,39.24664353937897,13.246643539378972,22.376572,-3.6234283447265625,31.432064,5.432064056396484
50.0,38.251332435415655,-11.748667564584345,32.305558158072344,-17.694441841927656,32.115475,-17.884525299072266,31.865901684729145,-18.134098315270855,20.693361,-29.306638717651367,38.955757,-11.044242858886719
8.0,9.273365039883823,1.2733650398838225,7.556499270997464,-0.4435007290025359,8.759703,0.7597026824951172,28.06937641450509,20.06937641450509,17.855377,9.855377197265625,78.05422,70.0542221069336
11.0,9.971272587495697,-1.0287274125043027,5.1739538073446845,-5.8260461926553155,5.626271,-5.373729228973389,23.044778476383144,12.044778476383144,10.187802,-0.8121976852416992,28.711958,17.711957931518555
4.0,20.595575983252537,16.595575983252537,14.897943906605475,10.897943906605475,7.4186425,3.418642520904541,43.995819784678176,39.995819784678176,25.739433,21.73943328857422,53.436184,49.43618392944336
32.0,38.01232808768117,6.012328087681169,36.188472103038684,4.188472103038684,36.176453,4.17645263671875,31.458930387157096,-0.5410696128429038,23.399769,-8.600231170654297,74.23884,42.23883819580078
22.0,16.23183955078062,-5.76816044921938,16.61040832705996,-5.389591672940039,18.52912,-3.4708805084228516,29.384126507985656,7.3841265079856555,14.686068,-7.313932418823242,36.255543,14.255542755126953
85.0,38.87295045016107,-46.12704954983893,43.93613475993229,-41.06386524006771,33.916954,-51.083045959472656,30.57646564732327,-54.423534352676725,29.365843,-55.63415718078613,49.547302,-35.45269775390625
59.0,61.33929119268283,2.339291192682829,76.88812985275248,17.888129852752485,79.51945,20.519447326660156,47.15786390585832,-11.84213609414168,46.097145,-12.902854919433594,75.50101,16.501007080078125
6.0,25.48203982820461,19.48203982820461,27.076740621949455,21.076740621949455,25.065058,19.0650577545166,28.91239688559311,22.91239688559311,26.250845,20.250844955444336,50.719814,44.71981430053711
50.0,57.880522909712035,7.880522909712035,62.71971279876933,12.71971279876933,81.89654,31.89653778076172,57.60445159760053,7.60445159760053,59.532707,9.532707214355469,84.56988,34.56987762451172
107.0,50.046415260353086,-56.953584739646914,49.264570230489156,-57.735429769510844,62.993126,-44.006874084472656,21.97221951820235,-85.02778048179765,15.797005,-91.20299530029297,47.5901,-59.4099006652832
3.0,18.388568720618807,15.388568720618807,1.7891363344386222,-1.2108636655613778,10.138239,7.138238906860352,11.308937494610326,8.308937494610326,7.87665,4.876649856567383,28.095802,25.095802307128906
1.0,14.811425921516875,13.811425921516875,12.856031937235196,11.856031937235196,7.984457,6.984457015991211,19.20344919261104,18.20344919261104,11.664124,10.66412353515625,32.006725,31.006725311279297
29.0,61.1551127316898,32.1551127316898,62.31707413941039,33.31707413941039,55.928974,26.928974151611328,45.03384708946662,16.03384708946662,36.591946,7.591945648193359,87.2628,58.26280212402344
21.0,17.901104708963707,-3.0988952910362926,15.538671526969237,-5.461328473030763,16.930374,-4.0696258544921875,35.60417199081866,14.604171990818656,10.959575,-10.040425300598145,21.590614,0.5906143188476562
38.0,30.609852598038987,-7.390147401961013,36.030821174250214,-1.9691788257497862,33.349476,-4.650524139404297,47.61363421233093,9.613634212330929,30.181128,-7.818872451782227,52.625614,14.625614166259766
197.0,130.64195140804657,-66.35804859195343,102.45837561620802,-94.54162438379198,94.76004,-102.23995971679688,47.354308121675395,-149.6456918783246,41.457916,-155.54208374023438,102.069466,-94.93053436279297
10.0,26.947482319256252,16.947482319256252,27.037786273568152,17.037786273568152,40.51574,30.51573944091797,23.5407810350505,13.5407810350505,11.265839,1.265838623046875,47.022167,37.02216720581055
68.0,46.000798138590454,-21.999201861409546,46.91190959878771,-21.08809040121229,44.38871,-23.611289978027344,42.3843073940231,-25.615692605976903,28.456638,-39.54336166381836,56.39224,-11.60776138305664
39.0,38.83340475604663,-0.1665952439533669,30.663911910461362,-8.336088089538638,32.647526,-6.352474212646484,54.0882655851954,15.088265585195401,29.44376,-9.55624008178711,54.677166,15.677165985107422
53.0,58.290399510049966,5.290399510049966,53.14348327981075,0.14348327981075215,51.85418,-1.1458206176757812,47.13175889702492,-5.868241102975077,37.990147,-15.00985336303711,61.465603,8.46560287475586
21.0,24.914863057387343,3.9148630573873433,22.825204954485496,1.8252049544854962,23.086903,2.086902618408203,31.278859159632187,10.278859159632187,18.627655,-2.372344970703125,28.20663,7.206630706787109
1.0,32.09869533232556,31.098695332325562,41.63692331007734,40.63692331007734,37.161945,36.16194534301758,12.99550747618246,11.99550747618246,12.456589,11.456588745117188,44.483845,43.48384475708008
7.0,2.8393822304837517,-4.160617769516248,4.023008235062879,-2.9769917649371207,4.0816016,-2.918398380279541,24.351083714014173,17.351083714014173,6.674547,-0.3254528045654297,18.134903,11.134902954101562
18.0,44.670327003464806,26.670327003464806,43.97661640424069,25.976616404240687,44.404205,26.404205322265625,44.37291354419538,26.372913544195377,34.721985,16.72198486328125,57.12301,39.123008728027344
9.0,10.838456968350581,1.838456968350581,8.109321193918145,-0.8906788060818549,11.102193,2.1021928787231445,31.09292800114038,22.09292800114038,6.4296455,-2.570354461669922,18.760307,9.760307312011719
3.0,4.7486512099538185,1.7486512099538185,5.989134776273776,2.989134776273776,7.181835,4.181835174560547,25.92939475194396,22.92939475194396,2.85083,-0.149169921875,6.0572324,3.05723237991333
54.0,43.36709619552343,-10.63290380447657,38.53496368129055,-15.465036318709451,41.471794,-12.528205871582031,51.48859229807401,-2.5114077019259895,30.569803,-23.43019676208496,57.042595,3.0425949096679688
30.0,47.324530721754336,17.324530721754336,35.45327409613673,5.453274096136731,32.809605,2.8096046447753906,42.96286088689398,12.962860886893978,29.25882,-0.741180419921875,72.50808,42.508079528808594
6.0,26.105557242099568,20.105557242099568,16.56392156701257,10.56392156701257,27.374556,21.374555587768555,48.811790331822976,42.811790331822976,30.27274,24.27273941040039,56.033974,50.033973693847656
9.0,8.744388103855213,-0.25561189614478685,3.167428127236079,-5.832571872763921,5.430083,-3.5699172019958496,51.791462474411304,42.791462474411304,20.510063,11.510063171386719,57.79752,48.79751968383789
75.0,38.62945458670412,-36.37054541329588,34.895895932385194,-40.104104067614806,43.828903,-31.171096801757812,30.968231011183182,-44.03176898881682,24.269093,-50.73090744018555,77.26574,2.2657394409179688
8.0,11.325696385771462,3.3256963857714616,11.65053420474724,3.65053420474724,23.519857,15.519857406616211,21.052632425996244,13.052632425996244,11.718478,3.718478202819824,34.27193,26.271930694580078
20.0,11.852540831345658,-8.147459168654342,9.222951043308722,-10.777048956691278,13.75107,-6.248929977416992,15.711264580509603,-4.288735419490397,7.322747,-12.677252769470215,16.166552,-3.8334484100341797
31.0,34.20549648075776,3.205496480757759,44.119515148623144,13.119515148623144,47.168327,16.16832733154297,47.07119022197599,16.07119022197599,36.0577,5.057701110839844,67.36687,36.36686706542969
10.0,12.321916690260108,2.3219166902601085,17.42230694918722,7.42230694918722,10.7807865,0.7807865142822266,55.02936733200593,45.02936733200593,19.695248,9.695247650146484,56.109985,46.1099853515625
9.0,16.447338117467634,7.447338117467634,15.826748148857785,6.826748148857785,17.114174,8.114173889160156,31.667457110739612,22.667457110739612,20.21617,11.216169357299805,49.211548,40.2115478515625
103.0,37.20672876336163,-65.79327123663836,41.4552290179571,-61.5447709820429,43.410522,-59.5894775390625,28.107335398464954,-74.89266460153505,19.570707,-83.42929267883301,70.095436,-32.904563903808594
8.0,18.43224396946932,10.432243969469319,21.563344205093408,13.563344205093408,20.066923,12.066923141479492,43.48030317825686,35.48030317825686,29.061752,21.061752319335938,46.665005,38.66500473022461
39.0,38.475765384864424,-0.5242346151355761,34.93297871378447,-4.067021286215528,34.791424,-4.208576202392578,19.287187014632785,-19.712812985367215,11.329361,-27.670639038085938,42.333332,3.333332061767578
7.0,11.79361848406637,4.79361848406637,10.465871152016817,3.465871152016817,10.121798,3.121797561645508,19.950206511554597,12.950206511554597,11.752524,4.752524375915527,25.224766,18.22476577758789
74.0,62.06213175971944,-11.937868240280558,65.14098936662174,-8.859010633378261,70.178566,-3.8214340209960938,45.73077273589318,-28.269227264106817,35.141907,-38.85809326171875,66.97132,-7.028678894042969
42.0,56.24395523080407,14.243955230804069,89.64081262090639,47.64081262090639,66.79636,24.796356201171875,48.28825783944459,6.28825783944459,31.081919,-10.918081283569336,70.43554,28.43553924560547
55.0,58.800588478522904,3.8005884785229043,64.62331646147747,9.623316461477472,65.58497,10.584968566894531,47.35072106670862,-7.649278933291377,40.34487,-14.655128479003906,67.854836,12.854835510253906
43.0,53.639982686039524,10.639982686039524,46.971588499261166,3.9715884992611663,53.507664,10.50766372680664,47.6908837870086,4.690883787008602,38.823143,-4.176856994628906,51.409092,8.40909194946289
24.0,27.268682698837114,3.2686826988371145,25.413231778338492,1.413231778338492,20.054878,-3.9451217651367188,9.53303299929955,-14.46696700070045,4.6038237,-19.3961763381958,19.25778,-4.742219924926758
32.0,34.99058619158618,2.990586191586182,29.382775246300167,-2.6172247536998334,34.32914,2.3291397094726562,21.45485020687313,-10.545149793126871,17.33148,-14.668519973754883,39.47986,7.4798583984375
0.0,21.273233196733937,21.273233196733937,-6.641849482548031,-6.641849482548031,2.79194,2.7919399738311768,-17.879640749878384,-17.879640749878384,0.32236636,0.3223663568496704,1.1911736,1.1911735534667969
39.0,50.720255448418044,11.720255448418044,61.92950475985884,22.929504759858837,52.607224,13.607223510742188,42.15589119329895,3.155891193298949,36.055393,-2.9446067810058594,72.771484,33.771484375
3.0,22.780426513892568,19.780426513892568,25.314524269459636,22.314524269459636,28.825941,25.82594108581543,32.142881724114524,29.142881724114524,24.97778,21.977779388427734,76.35707,73.35707092285156
13.0,8.934708980513442,-4.065291019486558,10.92992257692122,-2.0700774230787804,5.1124783,-7.887521743774414,32.93378199050863,19.933781990508628,10.886432,-2.1135683059692383,28.002274,15.002273559570312
94.0,88.36747404172696,-5.632525958273035,87.32492026544955,-6.675079734550451,83.701866,-10.298133850097656,25.748360381265492,-68.25163961873452,13.2989435,-80.70105648040771,66.31368,-27.686317443847656
48.0,58.4684693622587,10.468469362258702,57.693497152578594,9.693497152578594,56.368023,8.368022918701172,55.872599203246054,7.872599203246054,42.35187,-5.648128509521484,65.48509,17.485092163085938
2.0,8.457452548157425,6.457452548157425,11.844856727230749,9.844856727230749,10.128609,8.128608703613281,16.549175928431353,14.549175928431353,9.53299,7.532990455627441,32.723515,30.723514556884766
13.0,35.51981736475724,22.519817364757237,38.81558209728265,25.81558209728265,40.84308,27.84307861328125,20.93383506092775,7.933835060927748,15.087564,2.087564468383789,50.722317,37.72231674194336
73.0,57.778547459907735,-15.221452540092265,66.75569993533527,-6.244300064664728,67.03147,-5.968528747558594,66.22732865371124,-6.77267134628876,43.459793,-29.540206909179688,82.02171,9.021713256835938
1.0,8.413742149287575,7.413742149287575,6.358362528735286,5.358362528735286,7.757002,6.757001876831055,15.706168703811926,14.706168703811926,8.386028,7.386028289794922,23.070213,22.070213317871094
115.0,75.09695317351023,-39.90304682648977,62.43846399021328,-52.56153600978672,67.591385,-47.40861511230469,13.198952091297912,-101.80104790870209,10.676941,-104.32305908203125,40.883366,-74.11663436889648
85.0,61.24813304100041,-23.751866958999592,58.54116723963465,-26.458832760365347,59.52027,-25.47972869873047,54.9985689412598,-30.001431058740202,39.176773,-45.82322692871094,68.77767,-16.222328186035156
20.0,34.626267922315016,14.626267922315016,36.1369871779638,16.136987177963803,35.24711,15.247108459472656,28.10416012965073,8.10416012965073,27.78646,7.786460876464844,44.297848,24.297847747802734
38.0,35.64052365661797,-2.3594763433820276,37.74521191786727,-0.25478808213272686,41.608295,3.608295440673828,51.8519382881518,13.8519382881518,28.93937,-9.060630798339844,50.683754,12.683753967285156
5.0,8.509991562543672,3.5099915625436715,8.721453701364783,3.7214537013647835,5.955595,0.9555950164794922,31.700709277385293,26.700709277385293,10.068731,5.068731307983398,30.451408,25.45140838623047
2.0,3.40078447404591,1.4007844740459099,7.251060318911979,5.251060318911979,5.9997854,3.9997854232788086,37.09160463998002,35.09160463998002,3.9206858,1.9206857681274414,7.167691,5.167691230773926
2.0,41.95104817676299,39.95104817676299,42.62981859717552,40.62981859717552,41.96567,39.96567153930664,34.60499836494178,32.60499836494178,30.237366,28.23736572265625,55.74347,53.74346923828125
9.0,16.869048814266637,7.8690488142666375,23.972890416025475,14.972890416025475,10.585802,1.5858020782470703,35.120887089405414,26.120887089405414,14.635498,5.635498046875,38.289616,29.289615631103516
31.0,53.67732706530339,22.677327065303388,43.38280766065633,12.382807660656333,38.982853,7.982852935791016,46.94027835254631,15.940278352546308,34.97808,3.9780807495117188,69.09023,38.090232849121094
4.0,7.756121857778129,3.756121857778129,25.349768834879228,21.349768834879228,9.274885,5.274885177612305,28.312868635386828,24.312868635386828,16.037468,12.037467956542969,71.351875,67.35187530517578
11.0,35.249043588232716,24.249043588232716,38.119775593379444,27.119775593379444,37.646206,26.64620590209961,24.973955143010123,13.973955143010123,10.671644,-0.3283557891845703,43.678585,32.678585052490234
112.0,89.95585810538032,-22.044141894619685,98.6623211944572,-13.337678805542794,98.00488,-13.9951171875,43.295362005052354,-68.70463799494765,36.082474,-75.91752624511719,80.89806,-31.10193634033203
228.0,189.1409907512549,-38.85900924874511,211.63758167566863,-16.362418324331372,194.77478,-33.2252197265625,61.091286357743186,-166.90871364225683,67.63759,-160.36241149902344,132.03917,-95.96083068847656
7.0,45.05336093128845,38.05336093128845,32.15767170929356,25.15767170929356,37.90314,30.903141021728516,36.06951775625939,29.069517756259387,30.958633,23.958633422851562,77.84622,70.84622192382812
151.0,111.1124859879949,-39.8875140120051,143.77209602763975,-7.227903972360252,132.282,-18.718002319335938,38.82053904957335,-112.17946095042666,38.20681,-112.7931900024414,84.394356,-66.60564422607422
43.0,35.72620442413414,-7.2737955758658615,41.748224008262,-1.2517759917380005,29.819489,-13.180511474609375,33.0423053493012,-9.957694650698798,31.905098,-11.094902038574219,62.101124,19.101123809814453
16.0,19.542620851655805,3.542620851655805,18.643847588966143,2.6438475889661426,17.470808,1.4708080291748047,28.794957619627716,12.794957619627716,15.582308,-0.4176921844482422,24.52618,8.526180267333984
43.0,51.70606751400286,8.70606751400286,46.836391362189076,3.836391362189076,55.11311,12.113109588623047,46.91124872681178,3.9112487268117775,46.04527,3.045269012451172,80.11515,37.115150451660156
14.0,14.690794918874017,0.6907949188740172,17.761917861587463,3.761917861587463,17.99349,3.993490219116211,24.059573182791922,10.059573182791922,16.847034,2.847034454345703,39.13756,25.137561798095703
28.0,21.259152904047014,-6.7408470959529865,21.838290323451634,-6.161709676548366,27.783644,-0.2163562774658203,29.669483145833816,1.6694831458338157,15.008209,-12.991790771484375,26.72706,-1.272939682006836
34.0,39.70130937472995,5.701309374729952,46.10735901081257,12.107359010812573,33.86096,-0.13904190063476562,26.60872946717719,-7.3912705328228085,24.827873,-9.172126770019531,44.668003,10.66800308227539
15.0,15.275245181931478,0.27524518193147784,16.908040242753163,1.908040242753163,15.423957,0.42395687103271484,15.4865319599919,0.48653195999190046,12.255351,-2.7446489334106445,39.08295,24.082950592041016
29.0,25.973212841328973,-3.026787158671027,32.946453411375046,3.946453411375046,29.554726,0.5547256469726562,41.29067883969257,12.290678839692568,18.969513,-10.030487060546875,34.19723,5.197231292724609
1.0,7.799878456919832,6.799878456919832,5.163841762809149,4.163841762809149,9.132143,8.132143020629883,12.035066927541358,11.035066927541358,7.0930595,6.093059539794922,15.738802,14.738801956176758
43.0,32.676956518542546,-10.323043481457454,23.890524995096822,-19.109475004903178,34.201305,-8.798694610595703,30.516304460575512,-12.483695539424488,17.148739,-25.851261138916016,33.430878,-9.569122314453125
39.0,37.173427901458425,-1.8265720985415754,33.37735181351886,-5.622648186481143,33.692898,-5.307102203369141,38.034709228430636,-0.9652907715693644,26.298653,-12.701347351074219,40.177433,1.1774330139160156
30.0,31.65940430909893,1.6594043090989317,28.31309841472271,-1.6869015852772904,28.4614,-1.5386009216308594,34.67017700347826,4.670177003478258,22.670622,-7.329378128051758,35.057392,5.057392120361328
150.0,149.89282918470414,-0.10717081529585926,151.82369098859058,1.8236909885905845,152.67334,2.67333984375,66.51690544505945,-83.48309455494055,64.21253,-85.78746795654297,126.67431,-23.32569122314453
22.0,24.654737225966993,2.6547372259669935,20.516252171849082,-1.4837478281509178,25.266975,3.2669754028320312,52.72000101555012,30.720001015550118,30.570244,8.570243835449219,66.12421,44.12420654296875
71.0,63.11442202436728,-7.885577975632721,75.69689323657141,4.6968932365714124,67.491005,-3.5089950561523438,44.62539410574,-26.37460589426,36.529274,-34.470726013183594,73.11346,2.1134567260742188
53.0,51.43218579223738,-1.5678142077626234,60.16389742327719,7.1638974232771915,52.64573,-0.35427093505859375,51.83422353815496,-1.1657764618450415,30.203255,-22.79674530029297,46.33259,-6.667411804199219
0.0,21.824019972644965,21.824019972644965,-16.10031005339339,-16.10031005339339,-4.922535,-4.922534942626953,-20.921787075176475,-20.921787075176475,0.25838554,0.2583855390548706,1.0932528,1.0932527780532837
95.0,77.51916545025169,-17.48083454974831,81.6186543810807,-13.381345618919298,82.43081,-12.569190979003906,29.299226204355534,-65.70077379564447,16.56988,-78.43012046813965,60.05737,-34.942630767822266
49.0,44.09254761904761,-4.9074523809523924,44.27574791258821,-4.7242520874117915,42.00608,-6.993919372558594,20.112745751057403,-28.887254248942597,15.284717,-33.71528339385986,36.04319,-12.956809997558594
8.0,3.6835290453181027,-4.316470954681897,3.420056155790108,-4.579943844209891,6.2083135,-1.7916865348815918,14.158397267055125,6.1583972670551255,5.5655136,-2.4344863891601562,11.271743,3.271742820739746
40.0,31.672988012374127,-8.327011987625873,38.206254085224906,-1.7937459147750943,32.92619,-7.073810577392578,48.30028732581246,8.300287325812462,27.23806,-12.761940002441406,34.521885,-5.478115081787109
15.0,70.2979851973961,55.2979851973961,71.59139593645098,56.59139593645098,67.6144,52.614402770996094,43.973503182049875,28.973503182049875,43.207497,28.207496643066406,75.2524,60.252403259277344
5.0,33.00823839944217,28.00823839944217,44.5081576915374,39.5081576915374,35.545666,30.545665740966797,42.488863310415546,37.488863310415546,27.35477,22.35477066040039,60.44947,55.44947052001953
31.0,52.36727119087128,21.36727119087128,48.701910005565416,17.701910005565416,85.48366,54.48365783691406,34.74847427580095,3.7484742758009517,36.11183,5.1118316650390625,78.61535,47.61534881591797
6.0,6.745892288127044,0.7458922881270436,7.294703657987392,1.2947036579873918,7.3753357,1.375335693359375,12.395918852227794,6.395918852227794,7.090177,1.090177059173584,23.805458,17.805458068847656
54.0,57.92566389197798,3.925663891977983,52.29940688709848,-1.7005931129015224,48.960728,-5.039272308349609,50.32881309321635,-3.671186906783653,26.610176,-27.38982391357422,63.427418,9.427417755126953
22.0,20.01978894754935,-1.9802110524506489,19.200510174582632,-2.7994898254173677,17.3895,-4.610500335693359,29.636860984818757,7.636860984818757,18.422947,-3.5770530700683594,33.9048,11.904800415039062
65.0,50.36971809814311,-14.63028190185689,64.37815163330038,-0.6218483666996235,57.5484,-7.45159912109375,61.5986638068845,-3.4013361931154975,31.134617,-33.86538314819336,60.385517,-4.614482879638672
41.0,50.531231706636845,9.531231706636845,56.90527738724771,15.905277387247708,54.551147,13.5511474609375,50.59623920665257,9.59623920665257,45.47078,4.4707794189453125,88.34769,47.347686767578125
2.0,4.131477097529336,2.131477097529336,4.418123102980269,2.4181231029802692,4.5758443,2.5758442878723145,10.784662555727422,8.784662555727422,5.805977,3.8059768676757812,20.456898,18.456897735595703
39.0,49.7591016662109,10.759101666210903,37.965248888436015,-1.0347511115639847,41.157055,2.157054901123047,45.08685037827182,6.086850378271819,46.029163,7.029163360595703,88.444725,49.444725036621094
1.0,11.436687974624608,10.436687974624608,4.25481331490662,3.2548133149066203,20.499994,19.4999942779541,20.223775906397954,19.223775906397954,9.597927,8.59792709350586,39.41808,38.4180793762207
15.0,13.141757601294639,-1.858242398705361,10.385845087544402,-4.614154912455598,15.025403,0.02540302276611328,33.637823490509284,18.637823490509284,9.705032,-5.2949676513671875,20.318527,5.3185272216796875
18.0,15.791097707241589,-2.2089022927584114,15.78025170438779,-2.2197482956122094,16.689981,-1.310018539428711,38.63861814872945,20.63861814872945,12.101568,-5.898431777954102,27.845917,9.845916748046875
26.0,19.469037183379108,-6.530962816620892,16.482460449206304,-9.517539550793696,19.50885,-6.49114990234375,21.91728061442133,-4.08271938557867,20.800388,-5.199611663818359,37.23304,11.233039855957031
63.0,51.78023188559571,-11.219768114404289,53.66211760000133,-9.33788239999867,51.1442,-11.85580062866211,30.364280119094914,-32.635719880905086,23.624475,-39.37552452087402,46.30054,-16.699459075927734
48.0,41.311258494781825,-6.688741505218175,43.034486073686615,-4.965513926313385,40.827232,-7.172767639160156,49.91231834963976,1.9123183496397615,37.50868,-10.491321563720703,76.45339,28.453392028808594
9.0,20.98918452380954,11.989184523809541,12.224115910569815,3.2241159105698145,18.67119,9.67119026184082,71.61605547143516,62.61605547143516,29.560696,20.56069564819336,84.62151,75.62151336669922
5.0,6.720734104515243,1.720734104515243,3.955341384032711,-1.0446586159672888,6.050809,1.0508089065551758,12.009935157390025,7.009935157390025,8.944324,3.9443235397338867,26.911232,21.911231994628906
2.0,46.02690823613671,44.02690823613671,49.69747493071894,47.69747493071894,45.833393,43.83339309692383,56.75987056076701,54.75987056076701,55.17736,53.17736053466797,109.672844,107.67284393310547
63.0,58.45322403436034,-4.546775965639661,59.15478337775722,-3.8452166222427806,54.142773,-8.857227325439453,54.94869420426895,-8.051305795731047,41.35952,-21.640480041503906,65.12949,2.1294937133789062
4.0,7.123419309657478,3.1234193096574776,7.165709308718704,3.1657093087187036,7.227562,3.2275619506835938,21.673406159126056,17.673406159126056,6.006888,2.006887912750244,14.646494,10.646493911743164
19.0,29.722149947725875,10.722149947725875,29.88224651579904,10.88224651579904,35.62686,16.626861572265625,32.72661475918596,13.726614759185964,33.069397,14.06939697265625,66.69172,47.69171905517578
40.0,68.19879607425055,28.198796074250552,71.67292249708595,31.67292249708595,79.09175,39.09175109863281,56.889470041636876,16.889470041636876,66.04703,26.047027587890625,105.73496,65.7349624633789
11.0,6.599952565709145,-4.400047434290855,6.870236063809333,-4.129763936190667,9.06073,-1.93927001953125,10.236129995331495,-0.7638700046685045,4.8133802,-6.186619758605957,12.930479,1.9304790496826172
15.0,14.823394996674597,-0.17660500332540252,23.539676822076554,8.539676822076554,13.27241,-1.7275896072387695,35.29004337105622,20.29004337105622,15.492592,0.49259185791015625,41.74519,26.745189666748047
52.0,61.897423108692365,9.897423108692365,73.38421816722739,21.384218167227388,72.166794,20.166793823242188,42.43384116664217,-9.566158833357832,40.525925,-11.474075317382812,86.37507,34.37506866455078
7.0,8.570488751341637,1.570488751341637,13.015119079056083,6.015119079056083,18.557178,11.557178497314453,42.19728551840752,35.19728551840752,10.983446,3.9834461212158203,32.755207,25.755207061767578
67.0,58.902599011887894,-8.097400988112106,56.92864898516745,-10.071351014832551,59.7681,-7.231899261474609,49.23492907587684,-17.765070924123158,40.495674,-26.50432586669922,59.695724,-7.3042755126953125
175.0,118.0620648010135,-56.937935198986494,121.91103786228327,-53.088962137716734,111.581635,-63.418365478515625,35.565288703930975,-139.43471129606903,21.476849,-153.52315139770508,74.179375,-100.82062530517578
53.0,54.396795937541775,1.396795937541775,54.319984527164515,1.3199845271645145,51.00643,-1.9935684204101562,44.291335333435654,-8.708664666564346,40.366337,-12.633663177490234,82.14991,29.14990997314453
124.0,82.6325033032815,-41.367496696718504,97.79614758945719,-26.203852410542808,95.63226,-28.36773681640625,27.888874128574376,-96.11112587142563,25.328175,-98.67182540893555,70.037926,-53.962074279785156
50.0,47.87962103174602,-2.1203789682539806,48.52921508244773,-1.4707849175522725,50.630596,0.6305961608886719,20.727709005419822,-29.272290994580178,15.450232,-34.54976844787598,35.7489,-14.2510986328125
12.0,13.658998954888917,1.6589989548889168,13.107688985709059,1.1076889857090588,14.254991,2.254990577697754,14.154958424237293,2.154958424237293,8.521998,-3.478001594543457,24.37454,12.374540328979492
53.0,31.82981904480791,-21.17018095519209,30.74917881829362,-22.25082118170638,30.321526,-22.67847442626953,22.299922327551297,-30.700077672448703,18.751736,-34.24826431274414,42.41232,-10.58768081665039
35.0,33.34642241538307,-1.653577584616933,19.278953960917004,-15.721046039082996,19.756195,-15.243804931640625,41.19372071233582,6.193720712335818,24.367786,-10.632213592529297,42.12804,7.128040313720703
38.0,29.381853718801995,-8.618146281198005,33.051280906409986,-4.9487190935900145,38.509426,0.5094261169433594,46.681949154095705,8.681949154095705,23.624748,-14.375251770019531,32.531208,-5.468791961669922
21.0,19.770278353482876,-1.229721646517124,24.517007038241154,3.517007038241154,23.802263,2.8022632598876953,33.605846236769125,12.605846236769125,14.0937,-6.906299591064453,25.093386,4.093385696411133
20.0,24.908705546667502,4.908705546667502,20.68136423293187,0.6813642329318697,20.529095,0.5290946960449219,35.42896601370569,15.42896601370569,29.188488,9.188488006591797,58.47983,38.47983169555664
55.0,38.716594015451356,-16.283405984548644,39.228472086681535,-15.771527913318465,31.551748,-23.448251724243164,38.22047434397008,-16.779525656029918,30.422089,-24.577911376953125,56.627106,1.627105712890625
24.0,38.44073276875008,14.440732768750081,38.72400450462013,14.724004504620133,40.057854,16.05785369873047,37.55070393056721,13.55070393056721,32.32992,8.32992172241211,55.24709,31.247089385986328
39.0,34.6895755478023,-4.310424452197701,37.046848644646566,-1.9531513553534339,38.0143,-0.9856986999511719,39.1374298083464,0.13742980834639695,25.90781,-13.09218978881836,42.615475,3.6154747009277344
19.0,32.15326865241253,13.153268652412528,28.582972205909286,9.582972205909286,34.396595,15.396595001220703,53.161945183824024,34.161945183824024,37.052433,18.052433013916016,78.49777,59.497772216796875
124.0,41.96115070194814,-82.03884929805186,39.02832851302176,-84.97167148697824,36.5126,-87.48740005493164,33.05861565827948,-90.94138434172052,33.164406,-90.8355941772461,71.157196,-52.842803955078125
119.0,43.05904759334139,-75.94095240665861,41.997659880681404,-77.0023401193186,37.83526,-81.16474151611328,39.11991148880008,-79.88008851119992,33.065117,-85.93488311767578,65.15438,-53.845619201660156
15.0,28.296153924223105,13.296153924223105,37.93725320595923,22.93725320595923,22.28052,7.280519485473633,29.500509604361476,14.500509604361476,18.022724,3.022724151611328,60.851124,45.85112380981445
29.0,24.628868277012575,-4.371131722987425,20.859032524321936,-8.140967475678064,25.386456,-3.613544464111328,39.35350504033607,10.353505040336067,27.382633,-1.6173667907714844,46.672268,17.67226791381836
5.0,32.99470238471994,27.994702384719943,31.04505180054679,26.04505180054679,32.02653,27.026531219482422,50.657050736079796,45.657050736079796,29.097115,24.09711456298828,52.472435,47.472434997558594
64.0,59.69552004237933,-4.304479957620671,63.735911639382216,-0.26408836061778374,63.724583,-0.2754173278808594,48.49245253476526,-15.507547465234737,44.706688,-19.293312072753906,67.61007,3.6100692749023438
84.0,59.65000399475064,-24.34999600524936,39.22633940062282,-44.77366059937718,42.313457,-41.68654251098633,65.7277549837841,-18.272245016215905,64.1635,-19.836502075195312,114.46518,30.465179443359375
70.0,38.11535060029029,-31.88464939970971,49.36192202926046,-20.638077970739538,37.12108,-32.87892150878906,41.79891430222597,-28.201085697774033,11.872572,-58.12742805480957,46.488285,-23.511714935302734
3.0,7.515746675007671,4.515746675007671,6.638794330731189,3.638794330731189,6.9858613,3.985861301422119,10.847970184727988,7.847970184727988,3.372476,0.37247610092163086,6.2262545,3.226254463195801
55.0,54.78167466050816,-0.21832533949184096,47.64418283519778,-7.355817164802218,51.59837,-3.401630401611328,48.16820166348441,-6.83179833651559,40.3003,-14.699699401855469,64.60261,9.602607727050781
12.0,5.229850070683544,-6.770149929316456,5.864038054897328,-6.135961945102672,4.7713485,-7.228651523590088,12.360802572921997,0.36080257292199747,3.2544289,-8.74557113647461,5.922453,-6.077547073364258
6.0,8.418591445327976,2.4185914453279764,3.493825608347727,-2.506174391652273,3.3981116,-2.601888418197632,11.327038957688597,5.327038957688597,6.014344,0.014344215393066406,17.938692,11.938692092895508
46.0,46.99956312730771,0.9995631273077095,54.51047980870121,8.510479808701213,52.85569,6.855690002441406,49.0604536651298,3.060453665129799,33.41419,-12.585811614990234,47.324875,1.3248748779296875
15.0,20.625356757829167,5.6253567578291666,32.42945780577188,17.429457805771882,18.79612,3.7961196899414062,36.09972664414682,21.09972664414682,13.965459,-1.034541130065918,23.647247,8.647247314453125
8.0,4.93707352341595,-3.0629264765840496,2.743008024136802,-5.2569919758631976,0.65168285,-7.3483171463012695,20.078869496575837,12.078869496575837,3.41294,-4.58705997467041,6.5680323,-1.4319677352905273
64.0,27.420241354304896,-36.57975864569511,37.502936032162395,-26.497063967837605,33.864452,-30.135547637939453,49.55803902650736,-14.441960973492641,22.371758,-41.62824249267578,54.393543,-9.606456756591797
0.0,0.0,0.0,2.364960852770781,2.364960852770781,1.7109358,1.7109358310699463,13.916714000797153,13.916714000797153,0.014984727,0.014984726905822754,0.107100725,0.1071007251739502
56.0,48.67628458162304,-7.323715418376963,33.83610267185106,-22.16389732814894,41.25619,-14.74380874633789,38.29919524426269,-17.70080475573731,30.87713,-25.12286949157715,57.744774,1.7447738647460938
145.0,80.53661482224375,-64.46338517775625,58.15396579722729,-86.8460342027727,60.13587,-84.86412811279297,45.88978698830133,-99.11021301169868,35.960968,-109.03903198242188,77.13452,-67.865478515625
0.0,4.949969397311536,4.949969397311536,1.9994092110276933,1.9994092110276933,-4.4626365,-4.462636470794678,3.3445554186202386,3.3445554186202386,-0.23149312,-0.23149311542510986,0.67733693,0.6773369312286377
5.0,6.087360900272593,1.0873609002725928,7.030724559191058,2.030724559191058,6.406813,1.406813144683838,11.543082236102215,6.543082236102215,3.2723007,-1.7276992797851562,6.084708,1.0847082138061523
67.0,28.230923165470976,-38.769076834529024,29.106081669416046,-37.89391833058396,28.224539,-38.775461196899414,19.170731001954714,-47.829268998045286,14.286333,-52.713666915893555,44.82651,-22.17348861694336
34.0,32.57010932038633,-1.4298906796136706,36.217334793458654,2.2173347934586545,28.756481,-5.243518829345703,41.23590028018157,7.235900280181568,34.7996,0.7995986938476562,98.75474,64.7547378540039
47.0,26.305224261581756,-20.694775738418244,20.279076039189718,-26.720923960810282,25.218138,-21.781862258911133,32.41099677867933,-14.589003221320667,16.23614,-30.76386070251465,32.79806,-14.20193862915039
7.0,12.506328599786366,5.506328599786366,12.63977927889367,5.63977927889367,10.694659,3.6946592330932617,52.27285650875346,45.27285650875346,34.486217,27.486217498779297,69.343056,62.343055725097656
90.0,38.58230315994219,-51.41769684005781,39.34613312883564,-50.65386687116436,40.01386,-49.986141204833984,34.59342549742232,-55.40657450257768,32.387608,-57.61239242553711,50.926567,-39.07343292236328
45.0,37.758179681630416,-7.241820318369584,35.830952454646486,-9.169047545353514,28.208761,-16.79123878479004,39.003459844692216,-5.996540155307784,15.861139,-29.13886070251465,28.641119,-16.3588809967041
31.0,30.59575534188036,-0.40424465811964083,46.542916789920184,15.542916789920184,44.898346,13.898345947265625,42.34157828167416,11.34157828167416,31.03385,0.03384971618652344,64.31611,33.31610870361328
82.0,28.883053637164338,-53.11694636283566,26.313648292468944,-55.68635170753106,27.095873,-54.90412712097168,33.99374051902357,-48.00625948097643,24.306644,-57.693355560302734,57.02383,-24.97616958618164
7.0,10.233044695846951,3.233044695846951,5.925505979884543,-1.0744940201154574,9.4420805,2.442080497741699,25.528677120645916,18.528677120645916,12.672895,5.672895431518555,27.872639,20.872638702392578
2.0,31.425366202238912,29.425366202238912,37.35833226135879,35.35833226135879,33.822887,31.822887420654297,19.992231056922368,17.992231056922368,15.775201,13.775200843811035,59.87463,57.874629974365234
1.0,41.18262069854785,40.18262069854785,45.194501747553176,44.194501747553176,42.24283,41.242828369140625,41.73970370590198,40.73970370590198,31.503382,30.503381729125977,56.05003,55.05002975463867
3.0,23.790903236244016,20.790903236244016,15.386516929659729,12.386516929659729,6.20857,3.2085700035095215,16.101853056553633,13.101853056553633,12.866724,9.866724014282227,45.006687,42.00668716430664
55.0,26.52660432622931,-28.47339567377069,33.062426412000846,-21.937573587999154,27.806602,-27.193397521972656,45.511323832837945,-9.488676167162055,26.276478,-28.723522186279297,61.888836,6.888835906982422
119.0,63.376661320261526,-55.623338679738474,61.664955164217375,-57.335044835782625,59.786198,-59.213802337646484,26.907437836919982,-92.09256216308002,24.441462,-94.55853843688965,73.41102,-45.58898162841797
5.0,33.65986762901593,28.659867629015928,31.119041783179547,26.119041783179547,26.59526,21.595260620117188,35.574231621510236,30.574231621510236,34.628273,29.628273010253906,78.16312,73.16311645507812
75.0,50.59182288888167,-24.408177111118327,56.46488099788956,-18.53511900211044,57.177525,-17.82247543334961,33.437716266349,-41.562283733651,31.532715,-43.46728515625,69.63011,-5.3698883056640625
46.0,48.20263374676133,2.202633746761329,41.13644032130865,-4.863559678691352,43.453327,-2.546672821044922,53.0501712201744,7.0501712201743985,50.098045,4.098045349121094,107.61576,61.615760803222656
5.0,25.58875830941861,20.58875830941861,24.509650170857537,19.509650170857537,20.55138,15.551380157470703,27.588204799088537,22.588204799088537,16.948631,11.948631286621094,32.549595,27.54959487915039
57.0,57.291223419983325,0.291223419983325,58.49486187029296,1.494861870292958,54.06278,-2.9372215270996094,53.55525685466076,-3.4447431453392383,43.229664,-13.770336151123047,64.18841,7.188407897949219
66.0,23.32306261713024,-42.67693738286976,33.573565445383196,-32.426434554616804,30.017145,-35.98285484313965,50.26783518898347,-15.732164811016531,21.899551,-44.10044860839844,54.683308,-11.316692352294922
0.0,28.892785425946716,28.892785425946716,19.93266852040286,19.93266852040286,7.393355,7.393354892730713,-9.832078603123897,-9.832078603123897,0.6702465,0.6702464818954468,1.0666537,1.0666537284851074
89.0,83.2990539774468,-5.700946022553197,79.86947248046074,-9.130527519539257,91.50218,2.5021820068359375,17.982375885152607,-71.0176241148474,15.905773,-73.0942268371582,63.285286,-25.71471405029297
1.0,20.42216056905653,19.42216056905653,25.545670585413163,24.545670585413163,21.939436,20.939435958862305,36.89309893986698,35.89309893986698,15.902121,14.902120590209961,30.63418,29.634180068969727
0.0,6.576610193868339,6.576610193868339,-0.46998702470220605,-0.46998702470220605,-1.0694544,-1.0694544315338135,3.364791996718864,3.364791996718864,-0.30118716,-0.3011871576309204,0.4381013,0.43810129165649414
5.0,22.191009685664525,17.191009685664525,25.041140235839226,20.041140235839226,22.754463,17.75446319580078,26.248581983261317,21.248581983261317,21.279243,16.27924346923828,42.221836,37.22183609008789
1.0,4.437168784363198,3.437168784363198,4.353960984684819,3.353960984684819,4.8046756,3.804675579071045,24.47635248744859,23.47635248744859,4.6249847,3.6249847412109375,14.381504,13.38150405883789
46.0,37.257226697425615,-8.742773302574385,31.47867105361073,-14.521328946389271,30.674103,-15.325897216796875,26.795340167665003,-19.204659832334997,21.090866,-24.909133911132812,38.335037,-7.6649627685546875
35.0,35.56304682181044,0.5630468218104383,33.38819978454423,-1.611800215455773,25.219427,-9.780572891235352,50.892452808729445,15.892452808729445,32.29285,-2.7071495056152344,45.93835,10.938350677490234
31.0,36.264287450739786,5.264287450739786,41.21189955005664,10.211899550056643,36.996124,5.996124267578125,27.91569405995721,-3.084305940042789,27.530792,-3.469207763671875,48.874264,17.874263763427734
79.0,63.261688192874715,-15.738311807125285,76.52796442552166,-2.4720355744783404,74.51908,-4.480918884277344,64.72226511447143,-14.277734885528574,60.32483,-18.6751708984375,103.356964,24.356964111328125
36.0,38.49013056267957,2.4901305626795676,35.2613963552741,-0.7386036447258988,38.56391,2.5639114379882812,33.29623168084232,-2.703768319157682,29.91917,-6.080829620361328,53.856365,17.856365203857422
6.0,8.85295026568235,2.8529502656823507,9.226080044119017,3.2260800441190174,8.549325,2.5493249893188477,32.13138694815445,26.13138694815445,8.757008,2.757007598876953,19.751894,13.751893997192383
20.0,14.476934680677976,-5.523065319322024,14.011146726749075,-5.988853273250925,11.420835,-8.5791654586792,25.760020729880363,5.760020729880363,18.644505,-1.3554954528808594,60.6965,40.69649887084961
0.0,5.058598863051747,5.058598863051747,1.0650981550462706,1.0650981550462706,-6.726315,-6.726315021514893,8.003180310593834,8.003180310593834,0.93575877,0.9357587695121765,1.5918779,1.5918779373168945
21.0,23.205175628465103,2.2051756284651027,16.405641929616007,-4.5943580703839935,20.275639,-0.7243614196777344,8.654277846897813,-12.345722153102187,4.745036,-16.254963874816895,19.255835,-1.7441654205322266
6.0,11.610919576275016,5.610919576275016,9.957550972198593,3.957550972198593,11.825773,5.825773239135742,34.08861976775738,28.08861976775738,10.979904,4.9799041748046875,24.214699,18.214698791503906
50.0,48.615755719616764,-1.3842442803832355,50.678850732164314,0.6788507321643138,41.5373,-8.462699890136719,57.947701139264296,7.947701139264296,43.261967,-6.738033294677734,63.89457,13.894569396972656
37.0,42.559176703568916,5.559176703568916,41.85018751790686,4.8501875179068605,46.157898,9.15789794921875,47.46658283823838,10.46658283823838,41.536285,4.536285400390625,105.24736,68.24736022949219
25.0,35.65092210555799,10.650922105557989,39.99327920857626,14.993279208576261,36.151093,11.151092529296875,28.249950785358397,3.249950785358397,23.450836,-1.549163818359375,42.420513,17.420513153076172
99.0,57.222391854477245,-41.777608145522755,71.7577557968153,-27.242244203184697,78.64383,-20.356170654296875,30.397995451663554,-68.60200454833645,19.175669,-79.82433128356934,69.20405,-29.79595184326172
44.0,37.61327318774628,-6.38672681225372,39.53559153758434,-4.464408462415662,41.03986,-2.9601402282714844,46.67698955954372,2.6769895595437205,28.619743,-15.380256652832031,41.389988,-2.6100120544433594
0.0,78.5205496031746,78.5205496031746,20.263638779213196,20.263638779213196,25.199968,25.199968338012695,31.454955051239615,31.454955051239615,0.7264662,0.726466178894043,1.6202464,1.620246410369873
12.0,11.875678756836846,-0.12432124316315374,15.593237641854689,3.5932376418546887,13.356345,1.3563451766967773,15.78639372944177,3.7863937294417696,12.042563,0.042563438415527344,43.526196,31.526195526123047
38.0,36.427730153132025,-1.5722698468679752,37.10780820868166,-0.8921917913183393,36.79806,-1.2019386291503906,63.195830463255504,25.195830463255504,29.190075,-8.809925079345703,55.106293,17.106292724609375
49.0,29.55484401029228,-19.44515598970772,14.162090085946302,-34.8379099140537,21.625036,-27.374963760375977,37.160505955293615,-11.839494044706385,20.527788,-28.472211837768555,57.90875,8.908748626708984
5.0,3.2943918948218247,-1.7056081051781753,4.5303829739162165,-0.46961702608378353,4.68266,-0.3173398971557617,16.717518679642602,11.717518679642602,3.006785,-1.9932150840759277,5.52612,0.5261201858520508
46.0,78.69430220851223,32.69430220851223,78.8953378777819,32.8953378777819,78.288506,32.28850555419922,47.77348455275674,1.7734845527567416,43.701107,-2.2988929748535156,110.489815,64.48981475830078
46.0,39.289581874553875,-6.710418125446125,41.7545818798381,-4.245418120161901,44.89844,-1.1015586853027344,28.93148914087918,-17.06851085912082,21.102242,-24.89775848388672,71.52859,25.528587341308594
1.0,24.98603849229577,23.98603849229577,0.7985194626153879,-0.20148053738461214,19.790194,18.790193557739258,9.302941158166448,8.302941158166448,11.407988,10.407987594604492,41.50867,40.508670806884766
65.0,55.41930620777529,-9.580693792224707,58.68292007129128,-6.317079928708722,58.37,-6.630001068115234,49.2484821818877,-15.751517818112298,43.74392,-21.256080627441406,60.250484,-4.749515533447266
20.0,14.134882840916214,-5.865117159083786,8.312599371721094,-11.687400628278906,8.051344,-11.94865608215332,27.913865062041573,7.913865062041573,14.681524,-5.318475723266602,42.440624,22.440624237060547
44.0,40.735541911080794,-3.2644580889192056,39.92676964647409,-4.073230353525908,38.43217,-5.567829132080078,47.09214682227045,3.0921468222704505,25.250078,-18.749921798706055,43.250614,-0.7493858337402344
11.0,9.670603626118133,-1.3293963738818668,7.873459217584062,-3.1265407824159377,6.4866643,-4.513335704803467,14.894353100120082,3.8943531001200817,10.35985,-0.6401500701904297,26.11318,15.113180160522461
4.0,65.18494704847208,61.18494704847208,67.76576728374135,63.765767283741354,63.242886,59.24288558959961,35.209204447261186,31.209204447261186,28.74012,24.74011993408203,86.43892,82.43891906738281
41.0,44.123345634155115,3.1233456341551147,45.92240760488489,4.922407604884889,38.41732,-2.5826797485351562,47.774699392531446,6.774699392531446,30.051243,-10.94875717163086,50.589035,9.589035034179688
42.0,36.89474577444394,-5.10525422555606,35.23040584191118,-6.769594158088822,34.03663,-7.963371276855469,39.647066349541625,-2.3529336504583753,28.638472,-13.361528396606445,55.75347,13.753471374511719
0.0,2.308320939792077,2.308320939792077,-2.941980601510056,-2.941980601510056,-6.006647,-6.006647109985352,8.824772970545997,8.824772970545997,0.14333916,0.1433391571044922,-0.24870157,-0.2487015724182129
137.0,84.96621724511573,-52.03378275488427,69.33225799336219,-67.66774200663781,76.889366,-60.110633850097656,52.48687675719724,-84.51312324280276,50.807507,-86.1924934387207,94.331245,-42.66875457763672
49.0,45.15318796944633,-3.8468120305536715,48.15509460604153,-0.8449053939584701,45.463047,-3.5369529724121094,33.78123643163265,-15.21876356836735,26.058773,-22.941226959228516,45.71286,-3.287139892578125
1.0,17.269926865234858,16.269926865234858,4.1865205344140035,3.1865205344140035,4.1986537,3.1986536979675293,11.85381206938657,10.85381206938657,8.171566,7.171566009521484,23.798576,22.79857635498047
6.0,22.695059848621394,16.695059848621394,16.97914441174787,10.979144411747871,12.968983,6.968982696533203,27.62218949528635,21.62218949528635,19.085577,13.085577011108398,51.604916,45.604915618896484
4.0,29.87777798308089,25.87777798308089,32.039343308656356,28.039343308656356,30.351038,26.351037979125977,48.6822273352286,44.6822273352286,32.873116,28.87311553955078,54.05867,50.05867004394531
54.0,54.943076518036214,0.9430765180362144,54.9393600949961,0.939360094996097,55.18059,1.1805915832519531,44.307586056488745,-9.692413943511255,36.312378,-17.6876220703125,67.44046,13.440460205078125
2.0,8.5224648941331,6.522464894133099,6.829965159384477,4.829965159384477,7.3253465,5.32534646987915,16.176470962715076,14.176470962715076,8.587116,6.587116241455078,24.15181,22.151809692382812
17.0,16.49162416774293,-0.5083758322570695,17.80351558818798,0.803515588187981,16.824114,-0.1758861541748047,16.66112216902568,-0.3388778309743188,11.323254,-5.676746368408203,30.78314,13.783140182495117
11.0,7.44340249150594,-3.55659750849406,5.667462131824702,-5.332537868175298,4.8964677,-6.103532314300537,7.494579492156298,-3.505420507843702,3.1108322,-7.889167785644531,5.563942,-5.436058044433594
112.0,57.00867620351568,-54.99132379648432,52.88394248418843,-59.11605751581157,42.569916,-69.43008422851562,48.75206176702922,-63.24793823297078,30.704908,-81.29509162902832,52.71562,-59.28438186645508
3.0,33.29917185471525,30.299171854715247,35.96855651806248,32.96855651806248,36.29951,33.29951095581055,47.61978701135784,44.61978701135784,31.426434,28.426433563232422,52.71919,49.71918869018555
9.0,11.927214331134856,2.9272143311348557,10.402894372026,1.4028943720259992,14.729015,5.729015350341797,11.632014908861404,2.6320149088614038,8.549581,-0.45041942596435547,24.197166,15.197166442871094
57.0,52.990273809523806,-4.009726190476194,51.73279419015268,-5.267205809847319,61.426193,4.4261932373046875,45.92555849847105,-11.074441501528952,24.122684,-32.877315521240234,61.907574,4.907573699951172
29.0,30.953619969083594,1.9536199690835936,27.01684695933716,-1.9831530406628417,30.729586,1.7295856475830078,34.55879536728243,5.558795367282428,21.446762,-7.5532379150390625,31.938097,2.9380970001220703
0.0,21.69700124180968,21.69700124180968,13.293486921738749,13.293486921738749,4.534759,4.534759044647217,2.9928720543621807,2.9928720543621807,0.07675755,0.07675755023956299,1.1729274,1.1729273796081543
30.0,37.45622959412786,7.456229594127862,33.14517768709626,3.1451776870962576,26.77687,-3.2231292724609375,38.882751762482044,8.882751762482044,33.842773,3.8427734375,63.17966,33.17966079711914
51.0,49.28153598025123,-1.7184640197487724,53.48453932768417,2.4845393276841676,54.800453,3.8004531860351562,42.679806361795656,-8.320193638204344,38.184017,-12.815982818603516,60.717503,9.71750259399414
47.0,28.39080510147172,-18.60919489852828,23.645125535890415,-23.354874464109585,25.313751,-21.686248779296875,38.47266132862251,-8.527338671377493,26.453033,-20.546966552734375,50.767918,3.7679176330566406
31.0,46.07163909745873,15.071639097458728,49.91437426931793,18.914374269317932,46.094498,15.094497680664062,50.26646324201336,19.26646324201336,60.216675,29.2166748046875,85.49813,54.498130798339844
1.0,6.755759746350066,5.755759746350066,11.63151627833634,10.63151627833634,7.119567,6.119566917419434,24.130020956659955,23.130020956659955,11.313091,10.313091278076172,29.836496,28.836496353149414
0.0,3.7942424565420128,3.7942424565420128,-3.813677145323443,-3.813677145323443,0.7883067,0.788306713104248,-5.680247684284986,-5.680247684284986,-0.01849556,-0.018495559692382812,0.01419282,0.014192819595336914
33.0,33.30001874358007,0.3000187435800683,33.67313740770255,0.6731374077025478,32.664856,-0.33514404296875,42.0499368895929,9.0499368895929,21.721603,-11.278396606445312,28.975983,-4.024017333984375
53.0,47.88098694412404,-5.119013055875961,50.85839155162578,-2.141608448374221,52.275223,-0.7247772216796875,43.357297460571694,-9.642702539428306,42.233765,-10.7662353515625,56.835693,3.835693359375
10.0,4.287803374681077,-5.712196625318923,4.9355539765703105,-5.0644460234296895,4.8116355,-5.188364505767822,15.073935999918554,5.073935999918554,6.0259495,-3.974050521850586,11.596741,1.59674072265625
17.0,33.7236719191909,16.7236719191909,37.13799860497357,20.137998604973568,35.57176,18.571758270263672,33.923500004365884,16.923500004365884,25.144878,8.144878387451172,65.96218,48.962181091308594
38.0,35.59924249756182,-2.400757502438182,35.27127750324335,-2.728722496756653,35.45458,-2.545421600341797,43.46114258121258,5.461142581212577,20.230211,-17.76978874206543,34.125294,-3.874706268310547
32.0,29.318854470584206,-2.6811455294157938,27.76903952990279,-4.230960470097209,23.909946,-8.09005355834961,40.00769327883663,8.007693278836634,21.873032,-10.126968383789062,30.030098,-1.9699020385742188
26.0,55.06175681711283,29.06175681711283,58.98180305304667,32.98180305304667,58.768856,32.768856048583984,39.29331226412039,13.293312264120388,28.820831,2.820831298828125,53.437946,27.437946319580078
73.0,70.63850800647673,-2.3614919935232734,62.922331152658366,-10.077668847341634,61.205173,-11.79482650756836,54.45981774786418,-18.54018225213582,34.396873,-38.603126525878906,78.75283,5.752830505371094
22.0,25.50970840951168,3.5097084095116813,26.612935512078618,4.612935512078618,22.047327,0.04732704162597656,44.03384976652425,22.03384976652425,30.917896,8.917896270751953,62.94325,40.9432487487793
63.0,29.19865770560835,-33.801342294391645,34.2656946801359,-28.7343053198641,49.23902,-13.760978698730469,24.376048511892307,-38.62395148810769,7.3879385,-55.612061500549316,22.229418,-40.77058219909668
19.0,17.089288565127454,-1.910711434872546,22.535321594781827,3.535321594781827,22.62578,3.6257801055908203,32.99157141378044,13.991571413780441,12.492394,-6.50760555267334,21.907684,2.907684326171875
20.0,15.174202763058165,-4.825797236941835,14.029283617562223,-5.970716382437777,14.765676,-5.2343244552612305,23.393803051090185,3.3938030510901847,11.484453,-8.515546798706055,25.627296,5.627296447753906
2.0,14.752668443366453,12.752668443366453,8.93947847275455,6.9394784727545495,13.995064,11.995063781738281,40.263828615346334,38.263828615346334,19.129368,17.12936782836914,42.28966,40.2896614074707
16.0,19.83344504400191,3.833445044001909,14.049033290890431,-1.9509667091095686,16.931017,0.9310169219970703,28.930539088972488,12.930539088972488,15.161897,-0.8381032943725586,45.76581,29.76580810546875
25.0,35.26966200548853,10.269662005488527,28.010417791577197,3.010417791577197,39.816917,14.816917419433594,25.214528825510758,0.21452882551075803,22.240768,-2.7592315673828125,59.011784,34.011783599853516
1.0,5.7309885909978195,4.7309885909978195,1.6237503115041239,0.6237503115041239,4.8674664,3.867466449737549,12.42397234496584,11.42397234496584,7.6838083,6.683808326721191,25.274643,24.274642944335938
126.0,103.26049311642579,-22.739506883574208,107.50973254314985,-18.490267456850148,109.14451,-16.855491638183594,38.146617151621165,-87.85338284837883,36.02146,-89.9785385131836,80.76769,-45.23230743408203
44.0,40.178378359477975,-3.821621640522025,40.33801879145855,-3.661981208541448,43.78459,-0.2154083251953125,47.016319236901474,3.0163192369014737,30.986826,-13.013174057006836,52.40726,8.40726089477539
25.0,22.633292457923343,-2.3667075420766572,24.096281426944774,-0.903718573055226,24.256489,-0.7435111999511719,21.73777917823974,-3.262220821760259,14.620346,-10.379653930664062,45.94355,20.94355010986328
9.0,44.46221834113672,35.46221834113672,43.81303622033466,34.81303622033466,49.421642,40.4216423034668,42.05001828933851,33.05001828933851,38.487946,29.487945556640625,61.866722,52.866722106933594
14.0,18.074747318249955,4.074747318249955,13.91927389867931,-0.0807261013206908,16.820786,2.8207855224609375,37.156142310742986,23.156142310742986,18.171513,4.171512603759766,27.34544,13.345439910888672
40.0,24.585798768579426,-15.414201231420574,30.954949490150145,-9.045050509849855,31.72083,-8.279169082641602,48.09488446683737,8.094884466837371,34.856632,-5.143367767333984,75.1012,35.1011962890625
25.0,52.4790950933783,27.479095093378298,49.17868002075434,24.178680020754342,47.22785,22.22785186767578,44.4946691483748,19.494669148374797,34.850437,9.85043716430664,65.157425,40.15742492675781
3.0,20.032694194523202,17.032694194523202,7.795132682835851,4.795132682835851,11.190861,8.190860748291016,16.93949444933603,13.939494449336031,12.10045,9.100449562072754,45.97955,42.979549407958984
126.0,124.5255734126984,-1.4744265873015934,127.04614416289803,1.046144162898031,122.36787,-3.6321334838867188,55.8292184333007,-70.1707815666993,30.665257,-95.33474349975586,86.33013,-39.66986846923828
48.0,41.085951155145196,-6.914048844854804,31.2510358718813,-16.7489641281187,36.385406,-11.614593505859375,40.729277787116615,-7.270722212883385,33.316483,-14.683517456054688,62.22448,14.224479675292969
34.0,35.85756367874158,1.8575636787415775,25.26560440730113,-8.73439559269887,33.213894,-0.7861061096191406,35.977007234488696,1.9770072344886955,28.026443,-5.9735565185546875,56.185726,22.185726165771484
52.0,46.03283689477838,-5.967163105221623,49.87117262352772,-2.1288273764722803,48.714855,-3.285144805908203,44.19991316614859,-7.8000868338514096,37.26388,-14.73611831665039,64.75736,12.757362365722656
22.0,82.48523295454547,60.48523295454547,93.63653912205702,71.63653912205702,83.87434,61.87433624267578,45.742399713644566,23.742399713644566,40.991287,18.991287231445312,89.42371,67.42371368408203
39.0,32.1692240599823,-6.830775940017702,36.74036645605824,-2.25963354394176,31.788853,-7.211147308349609,50.18494679601518,11.184946796015183,26.01451,-12.985490798950195,48.512875,9.512874603271484
141.0,127.15803252125689,-13.841967478743115,146.74889457439636,5.74889457439636,132.22379,-8.776214599609375,35.96878057143979,-105.0312194285602,36.801132,-104.19886779785156,83.69349,-57.30651092529297
27.0,49.59937789403018,22.599377894030177,54.99113099372257,27.99113099372257,51.991272,24.99127197265625,38.82519259349678,11.82519259349678,30.35019,3.350189208984375,57.594723,30.594722747802734
65.0,80.87715929703558,15.877159297035575,89.55207476817048,24.552074768170485,84.29243,19.29242706298828,65.37953016786601,0.37953016786600813,55.892605,-9.10739517211914,89.75693,24.756927490234375
3.0,15.729461795199947,12.729461795199947,19.63550504851936,16.63550504851936,18.048943,15.048942565917969,34.431360391759654,31.431360391759654,21.71286,18.712860107421875,61.68362,58.68362045288086
20.0,21.377880906475195,1.3778809064751947,21.20667843659342,1.206678436593421,15.638867,-4.361132621765137,31.641921415605562,11.641921415605562,13.458327,-6.541672706604004,25.482573,5.482572555541992
87.0,42.81071421848725,-44.18928578151275,57.31598934543158,-29.684010654568418,43.005226,-43.994773864746094,31.97517487778332,-55.02482512221668,30.230888,-56.76911163330078,50.15189,-36.84811019897461
121.0,115.30514285714284,-5.69485714285716,125.03000305825617,4.03000305825617,128.20505,7.205047607421875,53.3360235902618,-67.6639764097382,31.852837,-89.14716339111328,85.8904,-35.109596252441406
80.0,81.54394593296826,1.5439459329682563,72.87300203083167,-7.126997969168329,76.59133,-3.4086685180664062,26.251575126468428,-53.748424873531576,15.286427,-64.71357345581055,74.32896,-5.671043395996094
3.0,21.605826156983138,18.605826156983138,18.03798207859859,15.037982078598588,20.033699,17.03369903564453,35.13602588426007,32.13602588426007,20.302704,17.302703857421875,31.785582,28.785581588745117
14.0,9.489955891998296,-4.510044108001704,5.651900507421797,-8.348099492578203,7.538083,-6.461916923522949,29.03411812018912,15.03411812018912,3.8769388,-10.123061180114746,10.071515,-3.9284849166870117
23.0,30.156110617431967,7.156110617431967,26.027158521369575,3.027158521369575,35.345882,12.345882415771484,23.488081939483575,0.4880819394835747,19.247051,-3.752948760986328,54.877056,31.877056121826172
66.0,60.15006078643578,-5.84993921356422,55.983729142326,-10.016270857674002,60.951935,-5.048065185546875,40.86310941474355,-25.136890585256452,15.803106,-50.1968936920166,44.945583,-21.05441665649414
6.0,7.959665522835135,1.9596655228351354,10.251184569103348,4.251184569103348,12.937832,6.937831878662109,26.26207345218927,20.26207345218927,11.61091,5.610910415649414,30.641682,24.641681671142578
7.0,11.369375507617697,4.369375507617697,9.725677023147302,2.725677023147302,10.870096,3.870096206665039,31.219113411336384,24.219113411336384,11.211237,4.211236953735352,31.59793,24.597930908203125
53.0,58.48495868948576,5.484958689485758,78.92639985823688,25.926399858236877,61.113907,8.113906860351562,53.91479490175405,0.9147949017540498,59.292202,6.292201995849609,120.40178,67.40177917480469
73.0,61.03534079233822,-11.964659207661782,60.07081613047146,-12.929183869528543,51.566727,-21.433273315429688,56.678398014259564,-16.321601985740436,31.400671,-41.59932899475098,55.44885,-17.551151275634766
27.0,43.7092743730509,16.709274373050903,42.45400638333798,15.454006383337983,39.74978,12.749778747558594,55.06584727181176,28.065847271811762,47.628777,20.62877655029297,85.6352,58.63520050048828
20.0,23.38267553802664,3.382675538026639,22.021435849214946,2.021435849214946,25.389894,5.389894485473633,30.660781916080516,10.660781916080516,17.883757,-2.116243362426758,27.12051,7.120510101318359
13.0,12.733785947185156,-0.2662140528148438,13.512716347224854,0.5127163472248544,10.058945,-2.9410552978515625,28.194654331603786,15.194654331603786,8.31005,-4.689949989318848,19.81209,6.812089920043945
3.0,11.658375414234179,8.658375414234179,10.454930333267768,7.454930333267768,16.703789,13.703788757324219,27.05093443378415,24.05093443378415,22.622412,19.622411727905273,44.608807,41.60880661010742
29.0,40.193527798564475,11.193527798564475,31.940896531512756,2.940896531512756,38.69354,9.693538665771484,40.447308968007306,11.447308968007306,33.628242,4.628242492675781,57.968273,28.968273162841797
3.0,8.62004722615657,5.62004722615657,10.298414545364167,7.298414545364167,3.038345,0.0383450984954834,27.11429016260465,24.11429016260465,9.563871,6.563871383666992,37.27843,34.2784309387207
46.0,41.447788215365684,-4.552211784634316,43.49422816474253,-2.5057718352574696,40.38477,-5.615230560302734,38.53741751294915,-7.462582487050852,34.697586,-11.302413940429688,51.5521,5.552101135253906
36.0,70.78064374196953,34.78064374196953,73.17748325781196,37.17748325781196,77.56478,41.564781188964844,49.59984605381104,13.599846053811042,33.419838,-2.5801620483398438,58.51977,22.519771575927734
82.0,60.88368736016659,-21.11631263983341,71.41073469174293,-10.589265308257069,65.54432,-16.45568084716797,42.780960984668454,-39.219039015331546,36.457127,-45.54287338256836,65.802795,-16.19720458984375
64.0,62.12191793020386,-1.8780820697961431,63.44048129718938,-0.559518702810621,65.6452,1.64520263671875,59.820264721891775,-4.179735278108225,42.486794,-21.513206481933594,66.288284,2.2882843017578125
3.0,25.10492983931965,22.10492983931965,20.75990512019386,17.75990512019386,19.586084,16.586084365844727,24.87597489544379,21.87597489544379,19.66121,16.661209106445312,38.371025,35.37102508544922
38.0,46.736014572886894,8.736014572886894,40.11404031676953,2.1140403167695325,42.103134,4.1031341552734375,44.23690545125504,6.236905451255041,33.63908,-4.360919952392578,59.857124,21.85712432861328
3.0,4.584662349809455,1.584662349809455,4.308642426748385,1.308642426748385,3.6435614,0.6435613632202148,35.09765712870876,32.09765712870876,3.4591374,0.4591374397277832,6.496997,3.4969968795776367
76.0,60.64264733773459,-15.357352662265413,58.15302944471329,-17.84697055528671,58.97805,-17.021949768066406,64.03250095815511,-11.967499041844889,65.09852,-10.901481628417969,119.3745,43.37449645996094
13.0,43.119770661513066,30.119770661513066,46.37324221602476,33.37324221602476,40.822975,27.822975158691406,39.74890082780459,26.74890082780459,33.182682,20.182682037353516,75.04674,62.04673767089844
67.0,33.64173427885784,-33.35826572114216,56.49051739681039,-10.50948260318961,54.126,-12.874000549316406,61.600909596163234,-5.399090403836766,28.567755,-38.4322452545166,58.839962,-8.160037994384766
46.0,45.98847058195152,-0.011529418048482398,39.878385516592445,-6.121614483407555,37.11356,-8.88644027709961,23.556180335223953,-22.443819664776047,13.058551,-32.94144916534424,38.216694,-7.783306121826172
66.0,56.385331040060585,-9.614668959939415,57.82508031443197,-8.174919685568028,56.45299,-9.547008514404297,49.161348000362906,-16.838651999637094,34.840164,-31.159835815429688,66.83016,0.8301620483398438
16.0,16.46891582365952,0.46891582365951834,16.77641974039427,0.776419740394271,16.667809,0.6678085327148438,16.55159945849752,0.5515994584975203,12.550656,-3.449343681335449,31.541302,15.541301727294922
14.0,29.293725354012786,15.293725354012786,31.719027145947162,17.719027145947162,32.053257,18.05325698852539,42.42308369607672,28.423083696076723,32.29576,18.295761108398438,65.9076,51.90760040283203
20.0,20.34207604490292,0.342076044902921,16.798822927863853,-3.201177072136147,18.551188,-1.448812484741211,57.13596440571809,37.13596440571809,29.726757,9.726757049560547,57.809284,37.80928421020508
72.0,20.042954268252668,-51.95704573174733,24.615429547054994,-47.384570452945006,28.027348,-43.972652435302734,18.06962790755934,-53.93037209244066,12.266197,-59.733802795410156,52.197304,-19.802696228027344
51.0,37.26025884086355,-13.73974115913645,38.804923052046746,-12.195076947953254,37.918007,-13.081993103027344,51.21431782415276,0.2143178241527579,29.159985,-21.840015411376953,52.916904,1.9169044494628906
29.0,22.1264228393438,-6.8735771606562,19.80615128135184,-9.193848718648159,19.893303,-9.106697082519531,22.95009833126523,-6.049901668734769,22.6329,-6.367099761962891,38.061893,9.061893463134766
1.0,3.738374207226963,2.738374207226963,4.8659715264077015,3.8659715264077015,3.7496378,2.7496378421783447,17.410420547875454,16.410420547875454,4.2200747,3.2200746536254883,8.974919,7.974919319152832
2.0,4.597493185156906,2.597493185156906,5.271225205925203,3.2712252059252034,6.3484845,4.348484516143799,6.500607858208298,4.500607858208298,3.3898625,1.3898625373840332,6.9613247,4.961324691772461
56.0,56.229569046046606,0.22956904604660622,58.771346660066826,2.7713466600668255,52.655727,-3.3442726135253906,45.01821244447898,-10.981787555521016,39.695198,-16.30480194091797,70.367355,14.367355346679688
42.0,41.44669402384748,-0.5533059761525223,45.011003510111536,3.0110035101115358,48.65604,6.656040191650391,32.46063862840499,-9.539361371595007,27.56829,-14.431709289550781,52.146748,10.146747589111328
8.0,8.38487538498961,0.38487538498960916,5.739317461106342,-2.260682538893658,5.748959,-2.2510409355163574,36.33003675300873,28.330036753008727,7.775949,-0.22405099868774414,24.894073,16.894073486328125
87.0,74.40879370605336,-12.591206293946641,84.07096657967948,-2.929033420320522,67.92011,-19.07988739013672,38.95760145897906,-48.04239854102094,33.187557,-53.812442779541016,60.756313,-26.24368667602539
12.0,33.42222504970873,21.42222504970873,42.29382718342863,30.293827183428633,51.864273,39.86427307128906,45.76797639528152,33.76797639528152,26.595541,14.595541000366211,62.677532,50.67753219604492
5.0,18.07762935602097,13.07762935602097,25.25190677736208,20.25190677736208,17.455353,12.455352783203125,59.51479215323085,54.51479215323085,34.60272,29.602718353271484,58.23328,53.233280181884766
14.0,16.756856854885363,2.7568568548853634,15.794614429367991,1.794614429367991,14.117253,0.11725330352783203,42.41593869892309,28.415938698923092,20.208372,6.208372116088867,29.874382,15.874382019042969
68.0,86.50209190043783,18.502091900437833,82.97201160035362,14.972011600353625,89.48991,21.489906311035156,58.49592798460556,-9.504072015394442,66.2018,-1.7982025146484375,114.583305,46.58330535888672
74.0,54.55077064487069,-19.44922935512931,54.48824765398298,-19.51175234601702,55.184067,-18.815933227539062,58.71700085225412,-15.282999147745883,42.622547,-31.377452850341797,75.62267,1.6226730346679688
2.0,4.463089252346297,2.463089252346297,5.456845399287327,3.456845399287327,6.6296782,4.629678249359131,28.204062118842117,26.204062118842117,6.1492257,4.14922571182251,19.480658,17.48065757751465
25.0,30.441790317856036,5.441790317856036,32.79522759000729,7.795227590007293,38.87086,13.870861053466797,35.307402039283794,10.307402039283794,18.217794,-6.782205581665039,32.498215,7.4982147216796875
24.0,40.93572774982077,16.93572774982077,36.4706806572619,12.470680657261902,44.82666,20.82666015625,35.234087219202664,11.234087219202664,15.486886,-8.513113975524902,36.157772,12.157772064208984
61.0,24.14614198205217,-36.85385801794783,20.285583273928353,-40.71441672607165,28.291077,-32.70892333984375,22.17964914865228,-38.82035085134772,9.0877075,-51.91229248046875,22.064201,-38.93579864501953
16.0,20.99598107089862,4.995981070898619,19.289094189979014,3.2890941899790143,20.907463,4.907463073730469,37.31885300655053,21.318853006550533,16.35164,0.3516407012939453,27.463137,11.463136672973633
51.0,47.87052993576873,-3.1294700642312705,40.30482408478591,-10.695175915214087,39.388416,-11.611583709716797,56.647860854084044,5.647860854084044,32.848747,-18.15125274658203,57.127705,6.127704620361328
14.0,13.416250707748052,-0.583749292251948,9.514563128005893,-4.485436871994107,11.018516,-2.9814844131469727,13.352560258270586,-0.6474397417294142,6.1444745,-7.855525493621826,15.734657,1.7346572875976562
6.0,4.457793499894494,-1.5422065001055056,5.700007075316051,-0.29999292468394856,7.111018,1.111018180847168,38.56509291474014,32.56509291474014,5.789941,-0.21005916595458984,22.548424,16.548423767089844
91.0,59.84141978700794,-31.158580212992057,65.22084430390949,-25.779155696090513,58.501755,-32.49824523925781,51.13726030175914,-39.86273969824086,24.043365,-66.95663452148438,61.088642,-29.911357879638672
5.0,11.44453461148923,6.44453461148923,9.461472542984975,4.461472542984975,9.879549,4.879549026489258,19.362072058537528,14.362072058537528,13.361853,8.361852645874023,36.02798,31.02798080444336
10.0,31.929867301239856,21.929867301239856,53.441575778491114,43.441575778491114,63.558517,53.55851745605469,38.40558226607465,28.405582266074653,31.096737,21.096736907958984,80.86736,70.86736297607422
20.0,17.965207164309174,-2.0347928356908263,17.86572449945087,-2.13427550054913,17.485323,-2.514677047729492,38.275049096119645,18.275049096119645,12.012882,-7.987117767333984,25.994572,5.994571685791016
65.0,53.73840424925551,-11.26159575074449,56.32214128076215,-8.677858719237847,54.39514,-10.6048583984375,51.45270800222004,-13.547291997779958,34.495636,-30.504364013671875,66.773415,1.7734146118164062
12.0,43.36347074213168,31.363470742131682,48.55868436459407,36.55868436459407,40.273815,28.273815155029297,32.31387013781956,20.313870137819563,30.420778,18.420778274536133,49.661533,37.66153335571289
30.0,48.56672099258543,18.56672099258543,35.23442834047805,5.234428340478047,41.195477,11.195476531982422,38.878792204811745,8.878792204811745,38.510853,8.510852813720703,71.416504,41.41650390625
88.0,66.15631310231896,-21.84368689768104,71.48739888341345,-16.512601116586552,66.607155,-21.392845153808594,49.88043973789608,-38.11956026210392,46.110092,-41.88990783691406,70.15386,-17.84613800048828
3.0,34.00956454331468,31.00956454331468,31.68153926566256,28.68153926566256,25.55389,22.553890228271484,36.822275684248126,33.822275684248126,28.396767,25.396766662597656,64.64174,61.64173889160156
52.0,53.59231181052977,1.5923118105297718,48.19350603039233,-3.806493969607672,48.41904,-3.5809593200683594,44.52150789267675,-7.478492107323248,34.953957,-17.046043395996094,86.43025,34.43025207519531
11.0,37.37825051903862,26.378250519038623,44.31265437883445,33.31265437883445,41.481426,30.481426239013672,40.626819330296804,29.626819330296804,30.53255,19.532550811767578,50.79307,39.79307174682617
2.0,3.4985511900307746,1.4985511900307746,4.103404259932479,2.1034042599324794,5.3572445,3.3572444915771484,13.178326849283536,11.178326849283536,3.258975,1.2589750289916992,6.027151,4.027151107788086
50.0,46.16046240187947,-3.839537598120529,42.143194894885546,-7.856805105114454,37.65357,-12.346431732177734,44.249678564858215,-5.750321435141785,27.213596,-22.78640365600586,50.83129,0.8312911987304688
57.0,60.32893663594472,3.3289366359447214,59.1126236031658,2.112623603165801,54.53325,-2.4667510986328125,62.85811848623618,5.8581184862361795,57.5792,0.5792007446289062,78.185265,21.185264587402344
58.0,29.7148166766891,-28.2851833233109,30.652111392486454,-27.347888607513546,29.020248,-28.979751586914062,37.20343163135878,-20.796568368641218,21.28158,-36.71842002868652,41.186672,-16.81332778930664
17.0,14.901986841225536,-2.0980131587744637,9.176163761296044,-7.823836238703956,13.150044,-3.8499555587768555,33.89612388444627,16.89612388444627,13.971948,-3.02805233001709,23.294382,6.294382095336914
28.0,19.76398959512709,-8.23601040487291,26.430722150534745,-1.569277849465255,25.368317,-2.631683349609375,65.65836245412021,37.65836245412021,28.915607,0.9156074523925781,62.034046,34.0340461730957
58.0,46.741948963216736,-11.258051036783264,44.48959176422252,-13.510408235777483,43.37166,-14.628341674804688,28.19620130354155,-29.80379869645845,19.736973,-38.26302719116211,43.08302,-14.916980743408203
2.0,12.351151838814618,10.351151838814618,14.108689558887683,12.108689558887683,30.678064,28.678064346313477,22.84876911218003,20.84876911218003,7.8581843,5.858184337615967,21.901726,19.90172576904297
4.0,18.461509132875438,14.461509132875438,19.653515624814606,15.653515624814606,13.350755,9.350754737854004,36.960441150690585,32.960441150690585,18.766071,14.766071319580078,27.418827,23.418827056884766
7.0,13.556782268738672,6.556782268738672,14.773319589346404,7.7733195893464035,17.581345,10.581344604492188,31.380349401546738,24.380349401546738,28.05427,21.054269790649414,58.655827,51.655826568603516
30.0,60.317767392288836,30.317767392288836,59.466216354941984,29.466216354941984,62.625618,32.62561798095703,62.90344312562142,32.90344312562142,38.807,8.806999206542969,65.122955,35.122955322265625
4.0,5.825115330517027,1.8251153305170273,10.513198227293167,6.5131982272931666,10.776855,6.77685546875,29.179056009155826,25.179056009155826,19.58487,15.584869384765625,43.925503,39.92550277709961
60.0,61.86329484276432,1.8632948427643186,62.19697349675373,2.1969734967537278,61.616756,1.6167564392089844,36.951251485619956,-23.048748514380044,35.656754,-24.343246459960938,58.593437,-1.4065628051757812
43.0,54.14924503063367,11.149245030633672,48.04140299368,5.041402993680002,54.81354,11.813541412353516,43.999171325937134,0.9991713259371338,29.411232,-13.588768005371094,50.693745,7.693744659423828
8.0,15.127384720533827,7.127384720533827,11.697272432346033,3.6972724323460326,12.5433,4.543299674987793,15.479041928041042,7.479041928041042,6.4263196,-1.5736804008483887,11.523666,3.5236663818359375
14.0,17.643693220877548,3.643693220877548,12.543237469331526,-1.456762530668474,16.53774,2.537740707397461,23.881747068925726,9.881747068925726,19.181873,5.181873321533203,39.415997,25.415996551513672
100.0,15.00759211294865,-84.99240788705134,13.855177261750075,-86.14482273824993,20.791904,-79.20809555053711,32.40924233579392,-67.59075766420608,21.250751,-78.74924850463867,62.997593,-37.00240707397461
106.0,80.00901461933378,-25.990985380666217,68.52941175931824,-37.470588240681764,74.23629,-31.763710021972656,45.48270719838909,-60.51729280161091,34.80289,-71.19710922241211,64.70675,-41.293251037597656
33.0,49.59082434646932,16.59082434646932,45.502136005214346,12.502136005214346,42.170216,9.170215606689453,57.90539692187324,24.90539692187324,53.472385,20.47238540649414,89.567055,56.567054748535156
5.0,39.8039578344876,34.8039578344876,34.233981964634985,29.233981964634985,38.63388,33.633880615234375,19.84078317359076,14.840783173590761,12.327399,7.327399253845215,43.16819,38.168190002441406
0.0,3.0542500424412187,3.0542500424412187,2.237110260302571,2.237110260302571,2.1918232,2.1918232440948486,7.418816723332171,7.418816723332171,11.628302,11.628301620483398,42.726242,42.72624206542969
66.0,57.92619742522367,-8.07380257477633,62.31198940931912,-3.688010590680882,61.523895,-4.476104736328125,52.49079900462524,-13.509200995374762,38.1413,-27.858699798583984,66.86001,0.8600082397460938
36.0,44.23265588854947,8.232655888549473,40.7392838543429,4.739283854342901,48.076523,12.076522827148438,43.41764374542724,7.417643745427242,42.14037,6.140369415283203,58.189056,22.189056396484375
39.0,42.56216286646435,3.562162866464348,41.59537510824754,2.595375108247538,41.163555,2.163555145263672,38.84891659091576,-0.15108340908423656,37.927017,-1.0729827880859375,72.903786,33.903785705566406
81.0,59.17444721642923,-21.82555278357077,61.22507330899773,-19.77492669100227,57.790035,-23.209964752197266,45.590960881608645,-35.409039118391355,38.208263,-42.7917366027832,67.54653,-13.453468322753906
51.0,33.04637201009353,-17.953627989906472,35.80061714053834,-15.199382859461657,30.668009,-20.33199119567871,54.978291052948855,3.9782910529488547,29.000187,-21.999813079833984,50.6986,-0.30139923095703125
49.0,51.25229372218585,2.252293722185847,47.92353763821182,-1.076462361788181,41.163773,-7.8362274169921875,45.30395413844851,-3.6960458615514895,40.905285,-8.094715118408203,84.036804,35.03680419921875
2.0,4.658525310018093,2.658525310018093,5.764387773013279,3.7643877730132793,4.69322,2.6932201385498047,26.171671267609234,24.171671267609234,10.544835,8.544835090637207,42.857086,40.857086181640625
113.0,73.94042305696168,-39.05957694303832,73.15186983305043,-39.84813016694957,80.5184,-32.481597900390625,47.83979252990909,-65.16020747009091,31.424812,-81.57518768310547,67.93122,-45.06877899169922
36.0,39.651482317472365,3.6514823174723645,41.84756814178614,5.847568141786141,39.384136,3.384136199951172,40.98736659226408,4.987366592264081,41.214912,5.214912414550781,61.191994,25.191993713378906
11.0,21.2554076755731,10.2554076755731,21.51872915276545,10.518729152765449,24.58678,13.586780548095703,27.791525410531232,16.791525410531232,11.641647,0.6416473388671875,19.578337,8.578336715698242
59.0,41.85757798030366,-17.14242201969634,42.18203345587835,-16.817966544121653,39.48379,-19.51620864868164,39.50537636940466,-19.494623630595342,29.221056,-29.77894401550293,56.896305,-2.1036949157714844
54.0,26.231988998118254,-27.768011001881746,39.136798674009846,-14.863201325990154,19.598063,-34.40193748474121,15.74707462044336,-38.25292537955664,12.535212,-41.46478843688965,40.69187,-13.308128356933594
84.0,68.37027153733949,-15.629728462660509,72.14047833104777,-11.859521668952226,78.22879,-5.771209716796875,66.93830712991894,-17.06169287008106,52.31731,-31.682689666748047,80.03897,-3.961029052734375
16.0,18.658597659642705,2.6585976596427052,13.882855033935833,-2.117144966064167,15.070166,-0.9298343658447266,24.005504753033374,8.005504753033374,20.015339,4.015338897705078,39.595394,23.595394134521484
66.0,63.51930977941957,-2.4806902205804278,62.76229705584193,-3.237702944158073,64.67942,-1.3205795288085938,50.68456599364057,-15.315434006359432,39.91034,-26.08966064453125,68.17364,2.1736373901367188
62.0,52.6721404806635,-9.3278595193365,52.6907994709658,-9.3092005290342,45.78074,-16.219261169433594,44.22880336754209,-17.771196632457908,27.955872,-34.04412841796875,64.98856,2.9885635375976562
26.0,35.183150329651156,9.183150329651156,34.22206026726663,8.222060267266627,21.822725,-4.177274703979492,41.663203112858646,15.663203112858646,28.735954,2.7359542846679688,74.26707,48.267066955566406
27.0,34.82071129024052,7.820711290240517,35.164109669487914,8.164109669487914,31.844217,4.844217300415039,31.704855824486245,4.704855824486245,33.662045,6.662044525146484,84.666176,57.666175842285156
7.0,11.610881882184582,4.610881882184582,8.653632752613756,1.6536327526137562,9.743125,2.7431249618530273,30.044254702633964,23.044254702633964,11.375226,4.375226020812988,24.91586,17.91585922241211
23.0,19.156838449222818,-3.8431615507771824,18.85814494739556,-4.141855052604441,17.073849,-5.926151275634766,38.98779777610541,15.98779777610541,22.526031,-0.473968505859375,62.493668,39.49366760253906
69.0,63.15747383644114,-5.842526163558858,67.38339402223832,-1.6166059777616795,63.246906,-5.753093719482422,48.570129997700576,-20.429870002299424,43.30144,-25.698558807373047,68.676384,-0.32361602783203125
5.0,5.037073350984014,0.037073350984013764,2.4485900166938612,-2.5514099833061388,2.547671,-2.45232892036438,41.28007609755013,36.28007609755013,6.798666,1.798666000366211,26.017271,21.017271041870117
9.0,7.538658071550359,-1.4613419284496407,6.191506970964587,-2.8084930290354126,7.242343,-1.7576570510864258,6.875991823294097,-2.124008176705903,3.1667275,-5.833272457122803,6.30534,-2.694660186767578
38.0,47.472198463373026,9.472198463373026,32.25014585664873,-5.749854143351271,27.187523,-10.812477111816406,48.77131777284251,10.771317772842508,43.05574,5.0557403564453125,97.52125,59.52124786376953
77.0,74.46473887786493,-2.5352611221350685,70.40431475562072,-6.595685244379283,73.32605,-3.6739501953125,66.91889567904815,-10.081104320951852,38.911537,-38.088462829589844,77.87223,0.8722305297851562
46.0,28.514532891265244,-17.485467108734756,23.93640958150322,-22.06359041849678,20.041376,-25.9586238861084,40.861032442568884,-5.1389675574311156,24.660128,-21.339872360229492,56.0342,10.034198760986328
27.0,36.55476508461776,9.554765084617763,44.043540486935214,17.043540486935214,45.029915,18.02991485595703,50.959651846916806,23.959651846916806,32.201565,5.201564788818359,54.424828,27.424827575683594
2.0,6.230849371265278,4.230849371265278,8.568178835452473,6.568178835452473,1.4036427,-0.5963573455810547,18.449138202405713,16.449138202405713,8.1975975,6.197597503662109,28.598232,26.59823226928711
4.0,9.664945261071825,5.664945261071825,15.077958747596844,11.077958747596844,12.866457,8.866456985473633,32.378754233688426,28.378754233688426,20.532303,16.532302856445312,65.658264,61.65826416015625
20.0,30.93281161706308,10.93281161706308,22.51132429237267,2.51132429237267,19.357962,-0.6420383453369141,24.850268178842505,4.850268178842505,17.986427,-2.0135726928710938,48.171333,28.17133331298828
5.0,11.264079305541763,6.264079305541763,16.36837745662127,11.368377456621271,17.425333,12.425333023071289,22.254188547915074,17.254188547915074,12.30164,7.301639556884766,47.2143,42.214298248291016
55.0,56.583046384903234,1.5830463849032341,57.346221329454764,2.346221329454764,60.46141,5.4614105224609375,46.22998002233301,-8.77001997766699,34.62744,-20.37255859375,74.64115,19.641151428222656
96.0,31.78998899847284,-64.21001100152716,29.338574404558308,-66.6614255954417,34.085472,-61.914527893066406,24.05425570542496,-71.94574429457504,18.986605,-77.01339530944824,63.61609,-32.3839111328125
69.0,71.13457991145626,2.1345799114562567,82.8993996806834,13.899399680683402,88.52134,19.521339416503906,46.86259494272109,-22.13740505727891,37.7483,-31.25170135498047,77.617065,8.6170654296875
5.0,3.913561128838752,-1.0864388711612478,4.147407001976141,-0.8525929980238587,4.286213,-0.7137870788574219,34.89483740574798,29.894837405747978,3.6653352,-1.3346648216247559,6.830181,1.8301811218261719
15.0,20.76505686371809,5.76505686371809,20.595710223817722,5.595710223817722,21.2284,6.228399276733398,33.81490007359256,18.81490007359256,28.337845,13.337844848632812,57.58167,42.581668853759766
3.0,3.6195457576057133,0.6195457576057133,5.432209611514988,2.4322096115149883,5.730334,2.7303338050842285,18.156093180713434,15.156093180713434,3.1501403,0.15014028549194336,5.0218096,2.0218095779418945
35.0,42.82720569402981,7.827205694029807,38.4525908398148,3.4525908398148033,40.810078,5.810077667236328,47.40626084757318,12.40626084757318,39.928497,4.928497314453125,94.21758,59.21758270263672
0.0,26.24517802897909,26.24517802897909,25.717401459028547,25.717401459028547,25.646029,25.646028518676758,26.912323619240258,26.912323619240258,21.664452,21.664451599121094,42.973812,42.973812103271484
45.0,37.655259791234435,-7.344740208765565,39.93032731827862,-5.069672681721379,43.9951,-1.0049018859863281,51.47858764141051,6.478587641410513,47.71958,2.7195816040039062,108.4942,63.49420166015625
41.0,45.036333766485804,4.036333766485804,45.95533513223858,4.955335132238581,46.777542,5.7775421142578125,64.15387430141136,23.153874301411363,31.361967,-9.638032913208008,58.5651,17.565101623535156
211.0,187.10585301789706,-23.89414698210294,174.1368601024791,-36.86313989752091,189.7347,-21.265304565429688,53.651155171162635,-157.34884482883737,53.923584,-157.076416015625,121.12614,-89.87386322021484
34.0,45.945995993564345,11.945995993564345,42.2387630540353,8.238763054035303,51.444183,17.444183349609375,47.00279528807913,13.002795288079128,39.704754,5.704753875732422,94.11906,60.119056701660156
62.0,52.08280601408508,-9.91719398591492,65.03450766129968,3.034507661299685,60.5965,-1.4034996032714844,58.590649792780354,-3.4093502072196458,60.884678,-1.1153221130371094,118.68392,56.683921813964844
39.0,32.457144479734204,-6.542855520265796,19.204838171967207,-19.795161828032793,15.941309,-23.058691024780273,32.31992498953541,-6.680075010464591,25.350357,-13.649642944335938,74.90203,35.90203094482422
37.0,48.024695002493715,11.024695002493715,45.93267056834942,8.932670568349423,49.71802,12.718021392822266,51.02171093255377,14.021710932553773,30.945854,-6.054145812988281,53.009033,16.009033203125
76.0,62.71898395811663,-13.281016041883369,61.86536433903262,-14.134635660967383,63.71717,-12.282829284667969,53.405726744775876,-22.594273255224124,38.181076,-37.81892395019531,65.29197,-10.708030700683594
8.0,11.204312160473119,3.204312160473119,0.9876716140268089,-7.012328385973191,2.473348,-5.526652097702026,14.348404129147568,6.348404129147568,8.836688,0.8366880416870117,27.707077,19.707077026367188
31.0,43.77739317276649,12.777393172766487,38.4281233653776,7.428123365377601,39.467995,8.467994689941406,45.827703420778256,14.827703420778256,35.40204,4.40203857421875,85.76377,54.763771057128906
65.0,28.65419707094124,-36.34580292905876,34.6761820020359,-30.3238179979641,23.454758,-41.54524230957031,39.40310931771045,-25.596890682289548,12.308866,-52.691134452819824,41.304363,-23.695636749267578
6.0,4.142170591379732,-1.857829408620268,5.385054487943739,-0.614945512056261,3.796168,-2.203831911087036,34.47152169922326,28.47152169922326,3.2867749,-2.7132251262664795,6.320956,0.3209562301635742
2.0,4.369092424051084,2.3690924240510842,4.664662166994982,2.664662166994982,4.9996343,2.999634265899658,33.395229520956434,31.395229520956434,3.4819875,1.481987476348877,6.645686,4.645686149597168
43.0,41.446465774535056,-1.5535342254649436,45.985113460390735,2.9851134603907354,39.768074,-3.2319259643554688,53.258143535624,10.258143535624,48.344902,5.344902038574219,102.47661,59.47660827636719
17.0,29.434536673693934,12.434536673693934,27.807577852559987,10.807577852559987,30.718475,13.718475341796875,43.00989124229389,26.00989124229389,33.179424,16.179424285888672,67.643845,50.64384460449219
55.0,56.411592091822776,1.4115920918227758,56.64783407443291,1.6478340744329074,57.68843,2.6884307861328125,52.99595756017466,-2.0040424398253407,44.33439,-10.665611267089844,62.18156,7.181560516357422
30.0,31.868337206603872,1.8683372066038721,20.09661302310111,-9.90338697689889,22.381485,-7.6185150146484375,37.24364530765123,7.243645307651228,20.884365,-9.11563491821289,36.9305,6.930500030517578
55.0,36.478211648144615,-18.521788351855385,33.533718497573545,-21.466281502426455,34.25305,-20.7469482421875,60.224408130345104,5.224408130345104,40.3133,-14.686698913574219,62.566063,7.566062927246094
86.0,52.73235760451427,-33.26764239548573,55.60662016706469,-30.39337983293531,59.75084,-26.249160766601562,20.276329715797907,-65.72367028420209,15.37329,-70.62670993804932,59.91489,-26.08510971069336
6.0,14.281175367687865,8.281175367687865,16.780334890805147,10.780334890805147,9.661485,3.661484718322754,66.19531995876639,60.19531995876639,27.232784,21.232784271240234,60.989758,54.9897575378418
4.0,8.154505765761938,4.154505765761938,17.24310323027881,13.243103230278809,22.803402,18.803401947021484,30.147505436920547,26.147505436920547,16.735273,12.735273361206055,70.06695,66.06694793701172
3.0,22.02428533327844,19.02428533327844,10.600419213519038,7.600419213519038,8.48082,5.4808197021484375,9.491056739586163,6.491056739586163,12.018714,9.01871395111084,43.83011,40.830108642578125
9.0,18.15472112595343,9.15472112595343,14.446301618280247,5.446301618280247,10.415664,1.415663719177246,18.33101290402355,9.331012904023549,13.654297,4.654296875,53.724453,44.72445297241211
64.0,51.72371247020773,-12.27628752979227,41.885540341643754,-22.114459658356246,47.81463,-16.18537139892578,22.54794329745706,-41.45205670254294,13.497698,-50.502302169799805,37.40378,-26.59621810913086
46.0,62.49609525859656,16.49609525859656,47.85039461973877,1.850394619738772,57.524395,11.524394989013672,62.08511400029623,16.08511400029623,41.646996,-4.353004455566406,74.81521,28.815208435058594
2.0,30.750984596970483,28.750984596970483,30.339598918018755,28.339598918018755,27.802332,25.802331924438477,55.457365909423395,53.457365909423395,27.879314,25.879314422607422,52.6061,50.60609817504883
23.0,27.506756724124298,4.506756724124298,18.376549347390636,-4.623450652609364,21.232512,-1.7674884796142578,33.0598508683196,10.0598508683196,23.469227,0.4692268371582031,44.51411,21.514110565185547
8.0,4.796096679277916,-3.203903320722084,5.2673888216713465,-2.7326111783286535,5.440419,-2.5595808029174805,15.801422304317121,7.801422304317121,3.964209,-4.035790920257568,7.611223,-0.3887767791748047
19.0,63.56255700578763,44.56255700578763,76.59323173798268,57.59323173798268,63.887615,44.88761520385742,23.189198557409455,4.189198557409455,19.64235,0.6423492431640625,57.6096,38.60960006713867
9.0,8.022609813241852,-0.9773901867581483,7.623411495784381,-1.3765885042156194,8.082345,-0.9176549911499023,28.841333236259754,19.841333236259754,10.596304,1.596303939819336,32.912003,23.912002563476562
49.0,42.51224997543247,-6.487750024567532,43.816055279395066,-5.183944720604934,43.944786,-5.055213928222656,38.30872177539596,-10.69127822460404,40.66975,-8.330249786376953,67.77774,18.777740478515625
172.0,34.86998332046884,-137.13001667953117,22.272592156806102,-149.7274078431939,18.328081,-153.67191886901855,13.981430869569472,-158.01856913043054,12.763011,-159.23698902130127,46.44637,-125.55363082885742
5.0,8.999268424121937,3.9992684241219365,9.923486853782224,4.923486853782224,11.799501,6.799501419067383,30.12095326919953,25.12095326919953,8.258494,3.2584943771362305,19.781849,14.781848907470703
78.0,60.96182866195669,-17.038171338043313,64.22387077332507,-13.776129226674925,64.849724,-13.150276184082031,46.6388984911874,-31.361101508812602,25.691925,-52.308074951171875,59.41435,-18.585651397705078
39.0,41.70936905529906,2.7093690552990566,38.805314858061905,-0.19468514193809483,39.26106,0.2610588073730469,39.48978683685125,0.4897868368512519,26.265898,-12.734102249145508,41.04051,2.040508270263672
25.0,20.55189383985511,-4.448106160144889,13.002466492989544,-11.997533507010456,14.744516,-10.255483627319336,35.823803964825544,10.823803964825544,13.315762,-11.68423843383789,22.98134,-2.0186595916748047
18.0,37.24405547951265,19.244055479512653,34.236615859898386,16.236615859898386,44.25663,26.256629943847656,51.03616438763423,33.03616438763423,33.677254,15.677253723144531,67.50184,49.50183868408203
3.0,4.346509479554546,1.3465094795545456,2.38504462506576,-0.6149553749342398,3.6112852,0.6112852096557617,37.45886967240323,34.45886967240323,3.4651113,0.46511125564575195,6.4678717,3.46787166595459
39.0,38.670983479964995,-0.3290165200350046,34.076138888969766,-4.923861111030234,34.703632,-4.296367645263672,44.56790291688122,5.5679029168812235,22.810804,-16.18919563293457,31.987925,-7.012075424194336
34.0,24.494551299508476,-9.505448700491524,20.13669778921726,-13.863302210782741,24.730236,-9.269763946533203,48.87768110997768,14.87768110997768,29.993923,-4.006076812744141,57.116,23.11600112915039
62.0,44.937777120281154,-17.062222879718846,50.016923474645964,-11.983076525354036,22.39588,-39.6041202545166,39.63643298690384,-22.36356701309616,12.815561,-49.184438705444336,43.139553,-18.86044692993164
76.0,70.14622891558079,-5.853771084419208,65.71369681986546,-10.286303180134539,66.97864,-9.0213623046875,34.29784520943994,-41.70215479056006,29.151886,-46.848114013671875,54.696632,-21.303367614746094
57.0,52.14946158185474,-4.850538418145263,51.388450741196294,-5.611549258803706,55.515347,-1.4846534729003906,52.918340729060155,-4.081659270939845,50.722153,-6.2778472900390625,97.70395,40.703948974609375
73.0,70.05633845557924,-2.943661544420763,74.84394217430415,1.8439421743041464,75.58878,2.5887832641601562,61.86028974075256,-11.139710259247437,48.80114,-24.19886016845703,79.31976,6.31976318359375
92.0,33.82411280909329,-58.17588719090671,34.4002049172081,-57.5997950827919,31.038063,-60.961936950683594,22.230390455656988,-69.76960954434301,16.717756,-75.2822437286377,61.61762,-30.382381439208984
9.0,18.975663255367028,9.975663255367028,19.010077383104626,10.010077383104626,22.236925,13.23692512512207,53.87354278529961,44.87354278529961,29.697948,20.697948455810547,54.2227,45.22269821166992
97.0,50.371386139886205,-46.628613860113795,29.066064934224293,-67.9339350657757,39.48858,-57.51142120361328,41.92159602576972,-55.07840397423028,28.236782,-68.76321792602539,77.15826,-19.84174346923828
21.0,65.68340858046459,44.68340858046459,68.33177712805974,47.33177712805974,66.29751,45.297508239746094,61.6384289004295,40.6384289004295,52.53525,31.53525161743164,74.747955,53.747955322265625
0.0,0.0,0.0,-0.7833210342924782,-0.7833210342924782,-1.1126921,-1.11269211769104,15.045447767282948,15.045447767282948,0.0326041,0.032604098320007324,0.063577175,0.06357717514038086
34.0,32.33173351667097,-1.6682664833290275,32.13566577973476,-1.864334220265242,34.53467,0.5346717834472656,33.68043320322658,-0.31956679677342237,19.353415,-14.646585464477539,36.89633,2.896331787109375
17.0,19.145110686759118,2.145110686759118,17.24937352673382,0.24937352673381952,16.238047,-0.7619533538818359,23.03315331478177,6.033153314781771,15.496794,-1.5032062530517578,34.8428,17.84280014038086
202.0,131.66748115484134,-70.33251884515866,111.12149732604327,-90.87850267395673,91.90868,-110.09131622314453,48.69279777006585,-153.30720222993415,44.894928,-157.10507202148438,108.94285,-93.0571517944336
64.0,43.18054383260833,-20.81945616739167,41.57621533716439,-22.423784662835608,39.14703,-24.852970123291016,47.573179486079695,-16.426820513920305,36.425518,-27.574481964111328,64.45777,0.45777130126953125
64.0,44.00800393200376,-19.99199606799624,45.31885830900296,-18.681141690997038,41.4231,-22.576900482177734,44.8251655965379,-19.1748344034621,28.38621,-35.61379051208496,67.138336,3.138336181640625
46.0,39.18922886795946,-6.810771132040543,32.446181923592604,-13.553818076407396,36.411068,-9.588932037353516,53.43957689226657,7.439576892266572,28.612854,-17.38714599609375,51.759014,5.759014129638672
52.0,48.917279880984445,-3.082720119015555,51.76818839751004,-0.23181160248996235,45.051167,-6.948833465576172,18.224905924294692,-33.77509407570531,11.424072,-40.575927734375,43.89664,-8.10335922241211
34.0,42.57891506141154,8.578915061411543,41.85452524179774,7.854525241797738,40.467926,6.467926025390625,32.7924991286871,-1.2075008713129023,24.319847,-9.680152893066406,73.212135,39.212135314941406
9.0,5.286641487705011,-3.713358512294989,10.00205963864399,1.0020596386439902,5.410385,-3.5896148681640625,22.4410828906694,13.4410828906694,3.5802917,-5.419708251953125,7.3436327,-1.656367301940918
119.0,15.392208389795382,-103.60779161020461,21.423360072795866,-97.57663992720413,18.418095,-100.58190536499023,15.753056250580421,-103.24694374941959,9.2465925,-109.75340747833252,33.901352,-85.09864807128906
28.0,28.132728616871976,0.1327286168719759,30.507603200310008,2.507603200310008,26.532248,-1.467752456665039,28.562154677855354,0.5621546778553537,17.322842,-10.67715835571289,31.825481,3.825481414794922
69.0,56.33701940480595,-12.66298059519405,59.5073111026182,-9.492688897381797,57.74585,-11.254150390625,46.04185557861878,-22.95814442138122,33.7284,-35.27159881591797,62.410526,-6.589473724365234
27.0,26.933194139194125,-0.06680586080587503,25.58768539431117,-1.412314605688831,23.868065,-3.1319351196289062,31.02794076573059,4.027940765730591,4.591804,-22.408195972442627,24.185514,-2.814485549926758
32.0,36.08470316658051,4.0847031665805105,32.70746545016377,0.7074654501637667,35.349274,3.349273681640625,25.433701734617216,-6.566298265382784,18.179253,-13.820747375488281,34.591045,2.591045379638672
35.0,41.48281434549099,6.4828143454909934,41.040140471551766,6.040140471551766,41.64895,6.648948669433594,43.562882733407776,8.562882733407776,41.807228,6.807228088378906,57.212296,22.212295532226562
16.0,43.97602185130034,27.976021851300338,53.54700665143686,37.54700665143686,54.315716,38.31571578979492,43.32279027381115,27.32279027381115,30.663223,14.663223266601562,53.56876,37.56875991821289
43.0,40.0005752025111,-2.9994247974888992,39.97702451232454,-3.0229754876754598,40.31426,-2.685741424560547,28.16735116943704,-14.83264883056296,27.177755,-15.822244644165039,44.747723,1.7477226257324219
75.0,62.64298428149168,-12.357015718508322,58.30839283034809,-16.69160716965191,70.66018,-4.339820861816406,58.09255181302667,-16.907448186973333,32.282993,-42.71700668334961,56.74735,-18.25265121459961
14.0,20.451898593741902,6.451898593741902,20.8774940990304,6.8774940990304,20.547962,6.547962188720703,34.786003117837005,20.786003117837005,21.131584,7.131584167480469,39.977154,25.977153778076172
7.0,5.747394859427239,-1.2526051405727614,5.734966209735498,-1.2650337902645017,9.869482,2.8694820404052734,8.631172884802346,1.6311728848023463,3.4921942,-3.507805824279785,7.891242,0.8912420272827148
116.0,46.209950061524424,-69.79004993847558,35.105327371255704,-80.8946726287443,51.709934,-64.29006576538086,38.04949524693663,-77.95050475306337,30.30389,-85.69610977172852,70.79613,-45.20387268066406
54.0,42.08722450936716,-11.91277549063284,39.55021054664153,-14.44978945335847,39.13087,-14.869129180908203,39.32092223253538,-14.67907776746462,39.367325,-14.632675170898438,70.67232,16.672317504882812
26.0,29.170209004904745,3.170209004904745,24.651658322162163,-1.348341677837837,24.392529,-1.6074714660644531,33.10586134055849,7.105861340558491,22.903765,-3.0962352752685547,47.678474,21.67847442626953
56.0,46.965219002343865,-9.034780997656135,45.26385727308164,-10.73614272691836,44.707836,-11.292163848876953,49.805327410216364,-6.194672589783636,30.321884,-25.678115844726562,45.257587,-10.742412567138672
7.0,18.44381083280691,11.44381083280691,18.115677390428896,11.115677390428896,18.598732,11.598731994628906,12.091105835446157,5.091105835446157,6.6281896,-0.3718104362487793,21.489408,14.489408493041992
28.0,27.67134950588941,-0.32865049411059033,36.48615760097298,8.48615760097298,58.03563,30.035629272460938,41.288697275396245,13.288697275396245,31.274906,3.2749061584472656,63.117996,35.11799621582031
1.0,5.29187021655212,4.29187021655212,2.620577471723668,1.620577471723668,5.7044544,4.70445442199707,17.5851737641229,16.5851737641229,7.345209,6.345209121704102,31.966866,30.96686553955078
20.0,23.724966673561394,3.7249666735613935,24.854513876242475,4.854513876242475,23.79495,3.794950485229492,30.975764861567228,10.975764861567228,18.343246,-1.6567535400390625,34.405037,14.405036926269531
75.0,76.18134301809299,1.1813430180929885,78.44279748065206,3.442797480652061,76.920715,1.92071533203125,52.8584221817505,-22.1415778182495,48.856464,-26.143535614013672,103.94215,28.94214630126953
35.0,47.36993849206353,12.369938492063532,47.50037795027552,12.50037795027552,46.211445,11.211444854736328,22.327141055872072,-12.672858944127928,15.898719,-19.10128116607666,36.033787,1.0337867736816406
34.0,29.062466475639845,-4.9375335243601555,28.599193440903388,-5.400806559096612,27.429205,-6.570795059204102,41.00089711571316,7.000897115713158,21.04131,-12.958690643310547,30.505646,-3.494354248046875
8.0,21.141170177041005,13.141170177041005,13.900986949159158,5.900986949159158,12.212144,4.212143898010254,52.56600441295518,44.56600441295518,29.086626,21.086626052856445,43.719032,35.719032287597656
10.0,13.410827041382861,3.410827041382861,13.135731784587756,3.1357317845877564,12.174241,2.174241065979004,18.633510170729004,8.633510170729004,11.685146,1.6851463317871094,37.24588,27.245880126953125
27.0,93.80237434602037,66.80237434602037,90.15151723876845,63.15151723876845,85.90553,58.90553283691406,48.30815602632957,21.30815602632957,46.47764,19.477638244628906,111.46189,84.4618911743164
70.0,31.438139511320582,-38.561860488679415,32.356407843585366,-37.643592156414634,33.988018,-36.01198196411133,59.76643305538885,-10.233566944611148,37.048298,-32.95170211791992,63.66987,-6.330131530761719
0.0,15.684132669573076,15.684132669573076,7.040829565649746,7.040829565649746,-3.7505038,-3.7505037784576416,-4.567219963328469,-4.567219963328469,0.71120477,0.7112047672271729,1.5448377,1.5448377132415771
41.0,24.141216505685605,-16.858783494314395,15.95328962332425,-25.046710376675748,18.32449,-22.67551040649414,36.13926929030784,-4.860730709692163,9.666516,-31.333483695983887,25.157871,-15.84212875366211
43.0,55.08061079859921,12.08061079859921,54.80259593343331,11.80259593343331,49.944046,6.9440460205078125,55.572954567797595,12.572954567797595,52.725815,9.725814819335938,73.422295,30.42229461669922
65.0,46.5540234592432,-18.445976540756803,47.903926276853234,-17.096073723146766,46.350822,-18.64917755126953,34.89671442015181,-30.10328557984819,28.964062,-36.03593826293945,54.290684,-10.70931625366211
15.0,22.955904582174295,7.955904582174295,16.366068075719266,1.3660680757192658,21.041773,6.041772842407227,23.435763723721404,8.435763723721404,14.673782,-0.3262176513671875,37.074764,22.074764251708984
0.0,3.1919220572599043,3.1919220572599043,1.8730346430652438,1.8730346430652438,2.497811,2.4978110790252686,-2.384697204778803,-2.384697204778803,-0.24252307,-0.24252307415008545,0.59613407,0.5961340665817261
7.0,5.88946478297603,-1.11053521702397,5.801434891982453,-1.1985651080175472,4.952093,-2.0479068756103516,19.645750950411852,12.645750950411852,3.8165627,-3.1834373474121094,7.5962267,0.596226692199707
60.0,45.37882741054649,-14.621172589453508,52.51880844485659,-7.481191555143411,45.268036,-14.731964111328125,45.23684088195895,-14.763159118041052,35.218105,-24.78189468383789,65.33615,5.336151123046875
19.0,26.939903232412103,7.939903232412103,17.96815887910354,-1.031841120896459,13.692811,-5.307188987731934,24.18425777551738,5.184257775517381,17.878342,-1.1216583251953125,36.982754,17.98275375366211
1.0,24.512661154571006,23.512661154571006,28.37068675937395,27.37068675937395,27.68972,26.689720153808594,33.823906927148904,32.823906927148904,20.091248,19.09124755859375,58.160152,57.160152435302734
36.0,37.065380098300736,1.0653800983007358,35.28458927307428,-0.7154107269257182,31.343184,-4.656816482543945,48.32460411675144,12.324604116751438,42.44664,6.4466400146484375,99.571335,63.57133483886719
1.0,19.15156578952322,18.15156578952322,17.834121621421925,16.834121621421925,16.259401,15.259401321411133,43.95471251635346,42.95471251635346,26.97797,25.977970123291016,62.818134,61.81813430786133
64.0,59.22831140346425,-4.771688596535753,56.52139628631566,-7.478603713684343,52.69817,-11.301830291748047,61.75866530655263,-2.241334693447371,62.874283,-1.1257171630859375,127.00114,63.001136779785156
8.0,41.68243574896015,33.68243574896015,46.2072404281309,38.2072404281309,38.318092,30.318092346191406,19.847382752218742,11.847382752218742,10.987191,2.9871912002563477,35.16656,27.166561126708984
68.0,158.9216958596958,90.9216958596958,195.9017181785183,127.90171817851831,169.24072,101.24072265625,61.19317213246225,-6.8068278675377485,67.30652,-0.6934814453125,133.52351,65.52351379394531
15.0,17.333401703272887,2.3334017032728873,18.94527027178811,3.945270271788111,21.723211,6.723211288452148,25.29099798514853,10.290997985148529,12.629592,-2.370408058166504,30.93729,15.93729019165039
16.0,62.843869449110734,46.843869449110734,43.9754627573341,27.9754627573341,46.781673,30.781673431396484,44.83499169618857,28.834991696188567,36.603786,20.60378646850586,102.88566,86.88565826416016
31.0,31.314302835100545,0.3143028351005448,29.39260286603963,-1.6073971339603688,33.96689,2.966888427734375,26.69575123094431,-4.30424876905569,20.017899,-10.982101440429688,41.584953,10.584953308105469
39.0,17.323130833562246,-21.676869166437754,21.30300310637891,-17.69699689362109,17.17789,-21.82210922241211,34.654397604020524,-4.345602395979476,15.213251,-23.7867488861084,32.0029,-6.997100830078125
11.0,5.157841658466599,-5.842158341533401,4.43301278261264,-6.56698721738736,5.5709267,-5.429073333740234,31.616728828766462,20.616728828766462,3.007173,-7.99282693862915,5.9968977,-5.0031023025512695
13.0,12.37104878786601,-0.6289512121339893,11.128129452319016,-1.8718705476809845,10.177088,-2.8229122161865234,17.240988769311105,4.240988769311105,9.519436,-3.4805641174316406,17.882034,4.8820343017578125
52.0,41.259316328378084,-10.740683671621916,40.885552167310195,-11.114447832689805,42.559383,-9.440616607666016,42.890131898883645,-9.109868101116355,37.430637,-14.56936264038086,55.29028,3.2902793884277344
3.0,24.311265586525746,21.311265586525746,21.71120563033541,18.71120563033541,20.40163,17.401630401611328,14.860288192056863,11.860288192056863,8.804628,5.804628372192383,27.596725,24.596725463867188
13.0,16.17630116803486,3.176301168034861,21.206073390545143,8.206073390545143,13.269535,0.2695350646972656,44.060509601545874,31.060509601545874,19.395283,6.395282745361328,54.374973,41.37497329711914
61.0,46.36357212223853,-14.63642787776147,39.945625437542866,-21.054374562457134,42.06523,-18.934768676757812,37.49184649260187,-23.508153507398127,15.211121,-45.78887939453125,38.91924,-22.080760955810547
11.0,16.937327325459574,5.937327325459574,12.958012997062609,1.9580129970626086,16.179497,5.179496765136719,35.54335387682181,24.54335387682181,15.0959215,4.095921516418457,23.304716,12.304716110229492
3.0,34.95734620484198,31.957346204841983,19.093389801875546,16.093389801875546,23.4567,20.45669937133789,28.40536302386364,25.40536302386364,22.15849,19.158489227294922,81.544846,78.54484558105469
6.0,8.994973926776463,2.9949739267764635,9.709981974065473,3.7099819740654727,8.271696,2.271696090698242,25.631233282946717,19.631233282946717,10.014499,4.014498710632324,30.931938,24.93193817138672
18.0,27.07575555515145,9.07575555515145,23.817389832232514,5.817389832232514,26.898268,8.89826774597168,29.917313211888224,11.917313211888224,26.081615,8.081615447998047,47.00459,29.004589080810547
27.0,52.03345301077093,25.033453010770927,43.038066055402304,16.038066055402304,44.548225,17.54822540283203,49.20431856868556,22.204318568685558,33.569084,6.569084167480469,64.02027,37.02027130126953
4.0,16.45460377698483,12.454603776984829,28.584431018059203,24.584431018059203,35.29577,31.29576873779297,32.44023562154064,28.440235621540637,23.012407,19.012407302856445,75.36276,71.36276245117188
39.0,30.223348660451443,-8.776651339548557,26.970340681862165,-12.029659318137835,20.91465,-18.085350036621094,47.1434137471069,8.143413747106898,31.568201,-7.431798934936523,60.32962,21.329620361328125
24.0,20.160706532909124,-3.839293467090876,25.469283828506686,1.4692838285066863,23.26697,-0.7330303192138672,38.916624672778326,14.916624672778326,17.41327,-6.586729049682617,35.30283,11.30282974243164
8.0,9.700395457977693,1.7003954579776934,9.667148102499814,1.667148102499814,10.937042,2.937042236328125,33.49370382172333,25.49370382172333,10.391867,2.391866683959961,22.968817,14.968816757202148
42.0,39.03824405743318,-2.9617559425668176,38.23744412494197,-3.762555875058027,36.556774,-5.443225860595703,61.57161074527097,19.571610745270974,27.327574,-14.672426223754883,53.618793,11.618793487548828
60.0,47.58202128840536,-12.417978711594643,52.98776667207549,-7.012233327924513,55.456486,-4.543514251708984,45.42239718732519,-14.577602812674812,36.49279,-23.50720977783203,57.376286,-2.6237144470214844
82.0,18.636490918031782,-63.36350908196822,17.94679302016101,-64.05320697983899,33.798584,-48.201416015625,23.428760249010907,-58.57123975098909,14.269535,-67.73046493530273,60.161335,-21.838665008544922
16.0,35.49670767956097,19.49670767956097,31.22008822660145,15.220088226601451,36.820034,20.82003402709961,25.023652545423808,9.023652545423808,21.424091,5.424091339111328,56.320423,40.3204231262207
12.0,15.540546860296155,3.540546860296155,11.641139765707749,-0.35886023429225133,10.004629,-1.995370864868164,27.53943046896769,15.53943046896769,15.95776,3.9577598571777344,33.990627,21.99062728881836
15.0,57.53957355178599,42.53957355178599,56.458383153750006,41.458383153750006,54.025665,39.025665283203125,61.73649424975268,46.73649424975268,62.78073,47.780731201171875,116.38933,101.38932800292969
93.0,75.71253162869738,-17.287468371302623,49.61547644829509,-43.38452355170491,61.52309,-31.476909637451172,40.53745670157815,-52.46254329842185,33.146233,-59.85376739501953,71.85763,-21.142372131347656
61.0,48.22287565882171,-12.777124341178293,45.27243759431236,-15.727562405687642,42.92218,-18.07781982421875,57.58473028436195,-3.415269715638047,58.233654,-2.766345977783203,80.14157,19.141571044921875
44.0,44.58055568139334,0.5805556813933421,45.186987823744474,1.1869878237444738,42.443268,-1.556732177734375,44.32484947942873,0.3248494794287282,31.599773,-12.400226593017578,57.20488,13.204879760742188
20.0,23.768117316231777,3.768117316231777,28.696297742481622,8.696297742481622,23.064337,3.0643367767333984,38.912709631620245,18.912709631620245,14.720121,-5.279878616333008,24.566607,4.566606521606445
21.0,22.587085160427822,1.5870851604278222,18.78750425444274,-2.212495745557259,18.61498,-2.385019302368164,23.358127658374773,2.358127658374773,13.514294,-7.485706329345703,27.815828,6.815828323364258
8.0,4.377862765689074,-3.6221372343109257,5.1537413553268605,-2.8462586446731395,5.918972,-2.0810279846191406,36.85874519467681,28.858745194676807,4.0844,-3.915599822998047,7.8407545,-0.15924549102783203
16.0,29.609967535368714,13.609967535368714,17.409180874352224,1.4091808743522236,20.21568,4.215679168701172,45.00940052674995,29.00940052674995,28.456057,12.456056594848633,66.07556,50.0755615234375
18.0,11.16324124513891,-6.836758754861091,9.111210688654117,-8.888789311345883,4.801823,-13.198176860809326,17.340519148364407,-0.6594808516355926,4.7479606,-13.252039432525635,10.6137495,-7.3862504959106445
17.0,10.448439826857925,-6.551560173142075,9.427546404100445,-7.572453595899555,6.7645817,-10.235418319702148,17.883741608907922,0.883741608907922,4.608382,-12.391617774963379,12.573699,-4.426301002502441
31.0,41.37423166752225,10.374231667522253,42.705945717927165,11.705945717927165,45.75504,14.75503921508789,41.808697249053594,10.808697249053594,41.673294,10.673294067382812,59.80888,28.808879852294922
135.0,135.53961381673878,0.539613816738779,131.34674677122024,-3.6532532287797608,125.5124,-9.487602233886719,61.696456579963886,-73.3035434200361,29.863255,-105.13674545288086,90.74191,-44.258087158203125
4.0,5.808948842578991,1.8089488425789906,2.648710198164037,-1.351289801835963,4.40846,0.4084601402282715,11.473419252330729,7.473419252330729,3.9996967,-0.0003032684326171875,12.430582,8.430582046508789
12.0,59.850602014896594,47.850602014896594,66.77395264124605,54.773952641246055,55.47037,43.47037124633789,42.983333010766884,30.983333010766884,32.592766,20.59276580810547,92.88955,80.8895492553711
46.0,38.20074484057038,-7.79925515942962,37.62365468459319,-8.376345315406809,37.386185,-8.613815307617188,45.99435604193124,-0.005643958068759503,29.75999,-16.240009307861328,51.335804,5.335803985595703
40.0,42.832538356402296,2.8325383564022957,50.86380798312242,10.86380798312242,56.501316,16.50131607055664,45.278670132050294,5.278670132050294,38.59461,-1.4053916931152344,95.05102,55.05101776123047
41.0,40.84007737130426,-0.15992262869573892,40.36696713529409,-0.6330328647059105,38.71588,-2.28411865234375,47.37066175088924,6.370661750889241,31.444191,-9.555809020996094,51.882168,10.88216781616211
1.0,8.221291987725037,7.221291987725037,11.480752103661953,10.480752103661953,10.0228195,9.022819519042969,12.675922997321077,11.675922997321077,5.177155,4.177155017852783,12.013424,11.013423919677734
32.0,38.031831710686966,6.031831710686966,39.43969752660704,7.439697526607041,34.482395,2.4823951721191406,47.607712354545185,15.607712354545185,34.130714,2.1307144165039062,87.62787,55.62786865234375
54.0,51.89474580436337,-2.1052541956366326,54.86314216709636,0.8631421670963633,57.88678,3.88677978515625,43.02439793221089,-10.975602067789112,40.52633,-13.473670959472656,61.866325,7.866325378417969
75.0,70.33724832451145,-4.6627516754885505,62.36578216258384,-12.63421783741616,61.86859,-13.13140869140625,66.83393448113603,-8.166065518863974,36.284172,-38.71582794189453,82.40684,7.406837463378906
30.0,37.0685197127434,7.068519712743402,54.00696293253205,24.006962932532048,47.38224,17.382240295410156,42.52926850490977,12.529268504909773,31.560034,1.5600337982177734,64.78595,34.78594970703125
27.0,25.55487771036815,-1.4451222896318505,19.89938222322591,-7.10061777677409,21.65884,-5.341159820556641,37.84815219194514,10.84815219194514,17.581106,-9.418893814086914,26.438187,-0.5618133544921875
49.0,42.786439007911724,-6.213560992088276,44.1140748125602,-4.885925187439803,45.384235,-3.615764617919922,48.2557658307301,-0.7442341692699017,21.167843,-27.832157135009766,36.221943,-12.778057098388672
35.0,37.01351134613342,2.01351134613342,30.453600088859222,-4.546399911140778,30.259619,-4.740381240844727,36.528887394427976,1.5288873944279757,37.589314,2.589313507080078,66.24929,31.249290466308594
45.0,52.05665312960202,7.056653129602019,41.77032647197158,-3.229673528028421,49.70901,4.709011077880859,41.11240640690388,-3.8875935930961205,40.569588,-4.430412292480469,46.86641,1.8664093017578125
24.0,50.92034272909639,26.92034272909639,35.90687193428053,11.906871934280531,36.306007,12.306007385253906,43.045478459506135,19.045478459506135,33.686962,9.686962127685547,60.525166,36.52516555786133
55.0,43.40146340633847,-11.598536593661528,38.78436653772632,-16.21563346227368,45.452553,-9.547447204589844,39.033962604192446,-15.966037395807554,22.736599,-32.26340103149414,52.79934,-2.2006607055664062
145.0,132.48389087301587,-12.516109126984134,134.44676611480674,-10.553233885193265,136.43414,-8.56585693359375,63.6854611743485,-81.31453882565151,61.000084,-83.99991607666016,122.32138,-22.678619384765625
28.0,30.25081247504249,2.2508124750424905,30.001282449428725,2.001282449428725,36.481266,8.481266021728516,20.261948255073754,-7.738051744926246,13.260208,-14.739791870117188,27.346231,-0.6537685394287109
56.0,65.45725975887241,9.45725975887241,85.02865128596943,29.02865128596943,76.93165,20.93164825439453,56.19739046029004,0.1973904602900376,53.530113,-2.4698867797851562,84.63024,28.63024139404297
28.0,38.95634533364523,10.956345333645231,32.86571587343761,4.865715873437608,37.387897,9.387897491455078,40.176021404876465,12.176021404876465,39.251213,11.251213073730469,55.07844,27.078441619873047
37.0,57.12479597309591,20.124795973095907,54.25493804473766,17.254938044737663,50.07265,13.072650909423828,51.762422532546594,14.762422532546594,50.199135,13.199134826660156,71.512276,34.51227569580078
7.0,19.384851918782957,12.384851918782957,28.847362683683894,21.847362683683894,15.9015465,8.901546478271484,40.09529941355871,33.09529941355871,29.892204,22.89220428466797,61.37264,54.37263870239258
10.0,12.796889432218126,2.7968894322181264,21.569442819718507,11.569442819718507,17.88727,7.887269973754883,20.262337549432175,10.262337549432175,15.074523,5.074522972106934,57.61913,47.6191291809082
26.0,30.141100554901456,4.141100554901456,25.997078428989266,-0.002921571010734425,28.311087,2.311086654663086,40.305598607417494,14.305598607417494,30.768261,4.768260955810547,61.290802,35.290802001953125
214.0,194.70837651418628,-19.291623485813716,198.1471589205818,-15.852841079418198,206.3788,-7.6212005615234375,54.13609312741792,-159.86390687258208,57.386322,-156.61367797851562,124.04124,-89.9587631225586
13.0,24.02603955898504,11.02603955898504,28.23024675125092,15.23024675125092,31.679815,18.6798152923584,39.972755319953144,26.972755319953144,18.11268,5.112680435180664,45.837196,32.837196350097656
14.0,22.228119015157993,8.228119015157993,18.387132208492673,4.387132208492673,22.294147,8.294147491455078,55.939904387466825,41.939904387466825,31.765186,17.765186309814453,58.14507,44.14506912231445
6.0,39.46066945860214,33.46066945860214,38.62237617264074,32.62237617264074,46.0011,40.0010986328125,16.525367187583058,10.525367187583058,13.756575,7.756574630737305,45.019066,39.019065856933594
20.0,14.385497638957526,-5.614502361042474,18.753463857550532,-1.246536142449468,17.587103,-2.4128971099853516,34.21754642997894,14.217546429978938,8.122292,-11.877708435058594,21.76054,1.7605400085449219
47.0,37.48876150248577,-9.511238497514228,35.89586801071798,-11.104131989282017,38.199524,-8.80047607421875,53.0127738046412,6.012773804641199,30.5693,-16.430700302124023,56.463825,9.463825225830078
90.0,70.18613352760302,-19.81386647239698,74.06862679382418,-15.93137320617582,66.32578,-23.674217224121094,58.08571287875964,-31.914287121240363,49.755287,-40.244712829589844,86.01986,-3.9801406860351562
1.0,3.8815656759271695,2.8815656759271695,3.2524291839210355,2.2524291839210355,4.022344,3.0223441123962402,35.484285765289755,34.484285765289755,3.217321,2.2173209190368652,6.1182356,5.1182355880737305
100.0,55.444555833554865,-44.555444166445135,45.78351859905385,-54.21648140094615,50.280396,-49.7196044921875,43.758264480628874,-56.241735519371126,30.0213,-69.97870063781738,49.87804,-50.1219596862793
3.0,19.439047823629547,16.439047823629547,23.69172848840976,20.69172848840976,18.481438,15.481437683105469,35.59797530680206,32.59797530680206,23.123306,20.123306274414062,38.762367,35.762367248535156
2.0,22.2056231149282,20.2056231149282,33.65699691225593,31.656996912255927,15.237039,13.237038612365723,12.253439004583669,10.253439004583669,8.33548,6.335479736328125,30.818115,28.818115234375
41.0,36.24690681739734,-4.753093182602662,36.923619429481896,-4.076380570518104,38.58195,-2.418048858642578,46.24248737298425,5.24248737298425,23.288055,-17.711944580078125,39.604107,-1.3958930969238281
6.0,14.646916319151483,8.646916319151483,6.404019759733828,0.40401975973382775,10.352018,4.352018356323242,27.603826047912765,21.603826047912765,24.408964,18.408964157104492,55.3903,49.39030075073242
82.0,81.96170737133235,-0.03829262866764793,73.20264207106969,-8.79735792893031,76.42079,-5.5792083740234375,62.2334113283752,-19.766588671624802,54.28028,-27.71971893310547,69.78131,-12.21868896484375
52.0,47.277611443740646,-4.722388556259354,43.381192835116025,-8.618807164883975,35.0148,-16.985198974609375,45.71991240653742,-6.280087593462582,35.32298,-16.677021026611328,65.00645,13.006446838378906
13.0,9.057648161210865,-3.9423518387891345,8.4462614763208,-4.5537385236792005,6.9850445,-6.014955520629883,20.575906602230077,7.575906602230077,4.1606426,-8.839357376098633,10.7567005,-2.2432994842529297
48.0,27.541736189206034,-20.458263810793966,40.70557999803001,-7.294420001969989,20.157112,-27.84288787841797,37.23970221964051,-10.760297780359487,21.587385,-26.412614822387695,64.82129,16.8212890625
17.0,4.421344364364959,-12.578655635635041,8.84157437491479,-8.15842562508521,4.594888,-12.40511178970337,22.397006687172563,5.3970066871725635,5.186058,-11.813941955566406,14.393279,-2.6067209243774414
70.0,61.8089908965546,-8.191009103445403,69.11898170406404,-0.8810182959359594,66.500656,-3.4993438720703125,64.08970946564773,-5.910290534352271,66.84546,-3.154541015625,126.32225,56.32225036621094
9.0,24.59850467034395,15.59850467034395,24.595509137252453,15.595509137252453,12.629578,3.62957763671875,34.639524136068886,25.639524136068886,21.323805,12.32380485534668,65.842705,56.84270477294922
19.0,14.290153281945264,-4.709846718054736,12.027018104936147,-6.972981895063853,9.816684,-9.183316230773926,25.29226418356709,6.292264183567092,17.85886,-1.1411399841308594,60.273293,41.273292541503906
32.0,78.43072339403969,46.43072339403969,97.03001640463987,65.03001640463987,90.8568,58.85679626464844,40.04305713549436,8.043057135494358,31.816689,-0.18331146240234375,51.61141,19.611408233642578
42.0,38.40812795235418,-3.591872047645822,41.54480021599584,-0.45519978400415795,36.43697,-5.563030242919922,40.750803391588775,-1.249196608411225,29.249222,-12.750778198242188,56.980587,14.980587005615234
27.0,26.688103041695605,-0.3118969583043949,30.042055997530184,3.042055997530184,28.746283,1.7462825775146484,40.860504099620975,13.860504099620975,28.786472,1.7864723205566406,46.191357,19.191356658935547
4.0,8.384423563426122,4.384423563426122,7.7432073354140085,3.7432073354140085,6.1643705,2.164370536804199,18.973043115007336,14.973043115007336,17.128712,13.128711700439453,32.073387,28.073387145996094
0.0,2.3661214148086938,2.3661214148086938,-3.2900690017537273,-3.2900690017537273,-6.1023893,-6.102389335632324,16.892207342918425,16.892207342918425,0.037210464,0.03721046447753906,-0.32248926,-0.32248926162719727
0.0,1.8525,1.8525,-4.128247418092073,-4.128247418092073,-4.545026,-4.545025825500488,-30.648386831811926,-30.648386831811926,0.5220007,0.5220006704330444,1.4564669,1.4564669132232666
47.0,46.518398599035805,-0.4816014009641947,42.53503153740182,-4.464968462598179,45.043037,-1.9569625854492188,39.45189081902319,-7.548109180976809,36.9908,-10.009201049804688,53.84756,6.847560882568359
56.0,103.5758961788203,47.5758961788203,78.40421368766152,22.404213687661525,108.39089,52.390892028808594,56.01936401486237,0.019364014862368606,60.71955,4.719551086425781,110.07264,54.07263946533203
0.0,1.8525,1.8525,-5.878808721872503,-5.878808721872503,-10.065833,-10.06583309173584,-30.48123587282881,-30.48123587282881,0.08923113,0.08923113346099854,1.1470823,1.1470823287963867
45.0,44.05088110975283,-0.9491188902471706,46.44923307061282,1.44923307061282,46.90348,1.9034805297851562,41.81449679877662,-3.1855032012233835,26.685524,-18.314476013183594,47.98814,2.988140106201172
80.0,67.88689814751696,-12.113101852483041,61.05271571071514,-18.94728428928486,65.09464,-14.905357360839844,36.366455556860686,-43.633544443139314,30.196203,-49.80379676818848,56.04678,-23.95322036743164
11.0,15.202191502276698,4.202191502276698,17.727437966053365,6.727437966053365,17.193285,6.19328498840332,31.504774126400342,20.504774126400342,17.287659,6.28765869140625,44.902885,33.90288543701172
21.0,15.621382563136793,-5.378617436863207,13.763740878191802,-7.236259121808198,13.430948,-7.569051742553711,24.4558146669424,3.4558146669423984,11.054007,-9.945993423461914,23.662819,2.6628189086914062
42.0,39.812316029887,-2.1876839701129995,37.933966712314515,-4.066033287685485,25.767035,-16.23296546936035,35.687202848518474,-6.312797151481526,31.259329,-10.740671157836914,57.028034,15.028034210205078
2.0,36.0699421912401,34.0699421912401,38.89897098708133,36.89897098708133,35.926502,33.9265022277832,23.87784717408394,21.87784717408394,15.4205065,13.420506477355957,51.399006,49.39900588989258
51.0,59.490721091701474,8.490721091701474,53.93528074502203,2.935280745022027,52.12598,1.1259803771972656,44.6791295324455,-6.320870467554499,35.506115,-15.493885040283203,84.97022,33.97022247314453
4.0,3.4959502824164024,-0.5040497175835976,3.707321086186329,-0.29267891381367095,3.0122309,-0.9877691268920898,22.26290165572643,18.26290165572643,2.7558625,-1.2441375255584717,5.8932447,1.893244743347168
5.0,6.325736937081515,1.3257369370815146,2.4387433381635475,-2.5612566618364525,4.6264873,-0.37351274490356445,12.964002296557211,7.9640022965572115,7.656928,2.656928062438965,26.714788,21.71478843688965
49.0,41.61743497832396,-7.382565021676037,33.95855215365887,-15.041447846341129,35.970013,-13.029987335205078,41.83328809574722,-7.166711904252779,39.243786,-9.756214141845703,66.94557,17.945571899414062
4.0,16.647550559300594,12.647550559300594,19.566183221349654,15.566183221349654,12.163816,8.163816452026367,48.030856432702315,44.030856432702315,29.724977,25.724977493286133,56.79314,52.79314041137695
41.0,40.64280612816001,-0.3571938718399892,41.633574070848724,0.6335740708487236,44.246212,3.2462120056152344,30.545502062498613,-10.454497937501387,29.257284,-11.742715835571289,43.489063,2.489063262939453
5.0,5.128780250021041,0.1287802500210411,4.954266876186136,-0.045733123813864296,4.9567084,-0.043291568756103516,18.838053380888464,13.838053380888464,4.186552,-0.8134479522705078,9.910303,4.910303115844727
10.0,17.718545662825495,7.718545662825495,17.101063156535574,7.101063156535574,17.216719,7.216718673706055,25.79577303417053,15.79577303417053,12.780603,2.7806034088134766,29.989433,19.98943328857422
70.0,85.38071825119323,15.38071825119323,79.64884693757094,9.648846937570937,84.58163,14.581626892089844,66.04565238393705,-3.9543476160629467,66.21381,-3.7861862182617188,106.0371,36.03710174560547
29.0,24.660757495282493,-4.339242504717507,20.697239910135863,-8.302760089864137,19.14778,-9.85222053527832,23.876473235375492,-5.123526764624508,13.954134,-15.045866012573242,25.02452,-3.9754791259765625
31.0,30.716046083288333,-0.2839539167116669,31.2377782768814,0.23777827688140007,30.051815,-0.9481849670410156,31.041817828519566,0.041817828519565836,26.82169,-4.178310394287109,60.99832,29.998321533203125
6.0,9.48577049547201,3.4857704954720106,11.441897372631326,5.441897372631326,12.713984,6.713983535766602,30.15814605553856,24.15814605553856,8.44773,2.44773006439209,19.780657,13.780656814575195
77.0,75.09484529675262,-1.9051547032473763,75.28982169536792,-1.7101783046320804,79.16747,2.1674728393554688,60.55223296968089,-16.447767030319113,34.041275,-42.95872497558594,63.8542,-13.145801544189453
17.0,19.87896399846504,2.8789639984650393,15.454436076936771,-1.545563923063229,16.399921,-0.6000785827636719,29.59665094547122,12.596650945471222,18.4178,1.4178009033203125,36.029095,19.029094696044922
27.0,25.48272220679642,-1.5172777932035793,37.962305692699466,10.962305692699466,27.802692,0.8026924133300781,20.666472630378074,-6.333527369621926,17.170263,-9.829736709594727,39.32456,12.32455825805664
7.0,7.508469625518951,0.5084696255189511,5.969365108813318,-1.0306348911866818,6.1705375,-0.8294625282287598,21.50288184277462,14.50288184277462,9.675204,2.675204277038574,29.369478,22.369478225708008
89.0,60.6265364293531,-28.373463570646898,46.61738515333896,-42.38261484666104,62.931427,-26.068572998046875,50.51975059289987,-38.48024940710013,24.086433,-64.91356658935547,60.885223,-28.114776611328125
41.0,33.24801934160751,-7.75198065839249,37.47074717367629,-3.529252826323713,52.124306,11.124305725097656,34.70565872145269,-6.294341278547307,29.40268,-11.597320556640625,60.667362,19.667362213134766
19.0,26.0087475633524,7.008747563352401,25.050938267059955,6.050938267059955,25.037327,6.037326812744141,39.350354688558504,20.350354688558504,11.300983,-7.699016571044922,22.630924,3.6309242248535156
20.0,26.469316342053418,6.469316342053418,29.95263592087976,9.95263592087976,22.118208,2.1182079315185547,36.171649341761366,16.171649341761366,32.78377,12.783771514892578,61.25818,41.2581787109375
63.0,53.43187771774009,-9.568122282259907,56.74540262262354,-6.254597377376463,54.602993,-8.39700698852539,37.400540447173505,-25.599459552826495,36.38211,-26.617889404296875,58.457016,-4.5429840087890625
14.0,17.177742222042603,3.1777422220426033,24.841454765512122,10.841454765512122,17.315266,3.315265655517578,57.06805267128422,43.06805267128422,32.354153,18.35415267944336,55.757664,41.75766372680664
1.0,3.8235456423940577,2.8235456423940577,4.42951239204975,3.42951239204975,3.990702,2.990701913833618,13.362220900449387,12.362220900449387,3.2493773,2.2493772506713867,5.822303,4.82230281829834
70.0,63.34948611111109,-6.650513888888909,61.445054291985535,-8.554945708014465,58.732418,-11.267581939697266,37.26106992392332,-32.73893007607668,28.258064,-41.74193572998047,55.47108,-14.528919219970703
39.0,22.65042531110835,-16.34957468889165,22.211731203111942,-16.788268796888058,22.744894,-16.25510597229004,15.943409367256944,-23.056590632743056,10.876539,-28.12346076965332,29.011875,-9.98812484741211
66.0,36.614197350869674,-29.385802649130326,37.66272148981573,-28.33727851018427,37.277054,-28.722946166992188,57.7448627795886,-8.255137220411399,29.520275,-36.4797248840332,54.5157,-11.484298706054688
17.0,19.548362407970483,2.548362407970483,22.796776237299305,5.796776237299305,15.272541,-1.7274589538574219,23.426555258628383,6.426555258628383,15.616152,-1.3838481903076172,38.394356,21.39435577392578
8.0,12.693327266014363,4.693327266014363,12.471384752837643,4.471384752837643,9.888248,1.8882484436035156,25.705076572294868,17.705076572294868,14.72491,6.724909782409668,37.196682,29.19668197631836
28.0,35.893383840979624,7.893383840979624,28.411430973940107,0.4114309739401065,31.690203,3.6902027130126953,49.156612521440735,21.156612521440735,36.51982,8.519821166992188,78.51181,50.511810302734375
5.0,4.8882172894407825,-0.11178271055921751,5.183864782937117,0.18386478293711672,3.2266133,-1.7733867168426514,36.583988322815486,31.583988322815486,4.574587,-0.4254131317138672,15.154258,10.154257774353027
48.0,46.090367731797954,-1.9096322682020457,48.54163609270551,0.5416360927055095,49.672646,1.6726455688476562,49.206305125586695,1.2063051255866952,36.503098,-11.496902465820312,53.11416,5.114158630371094
69.0,44.86947991193477,-24.130520088065232,43.783450304367825,-25.216549695632175,42.706123,-26.29387664794922,55.72559102653878,-13.27440897346122,28.843887,-40.15611267089844,51.32346,-17.67654037475586
36.0,46.120632146908875,10.120632146908875,38.21054193673393,2.2105419367339323,35.462173,-0.5378265380859375,42.14739107645489,6.147391076454888,39.719826,3.7198257446289062,70.91024,34.910240173339844
58.0,64.97635892812234,6.9763589281223375,44.60420446102997,-13.395795538970027,49.674744,-8.32525634765625,50.20752899653695,-7.792471003463049,30.073267,-27.926733016967773,52.801693,-5.198307037353516
28.0,30.52292886259935,2.5229288625993505,30.816456766449956,2.8164567664499565,25.298351,-2.701648712158203,48.16899213249883,20.16899213249883,30.165379,2.1653785705566406,61.407013,33.407012939453125
34.0,53.5312571851914,19.5312571851914,47.036609414086854,13.036609414086854,42.43769,8.437690734863281,42.19983832718116,8.199838327181162,41.654266,7.654266357421875,72.5061,38.506103515625
74.0,60.58353044210213,-13.41646955789787,53.465430137819425,-20.534569862180575,50.353218,-23.64678192138672,49.027512075875435,-24.972487924124565,32.63964,-41.36035919189453,66.96002,-7.03997802734375
1.0,17.488835471196374,16.488835471196374,17.047745880272636,16.047745880272636,15.379156,14.379156112670898,35.09790651818657,34.09790651818657,15.054703,14.054702758789062,39.06503,38.06502914428711
11.0,32.40709073225606,21.40709073225606,18.867748945644237,7.867748945644237,19.563404,8.563404083251953,33.572653247976525,22.572653247976525,24.664913,13.664913177490234,46.880993,35.8809928894043
50.0,49.23192089061574,-0.76807910938426,37.21401647813362,-12.785983521866378,47.375088,-2.6249122619628906,46.03875130769873,-3.961248692301268,42.804493,-7.195507049560547,63.14265,13.142650604248047
2.0,17.41247748983043,15.41247748983043,32.84783841286501,30.84783841286501,22.4574,20.457399368286133,10.196187164458578,8.196187164458578,12.088024,10.088024139404297,50.851986,48.851985931396484
63.0,60.41077373954705,-2.5892262604529535,58.1691759557826,-4.830824044217401,56.163963,-6.836036682128906,47.833313070822236,-15.166686929177764,43.055862,-19.944137573242188,61.057156,-1.9428443908691406
64.0,38.30959839934113,-25.690401600658873,43.36952733928873,-20.63047266071127,44.910675,-19.089324951171875,40.95553894545073,-23.044461054549267,27.183302,-36.81669807434082,54.872875,-9.127124786376953
43.0,38.95973533987548,-4.040264660124521,36.36697146587864,-6.633028534121358,31.994059,-11.005941390991211,55.946450689053506,12.946450689053506,28.237995,-14.762004852294922,50.94404,7.944038391113281
8.0,13.26145260352574,5.26145260352574,20.8623787838733,12.8623787838733,11.213789,3.2137889862060547,21.04581850924113,13.04581850924113,10.492258,2.492258071899414,30.975239,22.975238800048828
7.0,12.196269905644753,5.196269905644753,14.050809244777144,7.0508092447771435,14.89293,7.892930030822754,33.80107573285647,26.801075732856468,11.572956,4.572956085205078,30.68191,23.681909561157227
30.0,34.89948544363077,4.899485443630773,33.9825538484176,3.982553848417602,40.735172,10.735172271728516,43.13400055837879,13.134000558378787,25.24041,-4.759590148925781,35.684837,5.684837341308594
129.0,126.63614087301586,-2.3638591269841385,129.66681710379945,0.6668171037994455,140.4143,11.414306640625,58.55661183510679,-70.44338816489321,30.959492,-98.04050827026367,92.7266,-36.273399353027344
69.0,59.2321746031746,-9.767825396825401,51.679555234994424,-17.320444765005576,48.295177,-20.704822540283203,42.64139223918284,-26.358607760817158,16.849014,-52.15098571777344,49.18684,-19.813159942626953
83.0,26.322180308274366,-56.67781969172563,24.275711088224263,-58.72428891177574,9.819091,-73.18090915679932,41.68357682778439,-41.31642317221561,33.03099,-49.96900939941406,64.040794,-18.959205627441406
60.0,43.2334035339301,-16.7665964660699,45.91626329311481,-14.08373670688519,48.180294,-11.819705963134766,33.63469740227025,-26.36530259772975,27.289383,-32.71061706542969,50.771343,-9.228656768798828
75.0,70.41260330383705,-4.587396696162955,72.90063974796654,-2.0993602520334633,70.557495,-4.4425048828125,34.29054301279157,-40.70945698720843,29.27946,-45.72053909301758,54.038143,-20.961856842041016
81.0,80.02396887028577,-0.9760311297142295,82.6986082280645,1.6986082280645007,74.95215,-6.0478515625,66.39951362729869,-14.600486372701312,59.790688,-21.209312438964844,93.8121,12.812103271484375
5.0,6.711446093029994,1.711446093029994,4.177280139035992,-0.8227198609640078,13.890319,8.890318870544434,19.48589326974269,14.48589326974269,10.291157,5.291156768798828,44.504406,39.5044059753418
30.0,35.102354764073304,5.102354764073304,33.778377037970024,3.7783770379700243,36.334534,6.33453369140625,24.311258581846463,-5.688741418153537,23.213055,-6.786945343017578,38.049213,8.049213409423828
2.0,3.391223662945897,1.391223662945897,10.155159162170467,8.155159162170467,4.1900454,2.1900453567504883,32.00368948399879,30.00368948399879,4.6052113,2.6052112579345703,15.729188,13.729187965393066
0.0,20.039014778613797,20.039014778613797,15.143947445105466,15.143947445105466,-2.1168218,-2.116821765899658,4.8090554314378195,4.8090554314378195,0.04339385,0.043393850326538086,1.1758662,1.1758662462234497
1.0,3.524447971467475,2.524447971467475,4.836983569280596,3.836983569280596,6.0283303,5.028330326080322,26.224948407491468,25.224948407491468,4.2963943,3.2963943481445312,13.259152,12.25915241241455
7.0,7.509888760136921,0.5098887601369206,6.821665417848489,-0.17833458215151143,6.977428,-0.022572040557861328,14.311159939735916,7.311159939735916,6.2420793,-0.7579207420349121,12.353278,5.353278160095215
1.0,39.37217554425124,38.37217554425124,36.515312379786856,35.515312379786856,51.082363,50.08236312866211,47.005198647986724,46.005198647986724,39.161636,38.16163635253906,91.51812,90.51811981201172
9.0,8.73547381036128,-0.26452618963872077,12.918739025942122,3.9187390259421218,9.46574,0.4657402038574219,17.57179054364048,8.571790543640478,12.53974,3.5397396087646484,32.627064,23.627063751220703
9.0,5.931423571409799,-3.068576428590201,5.53866459306913,-3.4613354069308704,6.398632,-2.601367950439453,11.440446656316503,2.440446656316503,3.7776628,-5.222337245941162,7.127016,-1.8729839324951172
1.0,3.406177811254709,2.406177811254709,4.744121666621108,3.7441216666211083,7.3534513,6.353451251983643,29.64519054203416,28.64519054203416,5.996064,4.996064186096191,19.925343,18.925342559814453
32.0,36.76502389829556,4.76502389829556,31.84551291082231,-0.15448708917768883,33.739483,1.7394828796386719,29.1421334870043,-2.857866512995699,27.091713,-4.908287048339844,46.949535,14.949535369873047
1.0,6.296633118594219,5.296633118594219,6.974148381503868,5.974148381503868,5.216821,4.216821193695068,23.55777306719741,22.55777306719741,3.559352,2.559351921081543,7.508975,6.508975028991699
9.0,11.911432577669236,2.9114325776692365,7.489293976001319,-1.5107060239986811,7.6221905,-1.3778095245361328,15.314420634264621,6.314420634264621,9.898022,0.8980216979980469,27.47115,18.471149444580078
120.0,51.52935519577311,-68.4706448042269,68.75344537328044,-51.24655462671956,57.811745,-62.188255310058594,32.6115054375893,-87.3884945624107,33.75462,-86.24538040161133,71.33962,-48.660377502441406
68.0,63.98797348484849,-4.012026515151511,66.01181277804359,-1.9881872219564087,51.020008,-16.979991912841797,41.56432894790249,-26.43567105209751,16.199768,-51.80023193359375,45.588245,-22.411754608154297
7.0,12.079154033612658,5.079154033612658,12.195195406004368,5.195195406004368,10.310608,3.31060791015625,26.380914994760435,19.380914994760435,11.211834,4.211833953857422,26.59674,19.59674072265625
36.0,40.882068400475234,4.882068400475234,33.80267503758342,-2.1973249624165803,33.30069,-2.699310302734375,51.094227574893125,15.094227574893125,32.456112,-3.5438880920410156,46.412407,10.412406921386719
5.0,19.26333515958078,14.26333515958078,21.516972253497755,16.516972253497755,13.773222,8.773221969604492,51.09641198204795,46.09641198204795,27.79649,22.796489715576172,40.544743,35.544742584228516
19.0,20.34392361459033,1.3439236145903308,17.457418188971896,-1.5425818110281035,20.48198,1.4819793701171875,37.673381633977385,18.673381633977385,13.480642,-5.519357681274414,28.997475,9.997474670410156
11.0,26.720638167169714,15.720638167169714,24.201663625915216,13.201663625915216,19.131836,8.1318359375,24.38264348287769,13.38264348287769,14.926546,3.926546096801758,38.898754,27.898754119873047
70.0,58.38430642485012,-11.615693575149884,63.38553344000687,-6.614466559993133,57.85191,-12.148090362548828,55.48788494204521,-14.512115057954787,37.175014,-32.82498550415039,66.98984,-3.010162353515625
41.0,41.01022631610156,0.010226316101558552,36.71841353211264,-4.281586467887358,39.781948,-1.2180519104003906,40.17589256285703,-0.8241074371429704,25.862892,-15.137107849121094,45.398193,4.398193359375
163.0,90.58999319833836,-72.41000680166164,111.98291526581309,-51.01708473418691,113.95315,-49.046852111816406,44.34722710607049,-118.65277289392951,43.359974,-119.6400260925293,93.45034,-69.5496597290039
56.0,76.96178248847927,20.961782488479273,74.70712571135745,18.70712571135745,74.39587,18.39586639404297,61.866669626285905,5.866669626285905,65.60729,9.607292175292969,99.5142,43.514198303222656
10.0,11.862716192417354,1.8627161924173539,16.119924589697227,6.119924589697227,17.160917,7.160917282104492,32.61190132855053,22.61190132855053,8.385746,-1.6142539978027344,21.1699,11.169900894165039
18.0,17.284105338275584,-0.7158946617244162,21.001987336613347,3.0019873366133467,21.134108,3.1341075897216797,25.834295915881953,7.8342959158819525,17.945082,-0.05491828918457031,40.049526,22.04952621459961
11.0,13.338549204065014,2.338549204065014,10.44846638411402,-0.5515336158859796,10.703495,-0.2965049743652344,32.95062162275576,21.95062162275576,4.931837,-6.06816291809082,20.185774,9.185773849487305
4.0,7.493792922972065,3.493792922972065,5.142651427709023,1.1426514277090227,7.960431,3.9604310989379883,13.919773534077088,9.919773534077088,8.576861,4.576861381530762,18.870468,14.870468139648438
30.0,50.634057034298856,20.634057034298856,41.13237200872821,11.132372008728211,45.225506,15.225505828857422,49.467337856040444,19.467337856040444,58.942753,28.942752838134766,83.61057,53.610572814941406
81.0,49.80152280955636,-31.19847719044364,64.58993352156733,-16.410066478432668,42.50977,-38.490230560302734,23.177791189777437,-57.82220881022256,11.360059,-69.63994121551514,56.08401,-24.91598892211914
47.0,23.522082224933158,-23.477917775066842,24.92638256331695,-22.07361743668305,21.958498,-25.041501998901367,20.45277399067217,-26.54722600932783,14.161446,-32.83855438232422,34.47859,-12.521411895751953
0.0,44.2679741053121,44.2679741053121,29.916570753488724,29.916570753488724,94.0828,94.08280181884766,27.530078395003784,27.530078395003784,17.719378,17.719377517700195,70.07235,70.07234954833984
3.0,5.868313041975333,2.868313041975333,15.69718218188472,12.69718218188472,6.6491494,3.6491494178771973,50.000308468427505,47.000308468427505,23.668915,20.668914794921875,54.106384,51.10638427734375
83.0,69.11243440836921,-13.88756559163079,72.95305143727094,-10.046948562729057,75.39802,-7.601982116699219,47.55693840901358,-35.44306159098642,47.53157,-35.46842956542969,84.52024,1.5202407836914062
29.0,28.028069225960607,-0.971930774039393,33.10819302078323,4.108193020783233,25.357393,-3.642606735229492,41.726986698486435,12.726986698486435,29.150757,0.1507568359375,51.102192,22.102191925048828
15.0,17.555461093000563,2.555461093000563,18.057891005674975,3.057891005674975,17.157333,2.1573333740234375,23.75970529315805,8.75970529315805,13.477488,-1.522512435913086,27.358486,12.35848617553711
12.0,51.13758015295516,39.13758015295516,39.10483191513734,27.10483191513734,33.4926,21.492599487304688,28.41194753526859,16.41194753526859,23.271238,11.271238327026367,58.440166,46.44016647338867
13.0,10.37516093820684,-2.6248390617931605,6.085769699539403,-6.914230300460597,9.432865,-3.5671348571777344,32.67481465347616,19.67481465347616,11.425709,-1.5742912292480469,23.550522,10.550521850585938
21.0,24.895170546081985,3.895170546081985,24.210563532738703,3.2105635327387034,17.427574,-3.5724258422851562,33.37729568973536,12.377295689735362,16.404663,-4.5953369140625,32.71829,11.71828842163086
0.0,29.78668429211887,29.78668429211887,3.1618297249372,3.1618297249372,15.856729,15.856728553771973,-8.346969381109268,-8.346969381109268,0.5958954,0.5958954095840454,1.1710984,1.1710983514785767
0.0,3.999853308332444,3.999853308332444,-5.226871351305695,-5.226871351305695,-7.1659155,-7.165915489196777,-28.39123566516914,-28.39123566516914,0.67097175,0.6709717512130737,1.5374875,1.537487506866455
1.0,3.2468812902345197,2.2468812902345197,6.686508462246222,5.686508462246222,6.706199,5.7061991691589355,24.338210471842988,23.338210471842988,2.6568813,1.656881332397461,5.8861914,4.886191368103027
22.0,19.58629739701769,-2.4137026029823083,23.192788656502703,1.192788656502703,16.597153,-5.4028472900390625,61.95186062161708,39.95186062161708,28.355377,6.355377197265625,58.381443,36.38144302368164
1.0,23.356329129885186,22.356329129885186,34.75510614876752,33.75510614876752,30.42962,29.42962074279785,47.365477048031494,46.365477048031494,37.01356,36.0135612487793,63.083027,62.08302688598633
21.0,30.649393016808393,9.649393016808393,29.288938258306274,8.288938258306274,27.325785,6.325784683227539,53.68958087489591,32.68958087489591,33.495556,12.495555877685547,69.42445,48.42445373535156
68.0,60.06549923583045,-7.934500764169549,52.706875575039426,-15.293124424960574,67.1032,-0.8967971801757812,49.686000019997834,-18.313999980002166,40.69777,-27.302230834960938,62.977516,-5.022483825683594
42.0,50.170262708301706,8.170262708301706,63.642868015831944,21.642868015831944,48.04958,6.049579620361328,43.64579528947458,1.6457952894745773,36.57041,-5.429588317871094,67.02639,25.026390075683594
17.0,11.378383083206343,-5.621616916793657,10.590977414651105,-6.409022585348895,7.0603495,-9.939650535583496,28.759650504936367,11.759650504936367,16.568977,-0.43102264404296875,37.292976,20.29297637939453
8.0,43.082101452263224,35.082101452263224,47.24881448223479,39.24881448223479,47.094437,39.09443664550781,41.65648820851641,33.65648820851641,38.118122,30.118122100830078,61.898174,53.89817428588867
75.0,59.328506853011056,-15.671493146988944,52.14028611172092,-22.85971388827908,52.815723,-22.184276580810547,57.98641486111934,-17.013585138880657,43.405216,-31.594783782958984,65.5466,-9.453399658203125
76.0,64.23623202477732,-11.763767975222677,53.69717859569227,-22.30282140430773,49.21877,-26.781230926513672,66.80325699289293,-9.196743007107074,66.665535,-9.334465026855469,123.19032,47.19032287597656
22.0,25.86607095777401,3.86607095777401,28.749933122606137,6.749933122606137,22.539053,0.5390529632568359,36.047687735708955,14.047687735708955,11.891333,-10.108667373657227,27.744133,5.744132995605469
45.0,40.81573798255723,-4.184262017442769,33.79299188911176,-11.20700811088824,36.51389,-8.48611068725586,44.207242994952104,-0.7927570050478963,39.757538,-5.242462158203125,63.257206,18.257205963134766
16.0,25.9064400991406,9.9064400991406,21.821143894454938,5.821143894454938,25.824875,9.824874877929688,40.07099120304248,24.07099120304248,27.646496,11.646495819091797,73.2284,57.22840118408203
16.0,24.13095360106133,8.130953601061329,21.333481972525473,5.3334819725254725,28.973898,12.973897933959961,33.90474285529438,17.90474285529438,28.56335,12.563350677490234,59.083885,43.083885192871094
67.0,56.087964400765095,-10.912035599234905,56.92204487488134,-10.077955125118663,57.651737,-9.348262786865234,44.627001774006835,-22.372998225993165,35.812366,-31.187633514404297,68.9255,1.9254989624023438
8.0,14.323002127712131,6.323002127712131,12.852742604212064,4.8527426042120645,12.726701,4.726700782775879,17.52225806215201,9.522258062152009,10.908914,2.9089136123657227,35.155994,27.155994415283203
19.0,25.511105213468525,6.511105213468525,27.85880217537446,8.85880217537446,18.489756,-0.5102443695068359,21.98548606854044,2.985486068540439,14.464883,-4.535117149353027,37.18591,18.185909271240234
46.0,43.279904484559346,-2.7200955154406543,48.16550292013672,2.165502920136717,40.96621,-5.033790588378906,44.2940474787077,-1.7059525212923035,26.097801,-19.902198791503906,50.563396,4.563396453857422
68.0,29.584186789017195,-38.415813210982805,26.36557062994838,-41.63442937005162,31.76556,-36.234439849853516,50.662871053065885,-17.337128946934115,24.557709,-43.442291259765625,56.13524,-11.864761352539062
52.0,53.60910354435503,1.6091035443550297,55.07156328266457,3.0715632826645702,50.02156,-1.9784393310546875,35.45036525188286,-16.549634748117143,33.698032,-18.30196762084961,55.541897,3.5418968200683594
59.0,61.76587865536401,2.7658786553640127,72.75447879275632,13.754478792756316,70.85364,11.8536376953125,42.04980889125211,-16.950191108747887,40.212944,-18.78705596923828,85.39736,26.397361755371094
121.0,65.22777873817637,-55.77222126182363,50.512761692137396,-70.48723830786261,58.158707,-62.84129333496094,46.15767407003837,-74.84232592996163,36.445625,-84.55437469482422,86.451965,-34.54803466796875
4.0,11.636916511617425,7.636916511617425,12.732298834905512,8.732298834905512,13.383346,9.383345603942871,16.47123551351526,12.47123551351526,10.341984,6.341983795166016,36.14674,32.1467399597168
0.0,12.421750496722673,12.421750496722673,12.903709676501235,12.903709676501235,6.9915466,6.991546630859375,14.436494843636908,14.436494843636908,9.074774,9.074773788452148,31.200424,31.200424194335938
6.0,12.79268546981059,6.792685469810589,11.566744831781973,5.566744831781973,14.8730135,8.873013496398926,38.66283974865969,32.66283974865969,15.332352,9.332351684570312,25.707558,19.707557678222656
3.0,9.533814004627123,6.533814004627123,13.427648442295627,10.427648442295627,10.963295,7.963294982910156,22.40324976280217,19.40324976280217,8.497945,5.4979448318481445,27.784348,24.784347534179688
42.0,49.55878682205078,7.558786822050777,42.43814188942568,0.43814188942567966,47.760082,5.760082244873047,40.08552298481004,-1.9144770151899593,36.52506,-5.474941253662109,71.10311,29.103111267089844
14.0,38.38948501907866,24.389485019078663,26.278100941521032,12.278100941521032,39.943165,25.943164825439453,39.80300205725007,25.80300205725007,32.112488,18.11248779296875,82.684715,68.6847152709961
18.0,38.97952485489851,20.979524854898507,47.3324555480946,29.3324555480946,47.402977,29.402976989746094,20.965698750987794,2.9656987509877943,16.663418,-1.3365821838378906,43.760914,25.760913848876953
9.0,23.99434147406318,14.99434147406318,30.43193230212314,21.43193230212314,26.28448,17.28447914123535,47.7032674781135,38.7032674781135,31.683508,22.683507919311523,54.427013,45.4270133972168
14.0,12.257344626086391,-1.7426553739136086,11.287593798937337,-2.712406201062663,12.150246,-1.8497543334960938,33.950836322287216,19.950836322287216,12.83881,-1.1611900329589844,33.282845,19.28284454345703
68.0,40.74527951028711,-27.254720489712888,37.4095588003947,-30.5904411996053,36.102615,-31.897384643554688,58.68015265090571,-9.319847349094289,30.175947,-37.824052810668945,55.30761,-12.692390441894531
83.0,42.07532112414754,-40.92467887585246,33.14848006059409,-49.85151993940591,33.330143,-49.669857025146484,24.284759666280713,-58.71524033371929,21.27102,-61.72897911071777,45.840355,-37.159645080566406
42.0,40.273623483759515,-1.7263765162404852,30.266058989337612,-11.733941010662388,31.235975,-10.76402473449707,36.48685949298184,-5.513140507018157,27.500765,-14.499235153198242,97.00611,55.00611114501953
8.0,22.916904435545042,14.916904435545042,7.9718462298734565,-0.02815377012654352,18.503124,10.503124237060547,22.442106506560197,14.442106506560197,16.158945,8.158945083618164,50.200893,42.20089340209961
74.0,50.59687665752,-23.40312334248,50.58760429247851,-23.41239570752149,45.828175,-28.171825408935547,61.79832304936071,-12.201676950639289,60.791393,-13.208606719970703,103.2651,29.265098571777344
42.0,38.94085269357513,-3.059147306424869,42.90382888791479,0.9038288879147913,33.05038,-8.94961929321289,46.18463988775039,4.184639887750393,33.308926,-8.69107437133789,54.11449,12.114490509033203
84.0,74.5187868916671,-9.481213108332895,80.5190071625741,-3.4809928374259016,83.45164,-0.5483627319335938,58.533736637265875,-25.466263362734125,34.143524,-49.856475830078125,69.69313,-14.306869506835938
142.0,59.0369514666368,-82.9630485333632,20.430554883800703,-121.56944511619929,51.214237,-90.78576278686523,27.849544256119977,-114.15045574388003,19.838757,-122.1612434387207,83.952255,-58.04774475097656
40.0,36.771827517508214,-3.228172482491786,33.75765141683114,-6.242348583168862,34.571312,-5.428688049316406,53.44407223579393,13.444072235793932,29.15365,-10.846349716186523,50.926292,10.926292419433594
90.0,48.76408044700991,-41.23591955299009,35.30254174851743,-54.69745825148257,42.314445,-47.68555450439453,38.56498368973396,-51.43501631026604,29.78785,-60.21215057373047,86.22688,-3.7731170654296875
39.0,47.66100076391378,8.661000763913783,42.40327655687995,3.403276556879952,45.208466,6.208465576171875,52.2636379499818,13.2636379499818,39.806664,0.8066635131835938,53.53303,14.533031463623047
34.0,36.81417737817738,2.8141773781773765,40.273314515589725,6.273314515589725,33.099056,-0.9009437561035156,29.905260521145856,-4.0947394788541445,27.998428,-6.0015716552734375,76.06515,42.065147399902344
93.0,38.97666754329841,-54.02333245670159,34.91942708160365,-58.08057291839635,32.892776,-60.10722351074219,35.655122088385,-57.344877911615,32.33092,-60.6690788269043,54.573925,-38.42607498168945
79.0,70.37525701555454,-8.624742984445462,72.13225315099925,-6.867746849000753,75.72663,-3.2733688354492188,63.05333494450943,-15.94666505549057,38.002613,-40.99738693237305,65.483444,-13.516555786132812
10.0,14.036947196820568,4.036947196820568,13.691405161808598,3.691405161808598,13.4675455,3.467545509338379,30.78759142915417,20.78759142915417,15.848801,5.8488006591796875,45.33761,35.337608337402344
29.0,59.9616709337533,30.961670933753297,68.68836055329683,39.68836055329683,62.217674,33.217674255371094,62.551073610364384,33.551073610364384,38.496124,9.496124267578125,64.864426,35.86442565917969
10.0,24.692555249343613,14.692555249343613,17.100325709047084,7.100325709047084,12.201847,2.2018470764160156,53.48836278741253,43.48836278741253,29.15077,19.15077018737793,52.58088,42.58087921142578
83.0,72.9941466566939,-10.0058533433061,67.86824694374815,-15.131753056251853,66.74934,-16.25066375732422,36.16423861000087,-46.83576138999913,30.815947,-52.18405342102051,58.728046,-24.271953582763672
7.0,9.802645618948944,2.8026456189489437,22.825713448021336,15.825713448021336,10.5131645,3.513164520263672,31.602118295707843,24.602118295707843,5.556833,-1.4431672096252441,21.262312,14.262311935424805
6.0,5.604597783659629,-0.3954022163403712,4.589278101970822,-1.4107218980291778,5.5365896,-0.4634103775024414,29.721561699783503,23.721561699783503,6.1215897,0.12158966064453125,25.755547,19.75554656982422
2.0,29.21207237516897,27.21207237516897,22.07639721113671,20.07639721113671,17.4383,15.438299179077148,39.80687459528916,37.80687459528916,29.7879,27.787900924682617,60.549847,58.54984664916992
77.0,52.040779910221126,-24.959220089778874,40.75840700570156,-36.24159299429844,39.255493,-37.7445068359375,46.83052637529631,-30.16947362470369,33.953568,-43.04643249511719,63.52356,-13.4764404296875
3.0,7.9365836000659495,4.9365836000659495,9.914065296843685,6.914065296843685,10.951058,7.951058387756348,24.117137852686522,21.117137852686522,8.510935,5.510934829711914,28.193638,25.19363784790039
21.0,19.365363108785253,-1.6346368912147469,22.66805166953867,1.66805166953867,19.107521,-1.8924789428710938,18.67609979345304,-2.323900206546959,14.011068,-6.988931655883789,35.09407,14.094070434570312
95.0,17.497661684969277,-77.50233831503073,11.16205390791407,-83.83794609208593,15.444178,-79.55582237243652,24.53130454229821,-70.46869545770178,18.543438,-76.45656204223633,61.529476,-33.470523834228516
24.0,31.789353726348633,7.789353726348633,18.133022677934008,-5.866977322065992,25.472813,1.4728126525878906,40.712546385228364,16.712546385228364,27.18053,3.180530548095703,38.70507,14.705070495605469
27.0,26.265587781712973,-0.7344122182870265,24.343543386217988,-2.6564566137820123,20.407127,-6.592872619628906,57.50864125734186,30.508641257341857,28.512096,1.5120964050292969,54.069775,27.069774627685547
2.0,25.984750486190073,23.984750486190073,9.524799383619799,7.524799383619799,15.992012,13.992012023925781,36.222678273747185,34.222678273747185,14.230793,12.230792999267578,25.475458,23.4754581451416
19.0,44.17707008274997,25.17707008274997,37.24453515250068,18.24453515250068,40.574486,21.574485778808594,47.9373164119349,28.9373164119349,33.427963,14.427963256835938,65.78325,46.78324890136719
33.0,33.470916514126905,0.4709165141269054,31.744362566720326,-1.2556374332796736,36.10766,3.1076583862304688,42.579965956059596,9.579965956059596,33.219536,0.21953582763671875,93.787895,60.78789520263672
7.0,16.32378088716838,9.323780887168379,9.853825670997043,2.8538256709970433,18.840002,11.840002059936523,66.70003249538945,59.70003249538945,26.972496,19.972496032714844,61.167828,54.16782760620117
5.0,9.852366795277774,4.852366795277774,10.259934479184286,5.259934479184286,8.949097,3.9490966796875,18.675404271861872,13.675404271861872,9.625951,4.625950813293457,15.52589,10.525890350341797
9.0,25.932223180439223,16.932223180439223,25.391543690750062,16.391543690750062,22.304598,13.304597854614258,35.3302794298811,26.330279429881102,24.704979,15.704978942871094,75.333244,66.33324432373047
72.0,98.8694017966838,26.869401796683803,101.1984786720106,29.198478672010594,88.746574,16.74657440185547,60.365481315818705,-11.634518684181295,69.43236,-2.5676422119140625,115.20693,43.206932067871094
17.0,26.62589068815974,9.625890688159739,17.786166906882926,0.7861669068829258,13.371059,-3.6289405822753906,31.69850092751424,14.698500927514239,5.497048,-11.502952098846436,20.49432,3.4943199157714844
5.0,4.27661895738682,-0.7233810426131804,5.907270076747668,0.9072700767476682,12.493809,7.493808746337891,10.193737241124524,5.1937372411245235,6.104232,1.104231834411621,17.29809,12.298089981079102
88.0,41.41733259523914,-46.58266740476086,51.76025967392573,-36.23974032607427,44.32616,-43.6738395690918,33.2520644202009,-54.7479355797991,31.850033,-56.149967193603516,51.339127,-36.66087341308594
62.0,50.167468565364864,-11.832531434635136,48.841130942308304,-13.158869057691696,46.54267,-15.457328796386719,49.52029158492794,-12.47970841507206,23.935656,-38.06434440612793,53.899113,-8.100887298583984
13.0,52.41696146337293,39.41696146337293,46.43011098632394,33.43011098632394,49.011208,36.011207580566406,44.260914005632415,31.260914005632415,41.16122,28.16122055053711,63.329487,50.32948684692383
0.0,19.539756488014177,19.539756488014177,12.190551043344689,12.190551043344689,5.665435,5.665434837341309,-13.287564243329193,-13.287564243329193,0.2445401,0.24454009532928467,0.96156716,0.9615671634674072
18.0,28.28391341241934,10.283913412419341,25.25521736045505,7.255217360455049,21.076689,3.076688766479492,41.901620638706866,23.901620638706866,34.123367,16.123367309570312,65.20757,47.20757293701172
89.0,67.08417792788185,-21.915822072118146,58.02818869085647,-30.971811309143533,53.688374,-35.31162643432617,56.83076335845355,-32.16923664154645,43.998455,-45.00154495239258,75.25945,-13.740547180175781
34.0,39.84711238761029,5.847112387610288,40.521020549151714,6.521020549151714,39.589428,5.589427947998047,53.103146408977665,19.103146408977665,48.675316,14.675315856933594,104.4551,70.4551010131836
1.0,15.214039394514447,14.214039394514447,14.931208807458669,13.931208807458669,23.349466,22.34946632385254,49.79801196268073,48.79801196268073,25.208166,24.208166122436523,46.93243,45.932430267333984
1.0,13.407903112005867,12.407903112005867,11.344628778608007,10.344628778608007,13.8350935,12.83509349822998,28.725209126085662,27.725209126085662,15.350324,14.350323677062988,37.24394,36.24393844604492
7.0,15.291614868612362,8.291614868612362,30.581210693436596,23.581210693436596,13.726957,6.726957321166992,25.76054858806974,18.76054858806974,11.124872,4.124872207641602,23.96007,16.96006965637207
18.0,21.325810566891082,3.3258105668910822,9.405565835013638,-8.594434164986362,22.806242,4.806241989135742,18.776176284333488,0.7761762843334878,12.969704,-5.030296325683594,43.68266,25.682659149169922
13.0,5.01230703608674,-7.98769296391326,6.768271933600735,-6.231728066399265,11.880422,-1.1195783615112305,30.229367887941347,17.229367887941347,4.2580156,-8.741984367370605,14.659722,1.6597223281860352
11.0,13.483976723031876,2.4839767230318763,11.953963905262324,0.9539639052623237,13.343826,2.3438262939453125,19.3237265716395,8.3237265716395,14.074245,3.0742454528808594,34.525066,23.525066375732422
54.0,67.02351256226332,13.02351256226332,63.32416065061789,9.324160650617891,61.891888,7.891887664794922,51.23623198274691,-2.763768017253092,36.440174,-17.559825897216797,68.15182,14.151817321777344
9.0,15.181875164371107,6.181875164371107,15.958204903164459,6.958204903164459,13.885576,4.885576248168945,27.221976987143627,18.221976987143627,11.213871,2.2138710021972656,22.551224,13.551223754882812
162.0,88.46882443700423,-73.53117556299577,106.48714820856517,-55.51285179143483,115.138885,-46.861114501953125,43.8365993632424,-118.1634006367576,43.03624,-118.96376037597656,92.84505,-69.15495300292969
20.0,20.761575063654067,0.7615750636540675,19.85041908980098,-0.14958091019902042,20.502602,0.5026016235351562,49.04581540100223,29.04581540100223,22.325802,2.3258018493652344,38.751186,18.75118637084961
6.0,9.633460233495107,3.633460233495107,14.220077157891101,8.220077157891101,8.086175,2.086174964904785,36.98979858335268,30.98979858335268,23.314281,17.314281463623047,51.83049,45.83049011230469
38.0,44.21419719959353,6.214197199593528,51.29625693783444,13.296256937834443,47.411453,9.411453247070312,37.295269095974476,-0.7047309040255243,35.761032,-2.2389678955078125,68.9687,30.96869659423828
35.0,48.60139308792388,13.601393087923881,57.70645275103791,22.706452751037908,45.064987,10.064987182617188,64.0670383314665,29.067038331466506,33.470665,-1.5293350219726562,60.706882,25.70688247680664
31.0,26.58302275270166,-4.416977247298341,25.993580357147035,-5.006419642852965,21.774982,-9.225017547607422,37.4456369812448,6.445636981244803,21.556671,-9.443328857421875,35.379627,4.379627227783203
24.0,35.9398200253412,11.939820025341199,38.07562787506172,14.07562787506172,37.882244,13.882244110107422,39.31603651870035,15.31603651870035,27.58849,3.588489532470703,52.574978,28.57497787475586
3.0,8.766723574240174,5.766723574240174,6.423889493367929,3.4238894933679287,3.408402,0.4084019660949707,18.647203152705167,15.647203152705167,10.137505,7.137504577636719,30.812366,27.812366485595703
26.0,28.850300684421715,2.8503006844217147,25.5570229510175,-0.4429770489824989,33.10757,7.107570648193359,22.189387840295087,-3.810612159704913,17.828157,-8.171842575073242,38.44419,12.444190979003906
31.0,37.255339996804715,6.2553399968047145,33.27319518011376,2.2731951801137598,36.806747,5.8067474365234375,29.45948137863548,-1.5405186213645194,19.671688,-11.328311920166016,38.453526,7.453525543212891
140.0,138.2466817477662,-1.7533182522338109,150.22240620783424,10.22240620783424,155.05392,15.053924560546875,63.02006102774423,-76.97993897225578,70.79342,-69.20658111572266,125.69953,-14.300468444824219
4.0,5.741806671658346,1.7418066716583462,6.027206314467915,2.0272063144679153,8.444712,4.444711685180664,18.338095585525014,14.338095585525014,3.9756012,-0.0243988037109375,7.3307924,3.3307924270629883
54.0,27.168833792882143,-26.831166207117857,19.86943025856979,-34.13056974143021,18.945019,-35.05498123168945,56.30205425043309,2.3020542504330876,29.53863,-24.46137046813965,51.431572,-2.5684280395507812
119.0,54.70642890113812,-64.29357109886189,47.69590800071781,-71.30409199928219,47.47257,-71.52743148803711,46.31811932433356,-72.68188067566643,37.403126,-81.59687423706055,99.00463,-19.99536895751953
22.0,36.03402401678516,14.03402401678516,28.21079198706364,6.21079198706364,40.4159,18.41590118408203,21.276924097742057,-0.7230759022579427,17.936666,-4.063333511352539,43.034756,21.03475570678711
21.0,38.694041339155895,17.694041339155895,36.798442707736214,15.798442707736214,37.042027,16.04202651977539,26.415944783701004,5.415944783701004,20.209293,-0.7907066345214844,39.676933,18.67693328857422
81.0,65.06466978791045,-15.935330212089553,45.11924578527791,-35.88075421472209,64.23523,-16.7647705078125,51.513243342939525,-29.486756657060475,36.3814,-44.61859893798828,69.25183,-11.7481689453125
1.0,31.49402849927849,30.49402849927849,21.253792802349565,20.253792802349565,12.270275,11.270275115966797,26.853920078224633,25.853920078224633,19.053032,18.05303192138672,73.546135,72.54613494873047
50.0,54.685777106043204,4.685777106043204,54.4485213278634,4.4485213278634035,49.31755,-0.6824493408203125,56.585096145518136,6.585096145518136,52.618645,2.6186447143554688,87.93794,37.93794250488281
13.0,41.712574361427706,28.712574361427706,33.90112426792258,20.901124267922583,39.90079,26.90079116821289,49.79938719267159,36.79938719267159,34.05221,21.05221176147461,67.21749,54.217491149902344
30.0,32.80675669977098,2.806756699770979,32.914456867520336,2.914456867520336,35.014206,5.0142059326171875,44.84666133228571,14.846661332285713,32.521557,2.521556854248047,79.72044,49.72044372558594
12.0,13.001855246196484,1.0018552461964845,13.400260908672838,1.4002609086728377,9.246106,-2.7538938522338867,33.768374208429705,21.768374208429705,8.243015,-3.7569847106933594,20.336462,8.336462020874023
36.0,83.6255679111607,47.6255679111607,76.73704263806738,40.73704263806738,73.69731,37.69731140136719,42.98311363439114,6.983113634391138,34.918766,-1.0812339782714844,54.835835,18.835834503173828
10.0,17.866589635332293,7.866589635332293,16.50579444020061,6.50579444020061,18.629982,8.629981994628906,35.88114790127022,25.881147901270218,14.172537,4.172536849975586,25.633028,15.633028030395508
30.0,28.74066331571251,-1.25933668428749,24.64021413091068,-5.359785869089318,25.956882,-4.043117523193359,30.45343129669824,0.4534312966982412,18.84254,-11.157459259033203,32.649315,2.6493148803710938
36.0,31.990629934751393,-4.009370065248607,35.26138529954193,-0.7386147004580721,32.98318,-3.0168190002441406,38.557789674347994,2.557789674347994,23.822842,-12.17715835571289,38.416218,2.416217803955078
59.0,44.27177451501936,-14.72822548498064,48.770076667414614,-10.229923332585386,45.52095,-13.479049682617188,43.12297109905879,-15.877028900941212,34.46165,-24.538349151611328,63.612797,4.612796783447266
18.0,41.1196874394281,23.1196874394281,40.893097521849036,22.893097521849036,26.281464,8.281463623046875,25.60089168933873,7.600891689338731,21.073944,3.073944091796875,54.594936,36.59493637084961
12.0,14.79791168835657,2.797911688356569,11.306259035711827,-0.6937409642881729,13.630708,1.6307077407836914,35.306919693172475,23.306919693172475,10.567368,-1.4326324462890625,26.660864,14.660863876342773
38.0,52.17699802622813,14.176998026228127,61.22896514688006,23.228965146880057,58.706146,20.706146240234375,54.67846598504863,16.678465985048632,65.75006,27.75006103515625,99.45253,61.45252990722656
25.0,19.04529254438091,-5.95470745561909,20.689804083699833,-4.310195916300167,18.761848,-6.238151550292969,36.42369925404826,11.423699254048259,15.797425,-9.202574729919434,34.927616,9.927616119384766
51.0,67.39389433908701,16.393894339087012,67.88365430848961,16.88365430848961,66.92944,15.929443359375,49.60080646587683,-1.399193534123171,41.388535,-9.611465454101562,69.08245,18.08245086669922
47.0,121.63927770930717,74.63927770930717,128.4921064305811,81.49210643058109,124.22612,77.22611999511719,49.3406239815062,2.340623981506198,48.0315,1.0315017700195312,112.7618,65.76180267333984
10.0,16.504739149907994,6.504739149907994,11.817834826086944,1.8178348260869441,12.234174,2.2341737747192383,38.202994005620454,28.202994005620454,24.178541,14.17854118347168,66.77336,56.77336120605469
44.0,43.28312171898443,-0.7168782810155676,10.901362732756557,-33.09863726724345,37.83851,-6.161491394042969,66.36565363522328,22.365653635223282,30.622478,-13.377521514892578,56.9913,12.99129867553711
38.0,25.971477867352302,-12.028522132647698,27.936589732371093,-10.063410267628907,27.806763,-10.1932373046875,46.950466589848176,8.950466589848176,32.501415,-5.498584747314453,71.88941,33.88941192626953
10.0,28.015776424915334,18.015776424915334,36.227591045522836,26.227591045522836,38.04021,28.040210723876953,51.40383352426714,41.40383352426714,46.011112,36.011112213134766,100.434326,90.434326171875
8.0,4.918748863648832,-3.0812511363511677,4.780995439243427,-3.2190045607565727,5.5173655,-2.4826345443725586,21.41921949898081,13.419219498980809,3.3941312,-4.605868816375732,6.4260798,-1.5739202499389648
89.0,85.55724007936512,-3.4427599206348845,80.74752023338662,-8.252479766613376,87.42881,-1.5711898803710938,64.5547754228051,-24.445224577194907,58.330505,-30.66949462890625,75.694405,-13.305595397949219
49.0,36.276265650544275,-12.723734349455725,37.570920821731164,-11.429079178268836,35.954693,-13.045307159423828,36.557497381083934,-12.442502618916066,32.72618,-16.273818969726562,58.45234,9.452339172363281
26.0,28.089537393162388,2.089537393162388,26.946102046683087,0.9461020466830874,27.497068,1.4970684051513672,29.641885459396118,3.641885459396118,4.9864345,-21.01356554031372,23.661987,-2.3380126953125
124.0,119.2089044011544,-4.791095598845601,116.23786301598022,-7.762136984019776,122.14346,-1.856536865234375,55.301299658101556,-68.69870034189844,49.66355,-74.3364486694336,103.08004,-20.919960021972656
5.0,34.06308273873108,29.063082738731083,28.759327668354175,23.759327668354175,46.605457,41.6054573059082,28.14134014780639,23.14134014780639,24.709112,19.7091121673584,47.34181,42.3418083190918
13.0,22.40865693279397,9.40865693279397,21.60651327827605,8.60651327827605,18.895283,5.895282745361328,41.27279821806554,28.27279821806554,32.123722,19.123722076416016,64.44203,51.44203186035156
139.0,132.8272792847082,-6.172720715291803,125.75235336411568,-13.247646635884323,127.33686,-11.663139343261719,35.41574067026064,-103.58425932973935,36.17442,-102.82558059692383,84.64523,-54.354766845703125
27.0,27.459446705449086,0.4594467054490856,29.16385971590899,2.163859715908991,30.17482,3.1748199462890625,34.11916546173186,7.1191654617318605,20.456997,-6.543003082275391,33.545856,6.545856475830078
37.0,39.59523725964796,2.595237259647959,41.07293006738713,4.0729300673871265,42.152836,5.152835845947266,45.40470219159158,8.404702191591582,28.973076,-8.026924133300781,38.52083,1.5208282470703125
1.0,28.46843569378686,27.46843569378686,24.505954157200673,23.505954157200673,31.59399,30.593990325927734,50.59300689686605,49.59300689686605,24.520382,23.520381927490234,56.107967,55.107967376708984
53.0,47.89136048882266,-5.108639511177337,43.955107274198404,-9.044892725801596,39.613613,-13.38638687133789,34.26107980058139,-18.738920199418608,23.735975,-29.26402473449707,43.66058,-9.339420318603516
76.0,76.64966091941825,0.6496609194182525,78.64759982945534,2.647599829455345,82.40248,6.4024810791015625,60.203382727631755,-15.796617272368245,42.073627,-33.92637252807617,63.362816,-12.637184143066406
28.0,28.587795119921147,0.5877951199211466,27.606615936045635,-0.39338406395436465,34.206814,6.206813812255859,36.65362501417481,8.653625014174807,20.915869,-7.084131240844727,29.897312,1.8973121643066406
25.0,37.92982198094402,12.92982198094402,34.99380269125299,9.993802691252988,34.908543,9.90854263305664,35.875830800305884,10.875830800305884,37.41606,12.416061401367188,63.06925,38.06924819946289
1.0,43.32295984433115,42.32295984433115,38.40399635807681,37.40399635807681,51.219135,50.21913528442383,28.43058443365686,27.43058443365686,23.319155,22.319154739379883,62.459183,61.45918273925781
69.0,66.52287664650741,-2.477123353492587,68.13156474374293,-0.8684352562570723,68.494064,-0.5059356689453125,50.90124162294167,-18.09875837705833,48.20434,-20.795658111572266,70.900925,1.9009246826171875
1.0,2.744603488157078,1.744603488157078,1.9026594102394545,0.9026594102394545,2.1908104,1.1908104419708252,16.35451723420193,15.354517234201928,3.191134,2.191133975982666,4.954422,3.9544219970703125
82.0,69.95322348403734,-12.046776515962662,72.88898810982023,-9.111011890179768,73.502045,-8.497955322265625,36.43834189345253,-45.56165810654747,30.31186,-51.688140869140625,58.05502,-23.94498062133789
4.0,18.428315839182652,14.428315839182652,10.98824861433809,6.98824861433809,11.642499,7.642498970031738,51.799847356292766,47.799847356292766,26.979313,22.979312896728516,39.374653,35.37465286254883
8.0,18.742832302100254,10.742832302100254,12.972163363919204,4.972163363919204,5.3634686,-2.636531352996826,37.53279522276645,29.532795222766453,23.845284,15.845283508300781,65.198715,57.19871520996094
48.0,46.49896781276571,-1.501032187234287,44.474061337140725,-3.525938662859275,47.64775,-0.3522491455078125,55.59381102433842,7.593811024338422,36.918232,-11.081768035888672,92.69458,44.694580078125
25.0,39.17883098828645,14.17883098828645,37.20671598891114,12.206715988911142,39.34195,14.341949462890625,27.80296045033913,2.8029604503391283,21.93374,-3.0662593841552734,41.820568,16.820568084716797
8.0,10.418839962538952,2.418839962538952,10.989196485792275,2.9891964857922755,13.326584,5.3265838623046875,31.39031715559726,23.39031715559726,8.913369,0.9133691787719727,23.758343,15.758342742919922
19.0,17.841277146492693,-1.1587228535073066,16.71076806272957,-2.2892319372704293,16.594688,-2.4053115844726562,35.991754528282755,16.991754528282755,18.059435,-0.9405651092529297,25.822918,6.822917938232422
2.0,29.384239357564844,27.384239357564844,28.19774779497089,26.19774779497089,30.570726,28.57072639465332,41.56366604803563,39.56366604803563,24.359629,22.359628677368164,47.692493,45.6924934387207
4.0,6.670979963628132,2.670979963628132,8.491811196002814,4.491811196002814,1.950902,-2.049098014831543,12.203095344601422,8.203095344601422,8.750235,4.750234603881836,24.48247,20.48246955871582
18.0,13.123611239733973,-4.8763887602660265,9.032414865182202,-8.967585134817798,6.8690357,-11.130964279174805,34.989188465446325,16.989188465446325,6.078202,-11.92179822921753,20.204842,2.2048416137695312
16.0,11.75058131129235,-4.2494186887076495,10.262688043846351,-5.737311956153649,12.254923,-3.745077133178711,14.051571869779139,-1.9484281302208615,5.957476,-10.042523860931396,10.57778,-5.422220230102539
32.0,25.564407735831832,-6.435592264168168,30.871428581586564,-1.1285714184134363,27.738749,-4.261251449584961,45.33330700147845,13.333307001478452,33.506798,1.5067977905273438,83.02805,51.028053283691406
77.0,20.40589988019997,-56.59410011980003,25.91753770569075,-51.08246229430925,18.845423,-58.15457725524902,28.863505114232,-48.136494885768,24.837484,-52.16251564025879,56.520424,-20.479576110839844
57.0,56.2918744989421,-0.7081255010579,54.44556825042938,-2.554431749570618,55.886497,-1.1135025024414062,45.79265278827482,-11.207347211725178,41.08499,-15.915008544921875,64.83956,7.839561462402344
54.0,41.040987539132466,-12.959012460867534,22.992832906531767,-31.007167093468233,43.273502,-10.726497650146484,31.323367628504098,-22.676632371495902,28.85641,-25.143590927124023,52.07344,-1.9265594482421875
57.0,55.05401820411308,-1.9459817958869223,55.16631250761281,-1.8336874923871918,56.727947,-0.2720527648925781,55.90853900841887,-1.0914609915811297,56.122963,-0.8770370483398438,78.37661,21.376609802246094
17.0,8.080893839722279,-8.919106160277721,7.080767344970946,-9.919232655029054,3.3934107,-13.606589317321777,28.15977838913509,11.159778389135091,7.688106,-9.311893939971924,20.849901,3.8499011993408203
1.0,36.920095570267314,35.920095570267314,36.12724929325397,35.12724929325397,37.419346,36.41934585571289,32.04828262164156,31.04828262164156,27.45966,26.459659576416016,83.08182,82.08181762695312
1.0,58.11984570101854,57.11984570101854,70.20252902135847,69.20252902135847,65.05423,64.05422973632812,35.844564769734774,34.844564769734774,26.254393,25.254392623901367,72.09292,71.0929183959961
30.0,34.27010579120309,4.270105791203093,34.48348757297504,4.4834875729750365,29.593931,-0.4060688018798828,24.847771396423322,-5.152228603576678,25.241375,-4.758625030517578,34.742767,4.742767333984375
13.0,17.962936123611666,4.962936123611666,17.72810863121587,4.728108631215871,18.66541,5.665409088134766,27.06945991855495,14.069459918554951,20.00742,7.007419586181641,44.990597,31.990596771240234
2.0,16.962692582176278,14.962692582176278,14.50976528102675,12.50976528102675,18.103083,16.10308265686035,44.11575392272786,42.11575392272786,12.455747,10.4557466506958,50.110783,48.110782623291016
34.0,34.03318665725279,0.03318665725279146,29.142657040936015,-4.857342959063985,26.435438,-7.56456184387207,28.31353659995588,-5.6864634000441185,22.689377,-11.310623168945312,42.63151,8.631511688232422
22.0,19.81172470386587,-2.1882752961341296,28.63555664608101,6.63555664608101,23.318747,1.318746566772461,20.065899335903797,-1.9341006640962028,14.275868,-7.7241315841674805,21.332727,-0.6672725677490234
20.0,21.924147955982804,1.9241479559828036,21.686670803999817,1.6866708039998173,19.486181,-0.5138187408447266,66.74454358761133,46.74454358761133,27.846249,7.846248626708984,53.342014,33.34201431274414
4.0,12.213758221879289,8.213758221879289,11.472067322611329,7.472067322611329,8.813766,4.813765525817871,21.654760565585253,17.654760565585253,12.821184,8.821184158325195,37.638203,33.63820266723633
52.0,49.12683414074566,-2.8731658592543425,51.781835326356315,-0.21816467364368464,44.868702,-7.131298065185547,43.979392144219396,-8.020607855780604,41.2582,-10.741798400878906,62.10867,10.10866928100586
8.0,12.010388637560114,4.010388637560114,9.519793659176486,1.5197936591764858,9.910351,1.9103507995605469,15.531846934853714,7.531846934853714,7.438724,-0.5612759590148926,17.105223,9.105222702026367
3.0,5.838105325216817,2.8381053252168167,-0.0609806107711149,-3.060980610771115,3.0852995,0.08529949188232422,25.217346071684894,22.217346071684894,3.7114882,0.7114882469177246,9.484109,6.484108924865723
1.0,3.212107215493,2.212107215493,1.426830037049089,0.42683003704908895,-0.62149936,-1.6214993596076965,3.57936840223838,2.57936840223838,3.8467808,2.846780776977539,11.029598,10.029598236083984
17.0,20.645287206985632,3.645287206985632,12.694737617679559,-4.305262382320441,18.81235,1.8123493194580078,37.14467608722204,20.144676087222038,11.981024,-5.018976211547852,22.431229,5.4312286376953125
76.0,52.223676675655796,-23.776323324344204,50.06397841381172,-25.936021586188282,54.03874,-21.961261749267578,50.27642768898026,-25.723572311019737,34.244152,-41.7558479309082,65.57842,-10.421577453613281
10.0,8.327445625516283,-1.6725543744837168,5.773832243432488,-4.226167756567512,6.618376,-3.381624221801758,18.849926756883498,8.849926756883498,3.933455,-6.066545009613037,8.384426,-1.6155738830566406
24.0,23.510547913671697,-0.4894520863283027,19.118618109829256,-4.8813818901707435,21.522331,-2.4776687622070312,29.99998572833906,5.999985728339059,19.607944,-4.392055511474609,35.179554,11.179553985595703
82.0,69.61323938481517,-12.386760615184826,74.14023668724165,-7.859763312758346,75.49013,-6.5098724365234375,47.20261942573403,-34.79738057426597,47.18664,-34.813358306884766,83.004814,1.0048141479492188
8.0,6.85968078234342,-1.1403192176565797,6.27952469256854,-1.7204753074314603,3.727303,-4.2726969718933105,26.41023913567182,18.41023913567182,3.6562655,-4.343734502792358,8.38926,0.38926029205322266
15.0,51.36122762589567,36.36122762589567,51.147868819777365,36.147868819777365,47.56335,32.563350677490234,43.48181315169815,28.481813151698148,37.398087,22.398086547851562,64.588875,49.58887481689453
9.0,14.326389531089507,5.326389531089507,2.9851444524934263,-6.014855547506574,2.477299,-6.522701025009155,21.206448222201313,12.206448222201313,8.683237,-0.31676292419433594,25.834816,16.834815979003906
1.0,40.768667960865116,39.768667960865116,31.73682668044279,30.73682668044279,38.638695,37.638694763183594,33.97961932319534,32.97961932319534,29.500534,28.500534057617188,55.083576,54.08357620239258
54.0,40.352240648618874,-13.647759351381126,36.16727904717494,-17.832720952825063,35.968216,-18.031784057617188,53.48397604383091,-0.5160239561690929,48.406654,-5.593345642089844,95.11291,41.11290740966797
8.0,35.79528395573241,27.79528395573241,22.183612695046946,14.183612695046946,20.880138,12.880138397216797,29.255980432242843,21.255980432242843,18.49214,10.49213981628418,72.523315,64.5233154296875
17.0,8.999693130065863,-8.000306869934137,6.244221493206178,-10.755778506793822,4.4413977,-12.558602333068848,34.769878167847956,17.769878167847956,5.7029743,-11.297025680541992,19.204935,2.204935073852539
41.0,39.45331959825067,-1.5466804017493274,31.456917708756645,-9.543082291243355,36.193882,-4.806118011474609,30.73807057722197,-10.261929422778032,20.458958,-20.54104232788086,38.073082,-2.9269180297851562
31.0,34.938867065878696,3.9388670658786964,41.09045197651631,10.090451976516313,35.960262,4.960262298583984,51.841137697147644,20.841137697147644,46.112465,15.112464904785156,101.581,70.58100128173828
54.0,36.89215138111695,-17.107848618883047,31.962500551193106,-22.037499448806894,31.972734,-22.027265548706055,59.90274619618285,5.9027461961828465,39.982796,-14.017204284667969,62.106224,8.106224060058594
37.0,30.052049338454697,-6.947950661545303,21.56749653116425,-15.432503468835751,27.746094,-9.25390625,32.97624780715962,-4.0237521928403766,29.3928,-7.607200622558594,61.489983,24.48998260498047
7.0,10.356833696769726,3.3568336967697263,24.026787817488355,17.026787817488355,14.450579,7.450578689575195,21.726254143410216,14.726254143410216,13.884798,6.884798049926758,50.347637,43.34763717651367
34.0,39.70216558416937,5.7021655841693715,38.93051802782311,4.930518027823112,38.186497,4.186496734619141,32.99294185988578,-1.0070581401142178,30.962837,-3.0371627807617188,47.52467,13.524669647216797
68.0,36.947129095608794,-31.052870904391206,30.996936484974707,-37.00306351502529,39.67058,-28.329418182373047,19.14208311876677,-48.85791688123323,14.983347,-53.016653060913086,44.506165,-23.49383544921875
55.0,67.12730239742815,12.127302397428153,63.88137400583025,8.881374005830253,69.32152,14.321517944335938,51.74884122401205,-3.251158775987953,36.62635,-18.37364959716797,68.58483,13.584831237792969
23.0,17.01229251047552,-5.987707489524482,28.90029431170135,5.9002943117013515,20.401955,-2.5980453491210938,34.074243677202546,11.074243677202546,12.19512,-10.804880142211914,20.534668,-2.46533203125
13.0,17.556251219842817,4.556251219842817,19.460573217986006,6.460573217986006,17.151915,4.151914596557617,35.904979555257604,22.904979555257604,9.36254,-3.6374597549438477,21.432331,8.432331085205078
7.0,48.544516425790356,41.544516425790356,58.79949068600694,51.79949068600694,49.3924,42.392398834228516,18.4769767625776,11.4769767625776,11.530474,4.530473709106445,39.022545,32.022544860839844
16.0,7.618096941772579,-8.381903058227422,6.417211683067561,-9.58278831693244,6.8466187,-9.15338134765625,27.678064789209373,11.678064789209373,8.161199,-7.838801383972168,20.023697,4.0236968994140625
28.0,31.388882444535913,3.3888824445359127,29.24869349476585,1.248693494765849,30.400393,2.400392532348633,42.213252625614395,14.213252625614395,24.411545,-3.5884552001953125,33.360016,5.360015869140625
22.0,18.035916481698777,-3.964083518301223,11.394306129856128,-10.605693870143872,13.140639,-8.859360694885254,25.73339735543025,3.733397355430249,11.898795,-10.101204872131348,26.404362,4.404361724853516
60.0,36.69430127974384,-23.30569872025616,37.352705007610815,-22.647294992389185,35.346443,-24.65355682373047,29.74788032981892,-30.25211967018108,21.125969,-38.87403106689453,45.125134,-14.874866485595703
8.0,8.712493468028644,0.7124934680286437,10.781397743898648,2.7813977438986477,8.068804,0.06880378723144531,16.634621516682436,8.634621516682436,9.312683,1.31268310546875,25.006327,17.00632667541504
6.0,6.224914522999569,0.22491452299956904,7.375780241694929,1.3757802416949287,4.5575633,-1.442436695098877,12.150073101891422,6.150073101891422,8.16399,2.163990020751953,26.591541,20.591541290283203
50.0,48.50759792121341,-1.49240207878659,51.97760325541629,1.977603255416291,59.914932,9.914932250976562,49.14386639543824,-0.8561336045617622,40.210155,-9.789844512939453,56.416004,6.416004180908203
6.0,4.506410901274501,-1.493589098725499,8.46838644338789,2.4683864433878906,6.030323,0.030323028564453125,20.235123579787768,14.235123579787768,3.221002,-2.7789978981018066,5.951662,-0.04833793640136719
66.0,32.64716590154172,-33.35283409845828,22.808375484386954,-43.19162451561304,33.58186,-32.41814041137695,65.1810703560866,-0.8189296439134068,34.90667,-31.09333038330078,57.685596,-8.314403533935547
45.0,48.01674795315905,3.0167479531590473,42.01477628708388,-2.9852237129161168,44.43894,-0.5610618591308594,62.8644017740692,17.8644017740692,27.613857,-17.38614273071289,54.01622,9.016220092773438
0.0,7.738134692515884,7.738134692515884,11.631698444282856,11.631698444282856,4.038131,4.038131237030029,17.257530727134203,17.257530727134203,9.165486,9.165486335754395,34.36015,34.36014938354492
67.0,53.25253394536769,-13.747466054632312,55.12340687326465,-11.87659312673535,45.88382,-21.116180419921875,57.52605501222689,-9.473944987773109,49.77996,-17.22003936767578,85.10113,18.10112762451172
55.0,52.69318123113755,-2.306818768862449,57.94827703189297,2.948277031892971,55.47211,0.4721107482910156,13.887411417650377,-41.11258858234962,12.695726,-42.30427360534668,43.67513,-11.324871063232422
30.0,26.82049034114815,-3.179509658851849,28.11822128856554,-1.8817787114344604,28.316364,-1.6836357116699219,40.14211271427829,10.14211271427829,19.219547,-10.780452728271484,28.527718,-1.4722824096679688
17.0,72.2614775884075,55.2614775884075,60.73892543712833,43.73892543712833,71.31455,54.314552307128906,44.54372036677085,27.54372036677085,43.756218,26.75621795654297,75.51973,58.51972961425781
81.0,68.08782850242947,-12.912171497570526,46.02635652395882,-34.97364347604118,71.607376,-9.392623901367188,63.96936641256591,-17.03063358743409,38.58574,-42.41426086425781,65.99685,-15.003150939941406
34.0,39.13300372807474,5.1330037280747405,44.5633192613323,10.563319261332303,40.683804,6.683803558349609,62.90934287631752,28.909342876317517,34.321457,0.3214569091796875,63.099895,29.099895477294922
15.0,24.056664345358215,9.056664345358215,29.100761165848343,14.100761165848343,32.096615,17.096614837646484,33.701390388589715,18.701390388589715,22.197971,7.197971343994141,50.860714,35.860713958740234
29.0,35.9833762694078,6.983376269407799,42.06705360498145,13.067053604981453,42.222633,13.222633361816406,40.850335121041034,11.850335121041034,27.119808,-1.8801918029785156,55.091892,26.09189224243164
56.0,30.82667067433921,-25.17332932566079,35.331977116512704,-20.668022883487296,38.742855,-17.257144927978516,61.06007149853965,5.060071498539649,40.946175,-15.053825378417969,63.57564,7.575641632080078
45.0,46.995968413709576,1.9959684137095763,45.47979880915629,0.4797988091562928,45.03619,0.036190032958984375,39.78796366161215,-5.212036338387847,23.54703,-21.452970504760742,54.316303,9.316303253173828
14.0,26.207417640054867,12.207417640054867,26.184949508920845,12.184949508920845,24.630688,10.630687713623047,14.326079286453155,0.32607928645315454,9.140151,-4.859848976135254,24.82536,10.825359344482422
21.0,23.226867123375698,2.2268671233756976,22.55815718286126,1.5581571828612617,21.456568,0.45656776428222656,38.99857709155205,17.99857709155205,15.724981,-5.275018692016602,26.050528,5.050527572631836
14.0,20.717038134209112,6.717038134209112,18.137401331159598,4.137401331159598,12.343648,-1.6563520431518555,35.60058990368466,21.600589903684657,14.43521,0.4352102279663086,34.67472,20.674720764160156
27.0,14.281807432641903,-12.718192567358097,15.91006048219795,-11.08993951780205,14.022925,-12.97707462310791,18.41728361488462,-8.58271638511538,11.409864,-15.59013557434082,39.649586,12.649585723876953
9.0,11.111189758628582,2.1111897586285817,3.8550652661585705,-5.1449347338414295,11.125414,2.1254138946533203,26.857097365223183,17.857097365223183,23.76789,14.767890930175781,44.43668,35.43667984008789
57.0,42.969684248576584,-14.030315751423416,44.63089324183161,-12.369106758168392,43.19546,-13.80453872680664,50.205575078631455,-6.794424921368545,31.300827,-25.699172973632812,48.887077,-8.112922668457031
16.0,13.572446326379676,-2.4275536736203236,9.73196819972012,-6.26803180027988,11.080151,-4.919849395751953,24.291528374464676,8.291528374464676,11.684042,-4.315958023071289,27.451061,11.451061248779297
2.0,7.675501714324301,5.675501714324301,4.0070769860018505,2.0070769860018505,3.488367,1.4883670806884766,12.965762872325612,10.965762872325612,6.750641,4.750640869140625,17.430342,15.430341720581055
55.0,51.468042167474735,-3.531957832525265,51.433561800714024,-3.566438199285976,54.027763,-0.9722366333007812,51.354361704765644,-3.645638295234356,42.029106,-12.970893859863281,61.737164,6.737163543701172
30.0,38.978557021293895,8.978557021293895,37.2652273461275,7.265227346127503,38.482533,8.482532501220703,37.12227798012594,7.1222779801259435,39.349815,9.349815368652344,70.57203,40.57202911376953
12.0,29.034633166281832,17.034633166281832,40.72359463813515,28.723594638135147,28.096985,16.09698486328125,23.835202358001915,11.835202358001915,19.416124,7.41612434387207,49.47938,37.4793815612793
10.0,6.282099403938203,-3.7179005960617966,5.3581094398341715,-4.6418905601658285,2.2968285,-7.703171491622925,23.01165617802971,13.01165617802971,3.557651,-6.442348957061768,7.254984,-2.745016098022461
6.0,3.77196684039519,-2.22803315960481,-1.662565995285683,-7.662565995285683,3.0877452,-2.912254810333252,8.302024193240129,2.302024193240129,3.5421495,-2.457850456237793,6.9284916,0.9284915924072266
51.0,45.70862287161428,-5.291377128385719,45.71797728393624,-5.282022716063757,48.367928,-2.6320724487304688,34.91896279778837,-16.081037202211633,26.872456,-24.127544403076172,45.250072,-5.749927520751953
41.0,47.154105761698084,6.154105761698084,48.52919260172583,7.529192601725832,50.112354,9.112354278564453,54.82956926630639,13.829569266306393,50.558125,9.558124542236328,98.02932,57.029319763183594
45.0,57.83131677773043,12.831316777730429,60.21000151444097,15.210001514440968,58.404705,13.404705047607422,48.35503646031744,3.355036460317443,48.7872,3.787200927734375,94.87229,49.872291564941406
10.0,11.851519853269362,1.8515198532693624,9.915619697257064,-0.08438030274293595,10.779416,0.7794160842895508,30.197877814234516,20.197877814234516,15.547473,5.547472953796387,62.12395,52.12395095825195
3.0,25.654219759715705,22.654219759715705,17.665672829001494,14.665672829001494,33.771935,30.771934509277344,38.09146069249563,35.09146069249563,22.246944,19.246944427490234,43.735676,40.73567581176758
47.0,56.01924830054129,9.019248300541292,60.25021988359369,13.250219883593687,67.06185,20.061851501464844,51.188533735228226,4.188533735228226,43.34043,-3.6595687866210938,75.590324,28.59032440185547
110.0,34.029025622505436,-75.97097437749457,36.0725522448003,-73.9274477551997,41.008785,-68.99121475219727,36.15918399257127,-73.84081600742873,25.647095,-84.3529052734375,65.634254,-44.365745544433594
87.0,65.39875927714165,-21.60124072285835,60.865298821391505,-26.134701178608495,53.672817,-33.32718276977539,55.979586231605694,-31.020413768394306,40.224182,-46.77581787109375,69.7225,-17.277496337890625
52.0,68.59497438871334,16.59497438871334,69.03349896914064,17.033498969140638,71.16388,19.16387939453125,49.283689321126914,-2.7163106788730857,44.493317,-7.506683349609375,69.56436,17.564361572265625
16.0,30.80147103105784,14.80147103105784,34.8016715773495,18.801671577349502,37.090427,21.09042739868164,38.751309254325434,22.751309254325434,25.04955,9.049549102783203,69.57656,53.576560974121094
6.0,7.313617916662476,1.3136179166624764,11.073956451473862,5.073956451473862,5.641502,-0.35849809646606445,17.56536947307967,11.56536947307967,12.518532,6.518531799316406,43.03185,37.0318489074707
78.0,68.82813704801255,-9.17186295198745,67.84945806205913,-10.150541937940872,70.026855,-7.97314453125,50.60947584463471,-27.39052415536529,44.246223,-33.75377655029297,70.468185,-7.5318145751953125
8.0,22.282800865005665,14.282800865005665,15.274117566461554,7.274117566461554,25.427021,17.427021026611328,61.41793937698492,53.41793937698492,32.75852,24.75851821899414,56.45875,48.4587516784668
34.0,41.68575676279125,7.68575676279125,44.3127965267915,10.312796526791502,39.332863,5.332862854003906,29.845376036550523,-4.1546239634494775,29.340412,-4.659587860107422,54.875988,20.875988006591797
35.0,29.46751629393059,-5.53248370606941,28.300402752962412,-6.6995972470375875,26.110758,-8.889242172241211,32.27096895556788,-2.7290310444321193,28.294456,-6.705543518066406,60.687267,25.687267303466797
59.0,43.71416121275067,-15.285838787249332,44.22320122023615,-14.776798779763851,39.2763,-19.72370147705078,48.621737270625445,-10.378262729374555,35.94957,-23.050430297851562,62.871113,3.871112823486328
48.0,45.708878000265095,-2.291121999734905,47.00286459601746,-0.99713540398254,45.152935,-2.847064971923828,31.259097716710727,-16.740902283289273,31.882957,-16.117042541503906,49.93713,1.9371299743652344
0.0,8.386491508415212,8.386491508415212,-13.150259822097805,-13.150259822097805,1.3978953,1.397895336151123,28.155647552951546,28.155647552951546,0.374766,0.3747659921646118,1.6440287,1.644028663635254
27.0,33.24275872841136,6.24275872841136,33.316747580061374,6.316747580061374,32.347805,5.347805023193359,30.06190627256323,3.061906272563231,23.957771,-3.0422286987304688,39.51029,12.51028823852539
8.0,13.029522955069556,5.029522955069556,13.836667693504243,5.836667693504243,11.545048,3.5450477600097656,35.67914418224259,27.679144182242588,15.874037,7.87403678894043,42.874657,34.874656677246094
6.0,7.096140946259438,1.096140946259438,6.39570029425043,0.39570029425042996,5.9202514,-0.07974863052368164,19.518026481288082,13.518026481288082,9.911423,3.9114227294921875,32.625053,26.62505340576172
47.0,40.23185312188745,-6.768146878112553,38.84562212431783,-8.154377875682172,37.01006,-9.989940643310547,39.5327380090427,-7.467261990957297,37.306305,-9.693695068359375,70.80527,23.805267333984375
19.0,7.319430725803453,-11.680569274196547,1.9741663643190117,-17.02583363568099,3.1656752,-15.834324836730957,35.691925528509934,16.691925528509934,5.0197725,-13.98022747039795,17.153418,-1.8465824127197266
2.0,5.754932957425066,3.7549329574250656,1.9310545384892712,-0.06894546151072878,4.6714735,2.671473503112793,11.985091633572626,9.985091633572626,6.974391,4.974390983581543,23.866915,21.866914749145508
19.0,25.81397959508251,6.813979595082511,25.491283960336492,6.491283960336492,25.411968,6.411968231201172,26.65830786828082,7.6583078682808186,15.131292,-3.8687076568603516,31.992903,12.992902755737305
45.0,38.27852207202203,-6.721477927977972,39.67875831136964,-5.321241688630359,38.62036,-6.379638671875,35.56005531046467,-9.43994468953533,29.894087,-15.105913162231445,58.919315,13.919315338134766
31.0,41.4315687107905,10.4315687107905,42.51384644623153,11.513846446231533,42.143974,11.143974304199219,35.56008958326641,4.560089583266411,30.326725,-0.6732749938964844,59.758236,28.758235931396484
20.0,52.76344668241541,32.76344668241541,64.09832761204245,44.09832761204245,53.919395,33.919395446777344,56.435135929326975,36.435135929326975,29.504341,9.504341125488281,53.196903,33.196903228759766
82.0,40.05427383656324,-41.94572616343676,39.7683183315245,-42.2316816684755,49.213963,-32.78603744506836,43.457759995459156,-38.542240004540844,29.472595,-52.52740478515625,57.337093,-24.662906646728516
8.0,18.604465919440823,10.604465919440823,15.920751305603295,7.920751305603295,14.130303,6.130303382873535,27.171326105872442,19.171326105872442,10.974691,2.974691390991211,24.115711,16.115711212158203
37.0,43.6670232686774,6.667023268677397,43.4835954276057,6.4835954276056995,44.62966,7.629661560058594,44.35908809481221,7.359088094812208,42.70649,5.706489562988281,56.512745,19.512744903564453
141.0,70.94348881673884,-70.05651118326116,82.73023520619905,-58.269764793800945,86.44857,-54.551429748535156,64.59556454492571,-76.40443545507429,29.701569,-111.29843139648438,90.2548,-50.745201110839844
66.0,50.072228291638986,-15.927771708361014,50.51110127180459,-15.488898728195409,56.886272,-9.113727569580078,58.2700107906444,-7.729989209355601,33.234234,-32.76576614379883,60.212635,-5.787364959716797
14.0,47.2068641011256,33.2068641011256,43.71622182075751,29.71622182075751,42.070923,28.0709228515625,47.17932417694675,33.17932417694675,34.46341,20.463409423828125,68.07773,54.077728271484375
41.0,37.938345237417394,-3.061654762582606,37.306377986928354,-3.6936220130716464,37.861862,-3.1381378173828125,38.344284249889505,-2.6557157501104953,26.38079,-14.619209289550781,42.4471,1.4471015930175781
3.0,11.234223650075918,8.234223650075918,13.284590589519064,10.284590589519064,6.9646697,3.964669704437256,16.35789439434687,13.357894394346872,9.099174,6.099173545837402,25.956738,22.956737518310547
9.0,38.801944663674604,29.801944663674604,52.71196223677209,43.71196223677209,59.86933,50.86933135986328,37.78198146444438,28.781981464444378,28.862375,19.862375259399414,90.481346,81.4813461303711
9.0,5.4726453587487995,-3.5273546412512005,4.401622935260317,-4.598377064739683,4.595253,-4.404747009277344,19.53040376927441,10.530403769274411,3.2639666,-5.7360334396362305,6.3518724,-2.648127555847168
103.0,78.29036085834632,-24.709639141653682,70.98186324867719,-32.018136751322814,62.163105,-40.83689498901367,44.83236758537367,-58.16763241462633,37.811905,-65.18809509277344,64.64504,-38.354957580566406
63.0,74.89880314914842,11.89880314914842,71.65349149762064,8.653491497620635,72.978004,9.978004455566406,55.50011867362668,-7.49988132637332,61.246178,-1.7538223266601562,102.44587,39.44586944580078
65.0,59.80640753358517,-5.193592466414827,56.920256830264336,-8.079743169735664,60.017803,-4.982196807861328,59.683568455059444,-5.316431544940556,41.611996,-23.388004302978516,66.58902,1.589019775390625
2.0,2.5794899520414223,0.5794899520414223,2.5111761119622655,0.5111761119622655,6.1866345,4.186634540557861,12.10925744974114,10.10925744974114,5.7059746,3.705974578857422,12.257658,10.257658004760742
11.0,19.75211153901088,8.75211153901088,30.406279130996246,19.406279130996246,21.372149,10.372148513793945,62.3348688621551,51.3348688621551,38.13719,27.137191772460938,62.580097,51.58009719848633
90.0,88.87895804747734,-1.1210419525226598,86.3415884284653,-3.6584115715346996,90.12355,0.1235504150390625,33.15820618979618,-56.84179381020382,29.14577,-60.854230880737305,66.60344,-23.396560668945312
4.0,39.58431339098267,35.58431339098267,46.73334454176307,42.73334454176307,59.787205,55.78720474243164,19.34194746728128,15.34194746728128,11.936253,7.936252593994141,42.149952,38.14995193481445
53.0,47.34287210065579,-5.657127899344211,41.95534880882113,-11.044651191178872,46.725674,-6.274326324462891,57.12143646000217,4.1214364600021725,56.828575,3.8285751342773438,112.5779,59.577903747558594
89.0,89.74558495670993,0.7455849567099335,90.09213212204203,1.092132122042031,87.96246,-1.03753662109375,27.296556857595185,-61.703443142404815,22.607578,-66.39242172241211,71.80314,-17.196861267089844
10.0,11.24110626991029,1.24110626991029,-4.083557638791215,-14.083557638791216,10.740442,0.7404422760009766,33.28778742733369,23.28778742733369,11.570295,1.5702953338623047,30.17966,20.17966079711914
0.0,0.0,0.0,-1.710861339907524,-1.710861339907524,-2.7374463,-2.7374463081359863,12.19256927238115,12.19256927238115,-0.48588908,-0.4858890771865845,0.05505824,0.05505824089050293
39.0,26.791352768522497,-12.208647231477503,27.630324650642446,-11.369675349357554,31.544794,-7.455205917358398,33.93199184671481,-5.0680081532851915,20.717178,-18.282821655273438,34.117874,-4.8821258544921875
63.0,49.41323431281417,-13.586765687185832,28.735611142263043,-34.26438885773696,29.969078,-33.030921936035156,60.956551724503804,-2.0434482754961962,30.788681,-32.21131896972656,59.033485,-3.9665145874023438
85.0,61.373860748201,-23.626139251799003,49.734646847359535,-35.265353152640465,63.35993,-21.640071868896484,35.96554608337731,-49.03445391662269,27.362177,-57.6378231048584,75.414604,-9.585395812988281
2.0,10.773300728600125,8.773300728600125,17.113744778343126,15.113744778343126,15.042688,13.042688369750977,27.662454430149218,25.662454430149218,24.499866,22.499866485595703,49.990837,47.99083709716797
35.0,51.3495515845102,16.349551584510202,42.319349667648,7.319349667647998,45.17941,10.17940902709961,42.96987002227202,7.969870022272019,42.784622,7.7846221923828125,73.24299,38.24298858642578
28.0,32.755564350337316,4.755564350337316,38.91790859092931,10.917908590929308,26.469538,-1.5304622650146484,44.83973057737785,16.83973057737785,23.03428,-4.965719223022461,43.660686,15.660686492919922
35.0,38.738800361940314,3.7388003619403136,34.049926535444584,-0.9500734645554161,36.816944,1.8169441223144531,44.73994029931074,9.739940299310739,30.012386,-4.987613677978516,43.49419,8.494190216064453
69.0,60.898746982538505,-8.101253017461495,65.41066220651423,-3.589337793485768,62.164745,-6.835254669189453,50.13153707277991,-18.868462927220087,39.940105,-29.059894561767578,63.45107,-5.548931121826172
78.0,71.30067957669493,-6.699320423305068,73.54751904883382,-4.45248095116618,74.391594,-3.6084060668945312,56.27520479902816,-21.72479520097184,34.23359,-43.76641082763672,69.274475,-8.72552490234375
40.0,44.91366606360814,4.91366606360814,48.51951315496246,8.51951315496246,51.65214,11.652141571044922,54.53576579345575,14.535765793455752,50.006977,10.006977081298828,97.57743,57.577430725097656
38.0,26.06616526460399,-11.933834735396012,21.069048930438726,-16.930951069561274,22.190355,-15.80964469909668,33.11404320766891,-4.885956792331093,20.665874,-17.334125518798828,34.351078,-3.6489219665527344
92.0,68.90152664512215,-23.098473354877854,76.60590455937489,-15.394095440625108,83.937164,-8.062835693359375,51.093133909229195,-40.906866090770805,44.725883,-47.27411651611328,70.24296,-21.757041931152344
17.0,40.737747119840414,23.737747119840414,36.033395584468124,19.033395584468124,38.794773,21.79477310180664,43.28744175545447,26.287441755454473,30.124832,13.124832153320312,55.849525,38.849525451660156
68.0,71.020436944426,3.0204369444259953,84.9071234916029,16.907123491602903,79.86095,11.860946655273438,46.35061731134013,-21.64938268865987,37.75339,-30.24660873413086,78.148964,10.148963928222656
39.0,37.28081685527407,-1.7191831447259318,53.55638548226987,14.556385482269867,41.254158,2.2541580200195312,45.32029733368019,6.3202973336801875,39.779205,0.779205322265625,97.51641,58.51641082763672
11.0,17.378090465988258,6.378090465988258,12.940102163496935,1.9401021634969347,11.8310175,0.8310174942016602,25.767384292273043,14.767384292273043,13.597357,2.5973567962646484,38.90426,27.904258728027344
45.0,48.25208227182036,3.2520822718203632,50.666742702903164,5.666742702903164,48.58637,3.5863685607910156,41.28783707253838,-3.7121629274616197,41.58369,-3.416309356689453,74.265656,29.265655517578125
75.0,58.72228556611686,-16.27771443388314,71.05361336322024,-3.9463866367797635,65.14952,-9.850479125976562,61.11510634786441,-13.884893652135588,36.570312,-38.4296875,64.350204,-10.649795532226562
62.0,58.44918414077499,-3.550815859225011,73.43906652765176,11.439066527651761,58.402718,-3.5972824096679688,48.61812687749172,-13.381873122508281,36.290215,-25.70978546142578,83.35368,21.353683471679688
14.0,25.54609718798229,11.54609718798229,22.336918928276525,8.336918928276525,20.870756,6.870756149291992,25.42306846042836,11.423068460428361,22.349636,8.34963607788086,67.12536,53.12535858154297
22.0,40.00267950842259,18.002679508422588,34.161633433221986,12.161633433221986,41.62754,19.627540588378906,42.95669863954293,20.956698639542928,35.64794,13.647941589355469,86.28306,64.2830581665039
1.0,14.74048711743798,13.74048711743798,9.901961404376681,8.901961404376681,13.427074,12.427074432373047,12.667989262390655,11.667989262390655,8.445887,7.445886611938477,22.473713,21.473712921142578
83.0,19.31687891451176,-63.68312108548824,30.77434310719259,-52.22565689280741,17.00968,-65.99032020568848,22.351951084847187,-60.64804891515281,7.9177103,-75.08228969573975,22.076998,-60.92300224304199
45.0,61.89497246037767,16.894972460377673,48.970665747919256,3.9706657479192558,44.861572,-0.138427734375,47.40250024145108,2.4025002414510794,46.58921,1.5892105102539062,87.23479,42.23478698730469
17.0,33.71909132065895,16.719091320658947,38.96452687278988,21.964526872789882,35.83556,18.835559844970703,47.983134676368586,30.983134676368586,26.921225,9.921224594116211,50.536922,33.536922454833984
44.0,35.00175450955817,-8.998245490441832,35.11135687880559,-8.888643121194413,30.303843,-13.696157455444336,39.104599722713004,-4.895400277286996,21.704994,-22.295005798339844,51.569763,7.56976318359375
64.0,65.04774036340075,1.0477403634007487,63.55259006219482,-0.44740993780518323,67.92034,3.9203414916992188,38.61758736932689,-25.38241263067311,34.42863,-29.571369171142578,60.468918,-3.5310821533203125
0.0,4.440666666666667,4.440666666666667,5.122780997926997,5.122780997926997,20.0508,20.050800323486328,7.682524832428392,7.682524832428392,4.1422243,4.142224311828613,14.88043,14.880430221557617
47.0,45.03491453096614,-1.965085469033859,50.76489939839785,3.7648993983978514,54.50889,7.508888244628906,42.09658569114122,-4.903414308858778,38.190277,-8.809722900390625,66.595314,19.595314025878906
25.0,41.64343642578738,16.643436425787378,43.56779358980186,18.56779358980186,45.202,20.20199966430664,31.57509592171754,6.575095921717541,33.29178,8.291778564453125,78.07738,53.07737731933594
5.0,20.970332170825127,15.970332170825127,27.482315706894386,22.482315706894386,19.99228,14.992279052734375,34.15651935232395,29.156519352323947,24.644196,19.644195556640625,71.95704,66.95703887939453
54.0,41.71473614986249,-12.285263850137511,48.53501087515722,-5.464989124842781,49.91203,-4.087970733642578,39.700227337079944,-14.299772662920056,33.584827,-20.415172576904297,57.908665,3.9086647033691406
35.0,35.59997022122982,0.5999702212298175,37.67102410595803,2.6710241059580326,35.525314,0.5253143310546875,26.257289933089726,-8.742710066910274,25.296698,-9.703302383422852,40.93397,5.933971405029297
47.0,50.647205524428166,3.6472055244281663,50.450066787686616,3.450066787686616,46.81362,-0.18637847900390625,57.01456172537635,10.014561725376353,45.902428,-1.0975723266601562,67.339386,20.339385986328125
97.0,78.3826356185641,-18.617364381435905,83.0220862249092,-13.977913775090798,82.18444,-14.815559387207031,42.80867165743199,-54.19132834256801,36.52265,-60.47734832763672,64.66398,-32.336021423339844
13.0,15.360570090942128,2.3605700909421277,15.233335749854845,2.233335749854845,18.404154,5.404153823852539,26.149081157420333,13.149081157420333,15.258268,2.258268356323242,48.705204,35.705204010009766
11.0,10.730414389944118,-0.26958561005588244,11.181814962056485,0.18181496205648529,12.536667,1.5366668701171875,26.447452865555505,15.447452865555505,9.773713,-1.2262868881225586,25.415352,14.415351867675781
18.0,17.85763330421515,-0.14236669578485106,16.829262841015034,-1.1707371589849664,13.304977,-4.6950225830078125,32.61096945930302,14.610969459303021,14.154654,-3.845346450805664,25.04546,7.045459747314453
2.0,4.355954365079363,2.355954365079363,5.326183643006106,3.3261836430061056,6.6024976,4.602497577667236,9.776854804640195,7.776854804640195,5.101118,3.1011180877685547,14.890764,12.890764236450195
44.0,57.84326972794186,13.843269727941859,57.38026500681727,13.380265006817268,56.721424,12.721424102783203,46.59703029123222,2.5970302912322225,44.452904,0.45290374755859375,77.64596,33.645957946777344
60.0,57.691693029910994,-2.3083069700890064,59.33419905034191,-0.6658009496580917,55.290474,-4.709526062011719,46.28332824383489,-13.716671756165113,42.72001,-17.279991149902344,66.20324,6.203239440917969
5.0,8.320101417987008,3.320101417987008,-8.246489088616917,-13.246489088616917,11.6491165,6.649116516113281,39.08907348021347,34.08907348021347,7.7286544,2.728654384613037,31.777601,26.77760124206543
73.0,62.34359942349482,-10.656400576505177,69.96883588703429,-3.031164112965712,70.585976,-2.4140243530273438,63.683394487013004,-9.316605512986996,57.8851,-15.114898681640625,94.603226,21.603225708007812
6.0,6.470660730089572,0.47066073008957243,6.461325001401505,0.4613250014015051,12.799112,6.799112319946289,31.53954944163855,25.53954944163855,12.774369,6.774369239807129,37.830475,31.830474853515625
56.0,47.3105346606596,-8.689465339340401,42.86505747372359,-13.134942526276411,43.330036,-12.669963836669922,52.91246330760621,-3.0875366923937904,31.274763,-24.725236892700195,57.64966,1.649658203125
41.0,50.573670150441366,9.573670150441366,43.678106913717166,2.6781069137171656,47.52585,6.525848388671875,45.22556791702861,4.225567917028613,34.95431,-6.045688629150391,62.87947,21.879470825195312
59.0,42.190504737366055,-16.809495262633945,43.60053489287347,-15.399465107126531,44.458202,-14.541797637939453,51.50852031178876,-7.491479688211243,29.773697,-29.226303100585938,51.147556,-7.852443695068359
49.0,42.866179397243066,-6.133820602756934,44.20524438900002,-4.794755610999978,47.558754,-1.4412460327148438,43.48474534611215,-5.515254653887851,38.373608,-10.626392364501953,64.53615,15.536148071289062
64.0,57.81601235029447,-6.183987649705529,61.68108076445726,-2.3189192355427366,63.73677,-0.2632293701171875,37.475535408213226,-26.524464591786774,33.72666,-30.273338317871094,57.85792,-6.142078399658203
44.0,42.10367741561235,-1.8963225843876472,45.61759506759838,1.61759506759838,39.89453,-4.10546875,48.155388620691056,4.155388620691056,31.666718,-12.333282470703125,44.807194,0.8071937561035156
32.0,30.864834729251815,-1.1351652707481854,27.292734402789062,-4.707265597210938,22.66073,-9.339269638061523,50.78977524001285,18.78977524001285,30.141945,-1.8580551147460938,59.834167,27.83416748046875
37.0,31.340117446625705,-5.659882553374295,25.194985231532012,-11.805014768467988,29.538664,-7.461336135864258,46.56926737528832,9.56926737528832,21.918188,-15.081811904907227,32.908756,-4.091243743896484
11.0,33.36278710501447,22.36278710501447,39.91930906391165,28.919309063911648,37.582977,26.582977294921875,38.80795788198036,27.807957881980357,17.694416,6.694416046142578,46.002377,35.002376556396484
220.0,106.30501527269591,-113.69498472730409,84.35131859772278,-135.64868140227722,122.55058,-97.44941711425781,56.98057792947667,-163.01942207052332,62.04659,-157.95341110229492,128.00406,-91.99594116210938
60.0,38.16535865037813,-21.83464134962187,47.4936696023313,-12.506330397668698,31.537481,-28.4625186920166,45.58241304656076,-14.41758695343924,31.048454,-28.95154571533203,47.45161,-12.548389434814453
27.0,22.60865281393252,-4.391347186067481,31.069813733376243,4.069813733376243,27.74214,0.7421398162841797,39.77726272372791,12.777262723727908,24.078756,-2.921243667602539,34.30969,7.309688568115234
75.0,73.29194630802107,-1.7080536919789324,66.46822415829286,-8.531775841707145,67.2024,-7.797599792480469,55.62909857758018,-19.37090142241982,25.548119,-49.451881408691406,65.44896,-9.551040649414062
65.0,40.65016775187962,-24.34983224812038,39.12359195384786,-25.876408046152143,36.045258,-28.954742431640625,47.99981927966604,-17.000180720333958,35.101463,-29.898536682128906,65.5985,0.5985031127929688
63.0,63.325814288782425,0.3258142887824249,68.59461147272576,5.594611472725759,94.86693,31.866928100585938,44.02250300306492,-18.97749699693508,39.49897,-23.50102996826172,84.30901,21.30901336669922
3.0,2.413025823988663,-0.5869741760113372,4.7100297050025235,1.7100297050025235,5.9252615,2.9252614974975586,27.590654474938773,24.590654474938773,11.468912,8.468912124633789,28.84688,25.846879959106445
8.0,20.1018147780671,12.101814778067101,13.000217057520883,5.000217057520883,18.927582,10.927581787109375,33.089460998947466,25.089460998947466,23.053062,15.053062438964844,41.933094,33.9330940246582
33.0,25.511467767013272,-7.488532232986728,27.073201581006096,-5.926798418993904,27.51403,-5.485969543457031,31.720770387724553,-1.2792296122754472,17.898735,-15.101264953613281,29.41901,-3.5809898376464844
36.0,45.71586349206349,9.715863492063491,45.994710823403274,9.994710823403274,39.266636,3.2666358947753906,49.76755516095626,13.767555160956263,39.01163,3.0116310119628906,88.39364,52.393638610839844
23.0,19.624788115306742,-3.3752118846932575,16.21285154372599,-6.787148456274011,19.180422,-3.819578170776367,30.36818495408384,7.368184954083841,19.960169,-3.0398311614990234,40.025402,17.025402069091797
20.0,25.171881010998128,5.171881010998128,20.988762762478782,0.9887627624787818,24.604633,4.604633331298828,19.26351805562338,-0.7364819443766208,15.898586,-4.101413726806641,28.609877,8.60987663269043
16.0,21.784833766118307,5.784833766118307,14.737272301800283,-1.2627276981997166,22.763315,6.763315200805664,32.15288862144736,16.15288862144736,21.047888,5.047887802124023,64.00136,48.00135803222656
4.0,4.445177570542617,0.44517757054261686,4.806218209535909,0.806218209535909,8.157188,4.157188415527344,17.768433017143735,13.768433017143735,5.4861364,1.4861364364624023,12.465513,8.465513229370117
38.0,32.66614698638054,-5.333853013619461,32.06064576530963,-5.93935423469037,32.511837,-5.488162994384766,26.685530352828795,-11.314469647171205,25.375996,-12.624004364013672,43.861217,5.861217498779297
1.0,9.186178748188885,8.186178748188885,12.138532780275941,11.138532780275941,8.957012,7.957012176513672,17.376713575089646,16.376713575089646,10.063469,9.063468933105469,36.744923,35.74492263793945
33.0,49.680139535560095,16.680139535560095,52.62439183758442,19.62439183758442,40.32659,7.326591491699219,52.34439944653218,19.34439944653218,63.63427,30.63426971435547,92.59753,59.59752655029297
14.0,14.774132811632807,0.774132811632807,11.331654772969939,-2.668345227030061,11.292053,-2.70794677734375,51.44244175522164,37.44244175522164,30.508904,16.50890350341797,65.65116,51.651161193847656
108.0,86.28439134370825,-21.71560865629175,78.29116754520358,-29.708832454796422,86.214035,-21.785964965820312,35.61545600895941,-72.38454399104059,25.355953,-82.64404678344727,78.417564,-29.582435607910156
14.0,10.757681703446673,-3.242318296553327,8.30992214659856,-5.690077853401441,8.035856,-5.964143753051758,22.876596979147735,8.876596979147735,10.867106,-3.1328935623168945,28.110418,14.110418319702148
40.0,47.425430079868754,7.425430079868754,42.764427663291805,2.764427663291805,50.18957,10.189571380615234,38.35867100849037,-1.6413289915096314,27.545898,-12.4541015625,57.887226,17.887226104736328
3.0,2.3324341198148497,-0.6675658801851503,2.627204325434782,-0.3727956745652179,1.320732,-1.6792680025100708,26.70279890771633,23.70279890771633,6.018716,3.0187158584594727,21.485134,18.48513412475586
14.0,12.96836403611215,-1.0316359638878492,12.170482854166824,-1.8295171458331758,15.997862,1.9978618621826172,14.894216224650677,0.8942162246506768,6.374494,-7.6255059242248535,14.2391815,0.2391815185546875
61.0,75.58633738247657,14.586337382476572,82.84181032806762,21.841810328067623,69.62034,8.620338439941406,55.20954923129578,-5.790450768704218,58.696754,-2.3032455444335938,114.7382,53.738197326660156
28.0,59.60150025044989,31.601500250449888,41.18057421354618,13.18057421354618,41.717422,13.717422485351562,43.17078452767252,15.170784527672517,31.997553,3.9975528717041016,81.12409,53.12409210205078
53.0,51.406694960054686,-1.5933050399453137,55.82534275675214,2.8253427567521427,56.13556,3.13555908203125,57.96686145065732,4.966861450657319,36.9849,-16.015098571777344,90.40766,37.40766143798828
28.0,27.165889766547956,-0.8341102334520443,24.388241212919414,-3.6117587870805856,29.74757,1.7475700378417969,33.44835497308115,5.448354973081152,20.707823,-7.292177200317383,30.24691,2.2469100952148438
34.0,36.128619110210536,2.1286191102105363,33.69723121388535,-0.3027687861146475,38.054703,4.0547027587890625,43.76625292592437,9.76625292592437,24.501434,-9.498565673828125,34.746,0.7459983825683594
48.0,34.74935176735386,-13.250648232646142,40.21310801393136,-7.786891986068639,30.638605,-17.36139488220215,58.116982886263486,10.116982886263486,29.326973,-18.67302703857422,52.004856,4.004856109619141
52.0,38.9973092778172,-13.002690722182798,47.44601675516892,-4.55398324483108,41.832474,-10.167526245117188,50.57573414406087,-1.424265855939133,22.302324,-29.697675704956055,37.982693,-14.01730728149414
127.0,110.66598916361413,-16.334010836385872,124.2112895296347,-2.7887104703653023,115.26527,-11.734733581542969,57.71053355355505,-69.28946644644495,51.127666,-75.87233352661133,90.856735,-36.14326477050781
7.0,6.927923419735021,-0.0720765802649792,4.758825781795576,-2.2411742182044243,2.8898067,-4.110193252563477,20.88295829327978,13.882958293279781,8.222379,1.2223787307739258,27.109694,20.10969352722168
22.0,24.18047774446916,2.1804777444691616,33.81831839129485,11.818318391294852,25.259914,3.2599143981933594,67.63017578218393,45.630175782183926,28.079792,6.079792022705078,53.08964,31.089641571044922
31.0,56.07875925213013,25.078759252130133,43.323367925532324,12.323367925532324,54.27556,23.275558471679688,62.57655730677748,31.57655730677748,40.389656,9.389656066894531,65.9011,34.901100158691406
0.0,23.374224740340573,23.374224740340573,-10.182788452834016,-10.182788452834016,-9.016844,-9.016843795776367,27.190792155261967,27.190792155261967,0.07127583,0.07127583026885986,0.96725416,0.9672541618347168
3.0,55.818849021584256,52.818849021584256,53.0456429008465,50.0456429008465,37.47478,34.47478103637695,55.95105578948292,52.95105578948292,41.39738,38.39738082885742,65.7486,62.74859619140625
