,mae_model1,mae_model2,mse_model1,mse_model2,rmse_model1,rmse_model2
0,256.7582955784493,294.4774934455788,319738.18713679246,272637.82378714444,565.4539655328208,522.147320003794
