,mae_model1,mae_model2,mse_model1,mse_model2,rmse_model1,rmse_model2
0,255.51612746866758,294.4774934455584,294935.23394542484,272637.82378714805,543.0793993012669,522.1473200037974
