,mae_model1,mae_model2,mse_model1,mse_model2,rmse_model1,rmse_model2
0,257.0795610185873,294.4774934455788,334206.43551241036,272637.82378714444,578.1059033710089,522.147320003794
