,mae_model1,mae_model2,mse_model1,mse_model2,rmse_model1,rmse_model2
0,334.56938563297643,255.18105798757168,277502.17173175863,293580.4392510611,526.7847489551673,541.8306370546622
