,mae_model1,mae_model2,mse_model1,mse_model2,rmse_model1,rmse_model2
0,256.6939865102492,294.4774934455584,317689.20850498957,272637.82378714805,563.6392538716493,522.1473200037974
