,mae_model1,mae_model2,mse_model1,mse_model2,rmse_model1,rmse_model2
0,478.32175367705673,549.8843537414966,425910.5685623529,532885.1768707483,652.6182410585479,729.9898471011418
