rmse_model1,rmse_model2,mae_model1,mae_model2
3.7575927717447812,4.390963823026948,3.179905280511188,3.1899220861708004
