rmse_model1,rmse_model2,mae_model1,mae_model2
3.7575927717447812,4.390963823026949,3.1799052805111887,3.189922086170801
