,RUL,RUL_se,error_se,RUL_ae,error_ae,RUL_quad_quad_0.01,error_quad_quad_0.01
0,110.0,62.5825309753418,-47.4174690246582,71.33717346191406,-38.66282653808594,90.12803649902344,-19.871963500976562
1,109.0,58.80766296386719,-50.19233703613281,60.98274612426758,-48.01725387573242,89.71044158935547,-19.28955841064453
2,108.0,57.6083984375,-50.3916015625,52.557979583740234,-55.442020416259766,89.86058044433594,-18.139419555664062
3,107.0,68.95711517333984,-38.042884826660156,67.21703338623047,-39.78296661376953,96.82115173339844,-10.178848266601562
4,106.0,70.81936645507812,-35.180633544921875,76.34546661376953,-29.65453338623047,98.97463989257812,-7.025360107421875
5,105.0,72.0472640991211,-32.952735900878906,80.01922607421875,-24.98077392578125,96.72074890136719,-8.279251098632812
6,104.0,77.08324432373047,-26.91675567626953,86.05364227294922,-17.94635772705078,98.01942443847656,-5.9805755615234375
7,103.0,71.90409088134766,-31.095909118652344,75.49414825439453,-27.50585174560547,95.48806762695312,-7.511932373046875
8,102.0,63.643524169921875,-38.356475830078125,67.3134536743164,-34.686546325683594,89.13130950927734,-12.868690490722656
9,101.0,62.409820556640625,-38.590179443359375,65.81438446044922,-35.18561553955078,88.47441101074219,-12.525588989257812
10,100.0,59.337791442871094,-40.662208557128906,62.03315353393555,-37.96684646606445,89.44832611083984,-10.551673889160156
11,99.0,64.08158874511719,-34.91841125488281,71.48050689697266,-27.519493103027344,91.83113098144531,-7.1688690185546875
12,98.0,64.53265380859375,-33.46734619140625,74.98151397705078,-23.01848602294922,92.79373931884766,-5.206260681152344
13,97.0,71.36585998535156,-25.634140014648438,83.84809875488281,-13.151901245117188,95.92109680175781,-1.0789031982421875
14,96.0,72.96515655517578,-23.03484344482422,84.84102630615234,-11.158973693847656,97.72928619384766,1.7292861938476562
15,95.0,72.38079833984375,-22.61920166015625,79.96678924560547,-15.033210754394531,95.61695861816406,0.6169586181640625
16,94.0,75.96537780761719,-18.034622192382812,83.47832489013672,-10.521675109863281,97.83161926269531,3.8316192626953125
17,93.0,69.65013122558594,-23.349868774414062,71.6798095703125,-21.3201904296875,95.0125503540039,2.0125503540039062
18,92.0,63.44712448120117,-28.552875518798828,66.91341400146484,-25.086585998535156,89.55034637451172,-2.4496536254882812
19,91.0,58.75542449951172,-32.24457550048828,63.865352630615234,-27.134647369384766,86.17840576171875,-4.82159423828125
20,90.0,53.149105072021484,-36.850894927978516,56.614288330078125,-33.385711669921875,83.35120391845703,-6.648796081542969
21,89.0,59.21590805053711,-29.78409194946289,67.78253936767578,-21.21746063232422,88.01721954345703,-0.9827804565429688
22,88.0,60.30033874511719,-27.699661254882812,74.20845031738281,-13.791549682617188,91.7444839477539,3.7444839477539062
23,87.0,62.388328552246094,-24.611671447753906,75.288818359375,-11.711181640625,92.38130950927734,5.381309509277344
24,86.0,64.57942199707031,-21.420578002929688,77.64303588867188,-8.356964111328125,93.28364562988281,7.2836456298828125
25,85.0,64.77886962890625,-20.22113037109375,74.9756088256836,-10.024391174316406,92.36526489257812,7.365264892578125
26,84.0,65.3014907836914,-18.698509216308594,76.30657196044922,-7.693428039550781,93.01689910888672,9.016899108886719
27,83.0,56.38958740234375,-26.61041259765625,63.00788116455078,-19.99211883544922,87.87382507324219,4.8738250732421875
28,82.0,52.41241455078125,-29.58758544921875,52.683555603027344,-29.316444396972656,82.29095458984375,0.29095458984375
29,81.0,52.02465057373047,-28.97534942626953,54.0118408203125,-26.9881591796875,81.82902526855469,0.8290252685546875
30,80.0,51.07286071777344,-28.927139282226562,52.6087532043457,-27.391246795654297,82.42668914794922,2.4266891479492188
31,79.0,48.29689025878906,-30.703109741210938,50.619022369384766,-28.380977630615234,79.8968734741211,0.8968734741210938
32,78.0,51.673988342285156,-26.326011657714844,55.032352447509766,-22.967647552490234,81.02427673339844,3.0242767333984375
33,77.0,53.110321044921875,-23.889678955078125,60.75178527832031,-16.248214721679688,85.33978271484375,8.33978271484375
34,76.0,46.657920837402344,-29.342079162597656,52.71162414550781,-23.288375854492188,80.76805877685547,4.768058776855469
35,75.0,46.729103088378906,-28.270896911621094,47.315792083740234,-27.684207916259766,79.12187957763672,4.121879577636719
36,74.0,52.10564422607422,-21.89435577392578,53.06538772583008,-20.934612274169922,82.60951232910156,8.609512329101562
37,73.0,57.564369201660156,-15.435630798339844,63.634117126464844,-9.365882873535156,87.29446411132812,14.294464111328125
38,72.0,58.07444763183594,-13.925552368164062,69.34164428710938,-2.658355712890625,90.34712219238281,18.347122192382812
39,71.0,54.2039909362793,-16.796009063720703,65.29386138916016,-5.706138610839844,87.43386840820312,16.433868408203125
40,70.0,51.71314239501953,-18.28685760498047,59.493507385253906,-10.506492614746094,84.03884887695312,14.038848876953125
41,69.0,50.9948616027832,-18.005138397216797,59.64046859741211,-9.35953140258789,83.71963500976562,14.719635009765625
42,68.0,52.00666046142578,-15.993339538574219,57.64991760253906,-10.350082397460938,83.5310287475586,15.531028747558594
43,67.0,50.608863830566406,-16.391136169433594,55.00603103637695,-11.993968963623047,82.57821655273438,15.578216552734375
44,66.0,49.93762969970703,-16.06237030029297,54.82133102416992,-11.178668975830078,82.20053100585938,16.200531005859375
45,65.0,50.72007751464844,-14.279922485351562,53.23161697387695,-11.768383026123047,82.15570831298828,17.15570831298828
46,64.0,48.74513626098633,-15.254863739013672,48.60540008544922,-15.394599914550781,80.58918762207031,16.589187622070312
47,63.0,51.14672088623047,-11.853279113769531,51.797584533691406,-11.202415466308594,81.00646209716797,18.00646209716797
48,62.0,49.15287780761719,-12.847122192382812,56.2636604309082,-5.736339569091797,80.88482666015625,18.88482666015625
49,61.0,49.484336853027344,-11.515663146972656,54.868507385253906,-6.131492614746094,80.00546264648438,19.005462646484375
50,60.0,44.446598052978516,-15.553401947021484,46.669803619384766,-13.330196380615234,76.94541931152344,16.945419311523438
51,59.0,39.0003547668457,-19.999645233154297,38.4102668762207,-20.589733123779297,70.17294311523438,11.172943115234375
52,58.0,40.91590881347656,-17.084091186523438,37.761966705322266,-20.238033294677734,68.00868225097656,10.008682250976562
53,57.0,37.2877197265625,-19.7122802734375,35.109073638916016,-21.890926361083984,64.3011245727539,7.301124572753906
54,56.0,37.615970611572266,-18.384029388427734,32.54603958129883,-23.453960418701172,61.3728141784668,5.372814178466797
55,55.0,38.52860641479492,-16.471393585205078,34.284725189208984,-20.715274810791016,61.777469635009766,6.777469635009766
56,54.0,45.045738220214844,-8.954261779785156,41.992435455322266,-12.007564544677734,67.09654235839844,13.096542358398438
57,53.0,46.452880859375,-6.547119140625,46.82664108276367,-6.173358917236328,70.9627685546875,17.9627685546875
58,52.0,43.1010856628418,-8.898914337158203,47.32508850097656,-4.6749114990234375,70.74931335449219,18.749313354492188
59,51.0,37.60309600830078,-13.396903991699219,40.80878829956055,-10.191211700439453,65.88890075683594,14.888900756835938
60,50.0,30.13127326965332,-19.86872673034668,29.67502784729004,-20.32497215270996,53.73957061767578,3.7395706176757812
61,49.0,31.8612117767334,-17.1387882232666,29.669994354248047,-19.330005645751953,50.43803024291992,1.4380302429199219
62,48.0,36.66148376464844,-11.338516235351562,32.15494155883789,-15.84505844116211,51.93724060058594,3.9372406005859375
63,47.0,32.28844451904297,-14.711555480957031,30.8878173828125,-16.1121826171875,50.22745132446289,3.2274513244628906
64,46.0,33.020774841308594,-12.979225158691406,31.269214630126953,-14.730785369873047,49.80344009399414,3.8034400939941406
65,45.0,42.26209259033203,-2.7379074096679688,40.964603424072266,-4.035396575927734,59.695220947265625,14.695220947265625
66,44.0,45.002471923828125,1.002471923828125,46.464515686035156,2.4645156860351562,68.33168029785156,24.331680297851562
67,43.0,34.49611282348633,-8.503887176513672,38.12105941772461,-4.878940582275391,63.540199279785156,20.540199279785156
68,42.0,24.558889389038086,-17.441110610961914,25.65932846069336,-16.34067153930664,49.7628059387207,7.762805938720703
69,41.0,21.35377311706543,-19.64622688293457,19.777631759643555,-21.222368240356445,39.525569915771484,-1.4744300842285156
70,40.0,25.82587432861328,-14.174125671386719,23.169700622558594,-16.830299377441406,38.98569107055664,-1.0143089294433594
71,39.0,31.395349502563477,-7.604650497436523,28.895606994628906,-10.104393005371094,44.01704788208008,5.017047882080078
72,38.0,31.399459838867188,-6.6005401611328125,30.936038970947266,-7.063961029052734,46.7940788269043,8.794078826904297
73,37.0,29.2786808013916,-7.721319198608398,30.063602447509766,-6.936397552490234,46.66715621948242,9.667156219482422
74,36.0,24.054109573364258,-11.945890426635742,24.7470760345459,-11.252923965454102,42.43404769897461,6.434047698974609
75,35.0,20.38862419128418,-14.61137580871582,20.899845123291016,-14.100154876708984,37.37174606323242,2.371746063232422
76,34.0,23.878658294677734,-10.121341705322266,23.07876205444336,-10.92123794555664,39.0156364440918,5.015636444091797
77,33.0,23.629323959350586,-9.370676040649414,23.38368034362793,-9.61631965637207,40.74857711791992,7.748577117919922
78,32.0,26.255483627319336,-5.744516372680664,26.84037208557129,-5.159627914428711,42.70127868652344,10.701278686523438
79,31.0,22.583097457885742,-8.416902542114258,23.380569458007812,-7.6194305419921875,39.75144958496094,8.751449584960938
80,30.0,19.197065353393555,-10.802934646606445,19.574058532714844,-10.425941467285156,34.819393157958984,4.819393157958984
81,29.0,21.465600967407227,-7.534399032592773,22.1837100982666,-6.816289901733398,37.35878372192383,8.358783721923828
82,28.0,22.808473587036133,-5.191526412963867,22.371553421020508,-5.628446578979492,40.87395477294922,12.873954772949219
83,27.0,20.43691062927246,-6.563089370727539,21.45269775390625,-5.54730224609375,38.21670913696289,11.21670913696289
84,26.0,14.44628620147705,-11.55371379852295,15.928583145141602,-10.071416854858398,30.937570571899414,4.937570571899414
85,25.0,16.9769229888916,-8.023077011108398,17.885730743408203,-7.114269256591797,30.8050594329834,5.805059432983398
86,24.0,14.499760627746582,-9.500239372253418,16.162670135498047,-7.837329864501953,31.391210556030273,7.391210556030273
87,23.0,10.155230522155762,-12.844769477844238,11.585922241210938,-11.414077758789062,29.21628761291504,6.216287612915039
88,22.0,7.802464485168457,-14.197535514831543,9.18040657043457,-12.81959342956543,29.1715030670166,7.171503067016602
89,21.0,5.604463577270508,-15.395536422729492,7.389494895935059,-13.610505104064941,30.077077865600586,9.077077865600586
90,20.0,8.901906967163086,-11.098093032836914,10.317571640014648,-9.682428359985352,38.22389221191406,18.223892211914062
91,19.0,11.039007186889648,-7.960992813110352,12.036544799804688,-6.9634552001953125,45.53001022338867,26.530010223388672
92,18.0,13.656996726989746,-4.343003273010254,13.704757690429688,-4.2952423095703125,49.71197509765625,31.71197509765625
93,17.0,18.763967514038086,1.763967514038086,12.667441368103027,-4.332558631896973,47.21807098388672,30.21807098388672
94,16.0,9.67569637298584,-6.32430362701416,6.195031642913818,-9.804967880249023,37.89706039428711,21.89706039428711
95,15.0,8.076045989990234,-6.923954010009766,6.464402198791504,-8.535597801208496,37.502010345458984,22.502010345458984
96,14.0,8.207301139831543,-5.792698860168457,6.361089706420898,-7.638910293579102,39.97392654418945,25.973926544189453
97,13.0,5.727930068969727,-7.272069931030273,4.060413360595703,-8.939586639404297,40.680660247802734,27.680660247802734
98,12.0,5.726588726043701,-6.273411273956299,3.1384949684143066,-8.861505508422852,43.02460479736328,31.02460479736328
99,11.0,3.555048942565918,-7.444951057434082,1.2250479459762573,-9.774951934814453,43.102691650390625,32.102691650390625
100,10.0,3.88873291015625,-6.11126708984375,1.6696451902389526,-8.330354690551758,46.318973541259766,36.318973541259766
101,9.0,0.7488394975662231,-8.251160621643066,0.0,-9.0,45.17485427856445,36.17485427856445
102,8.0,0.0,-8.0,0.0,-8.0,40.860042572021484,32.860042572021484
103,7.0,0.0,-7.0,0.0,-7.0,40.8773307800293,33.8773307800293
104,6.0,0.0,-6.0,0.0,-6.0,42.86614990234375,36.86614990234375
105,5.0,0.0,-5.0,0.0,-5.0,47.128379821777344,42.128379821777344
106,4.0,0.0,-4.0,0.0,-4.0,51.50350570678711,47.50350570678711
107,3.0,0.0,-3.0,0.0,-3.0,47.81350326538086,44.81350326538086
108,2.0,0.0,-2.0,0.0,-2.0,40.41498947143555,38.41498947143555
109,1.0,0.0,-1.0,0.0,-1.0,36.46084976196289,35.46084976196289
110,110.0,93.24260711669922,-16.75739288330078,98.53569793701172,-11.464302062988281,107.62156677246094,-2.3784332275390625
111,109.0,90.2887191772461,-18.711280822753906,93.12090301513672,-15.879096984863281,105.76753234863281,-3.2324676513671875
112,108.0,91.42623138427734,-16.573768615722656,93.87431335449219,-14.125686645507812,105.01817321777344,-2.9818267822265625
113,107.0,94.11821746826172,-12.881782531738281,100.72258758544922,-6.277412414550781,106.33285522460938,-0.667144775390625
114,106.0,89.20796966552734,-16.792030334472656,97.80184173583984,-8.198158264160156,104.72087097167969,-1.2791290283203125
115,105.0,84.54468536376953,-20.45531463623047,91.57868194580078,-13.421318054199219,103.29911804199219,-1.7008819580078125
116,104.0,86.49165344238281,-17.508346557617188,94.52574920654297,-9.474250793457031,105.93146514892578,1.9314651489257812
117,103.0,87.52067565917969,-15.479324340820312,98.00709533691406,-4.9929046630859375,107.72395324707031,4.7239532470703125
118,102.0,85.4349365234375,-16.5650634765625,95.06621551513672,-6.933784484863281,106.41190338134766,4.411903381347656
119,101.0,82.67779541015625,-18.32220458984375,92.65081787109375,-8.34918212890625,104.6807861328125,3.6807861328125
120,100.0,83.39200592041016,-16.607994079589844,89.8894271850586,-10.110572814941406,104.69102478027344,4.6910247802734375
121,99.0,82.1275405883789,-16.872459411621094,88.05982208251953,-10.940177917480469,105.35899353027344,6.3589935302734375
122,98.0,84.86955261230469,-13.130447387695312,88.96214294433594,-9.037857055664062,106.6349105834961,8.634910583496094
123,97.0,88.46287536621094,-8.537124633789062,95.1196517944336,-1.8803482055664062,108.37396240234375,11.37396240234375
124,96.0,87.56912994384766,-8.430870056152344,96.4203109741211,0.42031097412109375,106.95625305175781,10.956253051757812
125,95.0,86.86669158935547,-8.133308410644531,94.12713623046875,-0.87286376953125,104.86935424804688,9.869354248046875
126,94.0,84.18165588378906,-9.818344116210938,89.41461944580078,-4.585380554199219,103.65318298339844,9.653182983398438
127,93.0,78.1971435546875,-14.8028564453125,81.3486099243164,-11.651390075683594,100.93250274658203,7.932502746582031
128,92.0,80.00106811523438,-11.998931884765625,85.07319641113281,-6.9268035888671875,101.95577239990234,9.955772399902344
129,91.0,77.93832397460938,-13.061676025390625,87.99956512451172,-3.0004348754882812,104.35877990722656,13.358779907226562
130,90.0,69.31795501708984,-20.682044982910156,76.83027648925781,-13.169723510742188,103.18623352050781,13.186233520507812
131,89.0,73.61284637451172,-15.387153625488281,78.66792297363281,-10.332077026367188,103.74990844726562,14.749908447265625
132,88.0,78.7138900756836,-9.286109924316406,87.31623077392578,-0.6837692260742188,105.30070495605469,17.300704956054688
133,87.0,77.50772094726562,-9.492279052734375,83.0382080078125,-3.9617919921875,103.42570495605469,16.425704956054688
134,86.0,72.23493957519531,-13.765060424804688,70.7660140991211,-15.233985900878906,100.9648666381836,14.964866638183594
135,85.0,66.5816879272461,-18.418312072753906,57.3602180480957,-27.639781951904297,98.28099060058594,13.280990600585938
136,84.0,60.91802978515625,-23.08197021484375,50.86545944213867,-33.13454055786133,98.64912414550781,14.649124145507812
137,83.0,72.50157165527344,-10.498428344726562,67.53623962402344,-15.463760375976562,103.88021850585938,20.880218505859375
138,82.0,77.73484802246094,-4.2651519775390625,76.66509246826172,-5.334907531738281,102.6722183227539,20.672218322753906
139,81.0,85.51611328125,4.51611328125,83.42529296875,2.42529296875,101.64726257324219,20.647262573242188
140,80.0,90.00474548339844,10.004745483398438,88.98575592041016,8.985755920410156,103.74597930908203,23.74597930908203
141,79.0,85.71839141845703,6.718391418457031,83.17289733886719,4.1728973388671875,101.34236145019531,22.342361450195312
142,78.0,82.77751922607422,4.777519226074219,74.06786346435547,-3.9321365356445312,99.95075988769531,21.950759887695312
143,77.0,83.48541259765625,6.48541259765625,77.04689025878906,0.0468902587890625,100.47647094726562,23.476470947265625
144,76.0,82.41642761230469,6.4164276123046875,78.4769287109375,2.4769287109375,99.25263214111328,23.25263214111328
145,75.0,77.36143493652344,2.3614349365234375,67.29181671142578,-7.708183288574219,96.71128845214844,21.711288452148438
146,74.0,72.56222534179688,-1.437774658203125,60.839942932128906,-13.160057067871094,95.4209976196289,21.420997619628906
147,73.0,78.76803588867188,5.768035888671875,74.6591796875,1.6591796875,99.35951232910156,26.359512329101562
148,72.0,84.31558227539062,12.315582275390625,88.68387603759766,16.683876037597656,102.9226303100586,30.922630310058594
149,71.0,86.95893859863281,15.958938598632812,91.62007141113281,20.620071411132812,103.62367248535156,32.62367248535156
150,70.0,83.83735656738281,13.837356567382812,80.8164291381836,10.816429138183594,101.83705139160156,31.837051391601562
151,69.0,84.13218688964844,15.132186889648438,74.89530181884766,5.895301818847656,100.66371154785156,31.663711547851562
152,68.0,86.17232513427734,18.172325134277344,78.8455581665039,10.845558166503906,100.57827758789062,32.578277587890625
153,67.0,86.13478088378906,19.134780883789062,77.7461166381836,10.746116638183594,99.70184326171875,32.70184326171875
154,66.0,86.01734924316406,20.017349243164062,75.85782623291016,9.857826232910156,99.41941833496094,33.41941833496094
155,65.0,84.01206970214844,19.012069702148438,78.75698852539062,13.756988525390625,96.76604461669922,31.76604461669922
156,64.0,84.83326721191406,20.833267211914062,80.54183959960938,16.541839599609375,97.40830993652344,33.40830993652344
157,63.0,81.20529174804688,18.205291748046875,74.98727416992188,11.987274169921875,97.13648223876953,34.13648223876953
158,62.0,81.15682983398438,19.156829833984375,78.7059097290039,16.705909729003906,97.64286041259766,35.642860412597656
159,61.0,78.53096008300781,17.530960083007812,81.67833709716797,20.67833709716797,97.30046081542969,36.30046081542969
160,60.0,65.42866516113281,5.4286651611328125,68.59903717041016,8.599037170410156,90.28614807128906,30.286148071289062
161,59.0,48.773094177246094,-10.226905822753906,42.28972244262695,-16.710277557373047,81.90798950195312,22.907989501953125
162,58.0,47.65162658691406,-10.348373413085938,37.598453521728516,-20.401546478271484,79.82634735107422,21.82634735107422
163,57.0,53.718505859375,-3.281494140625,46.8784065246582,-10.121593475341797,85.538818359375,28.538818359375
164,56.0,51.020809173583984,-4.979190826416016,49.97213363647461,-6.027866363525391,86.74250030517578,30.74250030517578
165,55.0,47.74560546875,-7.25439453125,45.42507553100586,-9.57492446899414,84.21585083007812,29.215850830078125
166,54.0,50.618499755859375,-3.381500244140625,45.855709075927734,-8.144290924072266,83.85135650634766,29.851356506347656
167,53.0,51.39178466796875,-1.60821533203125,48.95851135253906,-4.0414886474609375,84.63755798339844,31.637557983398438
168,52.0,57.19752502441406,5.1975250244140625,57.61101150512695,5.611011505126953,88.1263656616211,36.126365661621094
169,51.0,60.3916015625,9.3916015625,67.82787322998047,16.82787322998047,91.76034545898438,40.760345458984375
170,50.0,62.219947814941406,12.219947814941406,69.4720230102539,19.472023010253906,93.63137817382812,43.631378173828125
171,49.0,52.63418197631836,3.6341819763183594,61.29208755493164,12.29208755493164,86.41275787353516,37.412757873535156
172,48.0,48.10417938232422,0.10417938232421875,53.49888229370117,5.498882293701172,78.66270446777344,30.662704467773438
173,47.0,51.26347732543945,4.263477325439453,54.43238067626953,7.432380676269531,79.22049713134766,32.220497131347656
174,46.0,58.36383056640625,12.36383056640625,65.0499038696289,19.049903869628906,84.9913330078125,38.9913330078125
175,45.0,52.560646057128906,7.560646057128906,59.903038024902344,14.903038024902344,85.846923828125,40.846923828125
176,44.0,49.700714111328125,5.700714111328125,54.495975494384766,10.495975494384766,81.48314666748047,37.48314666748047
177,43.0,47.93964385986328,4.939643859863281,49.56986999511719,6.5698699951171875,78.74961853027344,35.74961853027344
178,42.0,50.16149139404297,8.161491394042969,54.18632125854492,12.186321258544922,79.51844787597656,37.51844787597656
179,41.0,40.291099548339844,-0.7089004516601562,41.94689178466797,0.9468917846679688,73.18283081054688,32.182830810546875
180,40.0,41.1804084777832,1.1804084777832031,37.28936004638672,-2.7106399536132812,68.39278411865234,28.392784118652344
181,39.0,47.867897033691406,8.867897033691406,47.1760139465332,8.176013946533203,74.20188903808594,35.20188903808594
182,38.0,42.122982025146484,4.122982025146484,43.61985397338867,5.619853973388672,71.12184143066406,33.12184143066406
183,37.0,33.27085876464844,-3.7291412353515625,32.641483306884766,-4.358516693115234,62.140995025634766,25.140995025634766
184,36.0,29.800613403320312,-6.1993865966796875,27.694717407226562,-8.305282592773438,53.57999038696289,17.57999038696289
185,35.0,39.318885803222656,4.318885803222656,36.00703811645508,1.0070381164550781,56.25722122192383,21.257221221923828
186,34.0,41.91041564941406,7.9104156494140625,41.7599983215332,7.759998321533203,62.094886779785156,28.094886779785156
187,33.0,38.03718566894531,5.0371856689453125,39.24357986450195,6.243579864501953,62.18864822387695,29.188648223876953
188,32.0,33.096290588378906,1.0962905883789062,33.009822845458984,1.0098228454589844,58.52519989013672,26.52519989013672
189,31.0,36.24297332763672,5.242973327636719,35.7526741027832,4.752674102783203,58.01921081542969,27.019210815429688
190,30.0,35.86615753173828,5.866157531738281,35.89963912963867,5.899639129638672,58.260135650634766,28.260135650634766
191,29.0,25.576990127563477,-3.4230098724365234,25.27727508544922,-3.7227249145507812,48.17856216430664,19.17856216430664
192,28.0,25.9431209564209,-2.0568790435791016,24.76020050048828,-3.2397994995117188,43.74631881713867,15.746318817138672
193,27.0,29.521760940551758,2.521760940551758,26.921770095825195,-0.07822990417480469,44.66059494018555,17.660594940185547
194,26.0,22.51719093322754,-3.482809066772461,22.79636573791504,-3.203634262084961,39.35940933227539,13.35940933227539
195,25.0,19.074369430541992,-5.925630569458008,20.106765747070312,-4.8932342529296875,34.34226608276367,9.342266082763672
196,24.0,20.318601608276367,-3.681398391723633,22.664873123168945,-1.3351268768310547,34.38248825073242,10.382488250732422
197,23.0,28.1898250579834,5.189825057983398,28.78223991394043,5.78223991394043,39.720584869384766,16.720584869384766
198,22.0,18.803617477416992,-3.196382522583008,22.475717544555664,0.47571754455566406,35.11538314819336,13.11538314819336
199,21.0,13.553023338317871,-7.446976661682129,16.38909912109375,-4.61090087890625,28.325376510620117,7.325376510620117
200,20.0,19.931194305419922,-0.06880569458007812,21.620906829833984,1.6209068298339844,32.02499771118164,12.02499771118164
201,19.0,17.88361167907715,-1.1163883209228516,20.367530822753906,1.3675308227539062,32.24972915649414,13.24972915649414
202,18.0,11.720743179321289,-6.279256820678711,15.106441497802734,-2.8935585021972656,28.25776481628418,10.25776481628418
203,17.0,6.920986652374268,-10.07901382446289,11.090682983398438,-5.9093170166015625,25.172056198120117,8.172056198120117
204,16.0,6.132286548614502,-9.867713928222656,9.947674751281738,-6.052325248718262,24.761058807373047,8.761058807373047
205,15.0,6.630887508392334,-8.369112014770508,10.882390975952148,-4.117609024047852,28.390356063842773,13.390356063842773
206,14.0,4.084105491638184,-9.915894508361816,7.796008586883545,-6.203991413116455,31.73672103881836,17.73672103881836
207,13.0,3.7657594680786133,-9.234240531921387,7.41977596282959,-5.58022403717041,36.427364349365234,23.427364349365234
208,12.0,10.675713539123535,-1.3242864608764648,9.99703311920166,-2.00296688079834,44.970314025878906,32.970314025878906
209,11.0,13.529356956481934,2.5293569564819336,9.931821823120117,-1.0681781768798828,50.557701110839844,39.557701110839844
210,10.0,5.648730278015137,-4.351269721984863,5.204477310180664,-4.795522689819336,45.997867584228516,35.997867584228516
211,9.0,0.9516125917434692,-8.04838752746582,2.6323225498199463,-6.367677688598633,41.106319427490234,32.106319427490234
212,8.0,1.3213530778884888,-6.678647041320801,2.8113672733306885,-5.188632965087891,41.60732650756836,33.60732650756836
213,7.0,3.8452258110046387,-3.1547741889953613,4.066004276275635,-2.9339957237243652,45.108638763427734,38.108638763427734
214,6.0,4.031580448150635,-1.9684195518493652,3.843752861022949,-2.156247138977051,46.34511184692383,40.34511184692383
215,5.0,0.0,-5.0,0.0,-5.0,39.345516204833984,34.345516204833984
216,4.0,0.0,-4.0,0.0,-4.0,34.43846893310547,30.43846893310547
217,3.0,0.0,-3.0,0.0,-3.0,39.29085159301758,36.29085159301758
218,2.0,0.0,-2.0,0.727529764175415,-1.272470235824585,46.096282958984375,44.096282958984375
219,1.0,0.0,-1.0,0.0,-1.0,41.5229377746582,40.5229377746582
220,110.0,88.95285034179688,-21.047149658203125,88.38179779052734,-21.618202209472656,100.8010025024414,-9.198997497558594
221,109.0,85.5794906616211,-23.420509338378906,78.03897857666016,-30.961021423339844,100.23809051513672,-8.761909484863281
222,108.0,82.0519027709961,-25.948097229003906,72.463134765625,-35.536865234375,99.73214721679688,-8.267852783203125
223,107.0,82.80888366699219,-24.191116333007812,77.00399017333984,-29.996009826660156,101.47701263427734,-5.522987365722656
224,106.0,82.01990509033203,-23.98009490966797,74.17557525634766,-31.824424743652344,101.65830993652344,-4.3416900634765625
225,105.0,74.97810363769531,-30.021896362304688,66.67086791992188,-38.329132080078125,98.46160125732422,-6.538398742675781
226,104.0,71.12979888916016,-32.870201110839844,58.050357818603516,-45.949642181396484,95.34992980957031,-8.650070190429688
227,103.0,69.80006408691406,-33.19993591308594,56.14289474487305,-46.85710525512695,95.41634368896484,-7.583656311035156
228,102.0,74.44557189941406,-27.554428100585938,64.23477935791016,-37.765220642089844,98.86245727539062,-3.137542724609375
229,101.0,80.00497436523438,-20.995025634765625,77.30134582519531,-23.698654174804688,102.35494995117188,1.354949951171875
230,100.0,78.80988311767578,-21.19011688232422,73.61347198486328,-26.38652801513672,100.32137298583984,0.32137298583984375
231,99.0,78.38911437988281,-20.610885620117188,69.33440399169922,-29.66559600830078,97.15072631835938,-1.849273681640625
232,98.0,78.98196411132812,-19.018035888671875,72.41521453857422,-25.58478546142578,96.59825897216797,-1.4017410278320312
233,97.0,77.70082092285156,-19.299179077148438,71.81111907958984,-25.188880920410156,96.59896850585938,-0.401031494140625
234,96.0,77.58806610107422,-18.41193389892578,72.89564514160156,-23.104354858398438,97.53973388671875,1.53973388671875
235,95.0,76.0133285522461,-18.986671447753906,72.41861724853516,-22.581382751464844,97.01783752441406,2.0178375244140625
236,94.0,80.84683227539062,-13.153167724609375,78.07369232177734,-15.926307678222656,99.61494445800781,5.6149444580078125
237,93.0,84.1390609741211,-8.860939025878906,82.6491470336914,-10.350852966308594,102.17747497558594,9.177474975585938
238,92.0,87.18549346923828,-4.814506530761719,87.35535430908203,-4.644645690917969,101.86482238769531,9.864822387695312
239,91.0,85.12498474121094,-5.8750152587890625,84.9258041381836,-6.074195861816406,98.71660614013672,7.716606140136719
240,90.0,87.08847045898438,-2.911529541015625,85.6622085571289,-4.337791442871094,98.41854095458984,8.418540954589844
241,89.0,86.871826171875,-2.128173828125,85.74003601074219,-3.2599639892578125,99.53030395507812,10.530303955078125
242,88.0,88.4267578125,0.4267578125,85.7684555053711,-2.2315444946289062,100.92609405517578,12.926094055175781
243,87.0,86.27590942382812,-0.724090576171875,81.44013977050781,-5.5598602294921875,100.36491394042969,13.364913940429688
244,86.0,82.47015380859375,-3.52984619140625,81.20626068115234,-4.793739318847656,96.73239135742188,10.732391357421875
245,85.0,83.23800659179688,-1.761993408203125,79.47274017333984,-5.527259826660156,96.34371185302734,11.343711853027344
246,84.0,81.07684326171875,-2.92315673828125,79.72601318359375,-4.27398681640625,97.77607727050781,13.776077270507812
247,83.0,77.23268127441406,-5.7673187255859375,74.79492950439453,-8.205070495605469,95.9556655883789,12.955665588378906
248,82.0,70.4449234008789,-11.555076599121094,66.91976165771484,-15.080238342285156,94.73711395263672,12.737113952636719
249,81.0,64.86861419677734,-16.131385803222656,62.659088134765625,-18.340911865234375,94.30882263183594,13.308822631835938
250,80.0,66.34162902832031,-13.658370971679688,62.24320602416992,-17.756793975830078,94.92899322509766,14.928993225097656
251,79.0,68.52967071533203,-10.470329284667969,62.851806640625,-16.148193359375,96.49859619140625,17.49859619140625
252,78.0,62.86334991455078,-15.136650085449219,59.62650680541992,-18.373493194580078,92.80763244628906,14.807632446289062
253,77.0,57.33442687988281,-19.665573120117188,55.44790267944336,-21.55209732055664,86.70150756835938,9.701507568359375
254,76.0,58.599517822265625,-17.400482177734375,54.19103240966797,-21.80896759033203,87.49578857421875,11.49578857421875
255,75.0,55.681453704833984,-19.318546295166016,50.59805679321289,-24.40194320678711,89.36471557617188,14.364715576171875
256,74.0,53.95267105102539,-20.04732894897461,47.794307708740234,-26.205692291259766,87.90115356445312,13.901153564453125
257,73.0,55.13456726074219,-17.865432739257812,51.24170684814453,-21.75829315185547,87.89810180664062,14.898101806640625
258,72.0,58.27421569824219,-13.725784301757812,58.15650177001953,-13.843498229980469,90.6341323852539,18.634132385253906
259,71.0,60.9338493347168,-10.066150665283203,62.48463821411133,-8.515361785888672,92.5404281616211,21.540428161621094
260,70.0,56.5013427734375,-13.4986572265625,56.16647720336914,-13.83352279663086,88.92852783203125,18.92852783203125
261,69.0,45.04214859008789,-23.95785140991211,43.091827392578125,-25.908172607421875,78.92256164550781,9.922561645507812
262,68.0,48.44346237182617,-19.556537628173828,43.858638763427734,-24.141361236572266,77.26606750488281,9.266067504882812
263,67.0,56.106868743896484,-10.893131256103516,53.5627555847168,-13.437244415283203,83.63968658447266,16.639686584472656
264,66.0,55.666839599609375,-10.333160400390625,57.50929641723633,-8.490703582763672,87.44185638427734,21.441856384277344
265,65.0,53.413551330566406,-11.586448669433594,54.516937255859375,-10.483062744140625,87.17823791503906,22.178237915039062
266,64.0,46.34268569946289,-17.65731430053711,48.0656852722168,-15.934314727783203,81.12969970703125,17.12969970703125
267,63.0,41.98476028442383,-21.015239715576172,37.580875396728516,-25.419124603271484,74.27890014648438,11.278900146484375
268,62.0,36.886268615722656,-25.113731384277344,32.004146575927734,-29.995853424072266,67.23355102539062,5.233551025390625
269,61.0,38.31509017944336,-22.68490982055664,30.320804595947266,-30.679195404052734,62.3606071472168,1.3606071472167969
270,60.0,44.34084701538086,-15.65915298461914,37.11006546020508,-22.889934539794922,67.22348022460938,7.223480224609375
271,59.0,50.426124572753906,-8.573875427246094,47.73728561401367,-11.262714385986328,75.34840393066406,16.348403930664062
272,58.0,44.528785705566406,-13.471214294433594,46.48790740966797,-11.512092590332031,74.92031860351562,16.920318603515625
273,57.0,45.77009201049805,-11.229907989501953,46.158653259277344,-10.841346740722656,74.99880981445312,17.998809814453125
274,56.0,48.85698699951172,-7.143013000488281,50.17979431152344,-5.8202056884765625,79.9069595336914,23.906959533691406
275,55.0,53.16717529296875,-1.83282470703125,58.025569915771484,3.0255699157714844,83.57601928710938,28.576019287109375
276,54.0,51.77217102050781,-2.2278289794921875,55.79901123046875,1.79901123046875,81.84473419189453,27.84473419189453
277,53.0,41.502113342285156,-11.497886657714844,43.90089797973633,-9.099102020263672,73.76010131835938,20.760101318359375
278,52.0,34.986595153808594,-17.013404846191406,33.97441864013672,-18.02558135986328,63.51304626464844,11.513046264648438
279,51.0,42.18024444580078,-8.819755554199219,38.1248664855957,-12.875133514404297,63.57699203491211,12.57699203491211
280,50.0,48.10367202758789,-1.8963279724121094,45.540409088134766,-4.459590911865234,72.47926330566406,22.479263305664062
281,49.0,43.42616653442383,-5.573833465576172,44.998138427734375,-4.001861572265625,77.09384155273438,28.093841552734375
282,48.0,37.93938446044922,-10.060615539550781,38.2880859375,-9.7119140625,72.73845672607422,24.73845672607422
283,47.0,34.46323776245117,-12.536762237548828,32.83510208129883,-14.164897918701172,63.927764892578125,16.927764892578125
284,46.0,29.124351501464844,-16.875648498535156,25.628747940063477,-20.371252059936523,51.922401428222656,5.922401428222656
285,45.0,26.345563888549805,-18.654436111450195,22.476871490478516,-22.523128509521484,45.43354797363281,0.4335479736328125
286,44.0,26.1430606842041,-17.8569393157959,21.97369384765625,-22.02630615234375,43.3650016784668,-0.6349983215332031
287,43.0,32.538814544677734,-10.461185455322266,27.564529418945312,-15.435470581054688,47.138999938964844,4.138999938964844
288,42.0,43.192501068115234,1.1925010681152344,37.72650146484375,-4.27349853515625,58.1228141784668,16.122814178466797
289,41.0,47.306251525878906,6.306251525878906,44.05976486206055,3.059764862060547,66.11968231201172,25.11968231201172
290,40.0,38.453453063964844,-1.5465469360351562,39.52189636230469,-0.4781036376953125,63.005126953125,23.005126953125
291,39.0,28.135709762573242,-10.864290237426758,29.40228843688965,-9.597711563110352,53.688106536865234,14.688106536865234
292,38.0,26.45323944091797,-11.546760559082031,23.166149139404297,-14.833850860595703,48.2336311340332,10.233631134033203
293,37.0,18.63389015197754,-18.36610984802246,17.571226119995117,-19.428773880004883,40.46713638305664,3.4671363830566406
294,36.0,14.958537101745605,-21.041461944580078,14.035601615905762,-21.964397430419922,32.78932571411133,-3.210674285888672
295,35.0,18.98143196105957,-16.01856803894043,18.135087966918945,-16.864912033081055,34.4107780456543,-0.5892219543457031
296,34.0,18.385366439819336,-15.614633560180664,16.765413284301758,-17.234586715698242,36.843406677246094,2.8434066772460938
297,33.0,15.538241386413574,-17.46175765991211,15.51309585571289,-17.48690414428711,38.257686614990234,5.257686614990234
298,32.0,20.764522552490234,-11.235477447509766,20.833738327026367,-11.166261672973633,45.656978607177734,13.656978607177734
299,31.0,28.389680862426758,-2.610319137573242,27.056304931640625,-3.943695068359375,49.402217864990234,18.402217864990234
300,30.0,19.371049880981445,-10.628950119018555,20.93893051147461,-9.06106948852539,40.631839752197266,10.631839752197266
301,29.0,18.627290725708008,-10.372709274291992,18.9813175201416,-10.018682479858398,36.12115478515625,7.12115478515625
302,28.0,18.442306518554688,-9.557693481445312,19.149429321289062,-8.850570678710938,36.69346237182617,8.693462371826172
303,27.0,17.21925163269043,-9.78074836730957,17.239295959472656,-9.760704040527344,35.25216293334961,8.25216293334961
304,26.0,12.306137084960938,-13.693862915039062,12.858095169067383,-13.141904830932617,31.260560989379883,5.260560989379883
305,25.0,10.26197338104248,-14.73802661895752,9.84676742553711,-15.15323257446289,29.759565353393555,4.759565353393555
306,24.0,7.9720563888549805,-16.027942657470703,7.483770370483398,-16.5162296295166,32.564571380615234,8.564571380615234
307,23.0,6.856017589569092,-16.14398193359375,6.567277431488037,-16.432722091674805,35.32852554321289,12.32852554321289
308,22.0,8.487711906433105,-13.512288093566895,8.031753540039062,-13.968246459960938,37.974857330322266,15.974857330322266
309,21.0,6.853123188018799,-14.14687728881836,6.844693660736084,-14.155305862426758,39.33768081665039,18.33768081665039
310,20.0,7.377434730529785,-12.622565269470215,6.444224834442139,-13.555774688720703,42.21690368652344,22.216903686523438
311,19.0,6.750439167022705,-12.249561309814453,3.6168711185455322,-15.383129119873047,41.4875373840332,22.487537384033203
312,18.0,4.593603610992432,-13.406396865844727,1.981192946434021,-16.01880645751953,42.327056884765625,24.327056884765625
313,17.0,13.343390464782715,-3.656609535217285,6.729217052459717,-10.270782470703125,53.85002136230469,36.85002136230469
314,16.0,20.678621292114258,4.678621292114258,9.760433197021484,-6.239566802978516,64.66680908203125,48.66680908203125
315,15.0,12.686351776123047,-2.313648223876953,5.775143146514893,-9.224857330322266,59.39968490600586,44.39968490600586
316,14.0,7.988258361816406,-6.011741638183594,3.0185129642486572,-10.981487274169922,51.7561149597168,37.7561149597168
317,13.0,10.910468101501465,-2.089531898498535,4.2195725440979,-8.780427932739258,53.748165130615234,40.748165130615234
318,12.0,4.927196502685547,-7.072803497314453,0.7875401973724365,-11.212459564208984,48.09435272216797,36.09435272216797
319,11.0,0.8588243722915649,-10.141175270080566,0.0,-11.0,42.82301712036133,31.823017120361328
320,10.0,2.582123279571533,-7.417876720428467,0.697822093963623,-9.302177429199219,45.71896743774414,35.71896743774414
321,9.0,0.0,-9.0,0.0,-9.0,43.849876403808594,34.849876403808594
322,8.0,0.0,-8.0,0.0,-8.0,43.05850601196289,35.05850601196289
323,7.0,0.0,-7.0,0.0,-7.0,43.50163650512695,36.50163650512695
324,6.0,0.0,-6.0,0.0,-6.0,45.42805862426758,39.42805862426758
325,5.0,0.0,-5.0,0.0,-5.0,49.20906066894531,44.20906066894531
326,4.0,0.0,-4.0,0.0,-4.0,48.479373931884766,44.479373931884766
327,3.0,0.0,-3.0,0.0,-3.0,45.105438232421875,42.105438232421875
328,2.0,0.0,-2.0,0.0,-2.0,43.654144287109375,41.654144287109375
329,1.0,0.0,-1.0,0.0,-1.0,44.4858283996582,43.4858283996582
330,110.0,96.53372955322266,-13.466270446777344,96.58174896240234,-13.418251037597656,105.89236450195312,-4.107635498046875
331,109.0,94.69922637939453,-14.300773620605469,92.73375701904297,-16.26624298095703,105.63926696777344,-3.3607330322265625
332,108.0,93.12773132324219,-14.872268676757812,91.15934753417969,-16.840652465820312,105.5130386352539,-2.4869613647460938
333,107.0,92.59996032714844,-14.400039672851562,90.44056701660156,-16.559432983398438,105.48756408691406,-1.5124359130859375
334,106.0,93.45941925048828,-12.540580749511719,91.49893951416016,-14.501060485839844,105.72575378417969,-0.2742462158203125
335,105.0,91.19969177246094,-13.800308227539062,89.74130249023438,-15.258697509765625,105.241455078125,0.241455078125
336,104.0,90.50755310058594,-13.492446899414062,89.94203186035156,-14.057968139648438,105.25135040283203,1.2513504028320312
337,103.0,90.91519165039062,-12.084808349609375,90.63788604736328,-12.362113952636719,105.55450439453125,2.55450439453125
338,102.0,89.28267669677734,-12.717323303222656,89.68289184570312,-12.317108154296875,105.26680755615234,3.2668075561523438
339,101.0,88.60768127441406,-12.392318725585938,89.19881439208984,-11.801185607910156,105.20533752441406,4.2053375244140625
340,100.0,87.588134765625,-12.411865234375,86.49288177490234,-13.507118225097656,105.4212875366211,5.421287536621094
341,99.0,87.07600402832031,-11.923995971679688,85.33065032958984,-13.669349670410156,105.91375732421875,6.91375732421875
342,98.0,86.4995346069336,-11.500465393066406,85.25996398925781,-12.740036010742188,105.61410522460938,7.614105224609375
343,97.0,88.3138198852539,-8.686180114746094,90.97624969482422,-6.023750305175781,106.11714172363281,9.117141723632812
344,96.0,86.23446655273438,-9.765533447265625,88.45191192626953,-7.548088073730469,105.36125183105469,9.361251831054688
345,95.0,88.13153839111328,-6.868461608886719,90.93824005126953,-4.061759948730469,105.98262786865234,10.982627868652344
346,94.0,89.59161376953125,-4.40838623046875,93.76852416992188,-0.231475830078125,106.36402893066406,12.364028930664062
347,93.0,85.32188415527344,-7.6781158447265625,87.12525177001953,-5.874748229980469,105.16473388671875,12.16473388671875
348,92.0,83.08963012695312,-8.910369873046875,82.01985931396484,-9.980140686035156,104.72355651855469,12.723556518554688
349,91.0,85.39852142333984,-5.601478576660156,84.50918579101562,-6.490814208984375,105.41633605957031,14.416336059570312
350,90.0,86.90567016601562,-3.094329833984375,87.71752166748047,-2.2824783325195312,105.56854248046875,15.56854248046875
351,89.0,86.69294738769531,-2.3070526123046875,87.69935607910156,-1.3006439208984375,105.52946472167969,16.529464721679688
352,88.0,85.12802124023438,-2.871978759765625,84.4969482421875,-3.5030517578125,105.2799072265625,17.2799072265625
353,87.0,84.58518981933594,-2.4148101806640625,82.3631362915039,-4.636863708496094,105.13004302978516,18.130043029785156
354,86.0,82.58655548095703,-3.4134445190429688,78.90897369384766,-7.091026306152344,104.57131958007812,18.571319580078125
355,85.0,83.73897552490234,-1.2610244750976562,80.0758056640625,-4.9241943359375,105.22994995117188,20.229949951171875
356,84.0,85.9515151977539,1.9515151977539062,86.54591369628906,2.5459136962890625,105.95980834960938,21.959808349609375
357,83.0,85.14300537109375,2.14300537109375,85.92420959472656,2.9242095947265625,105.65717315673828,22.65717315673828
358,82.0,83.71379852294922,1.7137985229492188,83.83190155029297,1.8319015502929688,105.30506134033203,23.30506134033203
359,81.0,81.2874984741211,0.28749847412109375,79.96768951416016,-1.0323104858398438,104.63262176513672,23.63262176513672
360,80.0,82.7259521484375,2.7259521484375,79.20087432861328,-0.7991256713867188,105.17321014404297,25.17321014404297
361,79.0,83.01860046386719,4.0186004638671875,78.11470031738281,-0.8852996826171875,105.53001403808594,26.530014038085938
362,78.0,80.58243560791016,2.5824356079101562,76.29631805419922,-1.7036819458007812,104.69915771484375,26.69915771484375
363,77.0,81.71345520019531,4.7134552001953125,77.31493377685547,0.31493377685546875,105.1110610961914,28.111061096191406
364,76.0,79.37987518310547,3.3798751831054688,72.7373275756836,-3.2626724243164062,104.70138549804688,28.701385498046875
365,75.0,76.90986633300781,1.9098663330078125,65.97452545166016,-9.025474548339844,104.20325469970703,29.20325469970703
366,74.0,75.13311767578125,1.13311767578125,64.07355499267578,-9.926445007324219,104.02129364013672,30.02129364013672
367,73.0,77.38414001464844,4.3841400146484375,67.23993682861328,-5.760063171386719,104.47982788085938,31.479827880859375
368,72.0,77.6723861694336,5.672386169433594,69.34046173095703,-2.6595382690429688,104.34379577636719,32.34379577636719
369,71.0,74.55105590820312,3.551055908203125,64.62295532226562,-6.377044677734375,103.70866394042969,32.70866394042969
370,70.0,72.81221008300781,2.8122100830078125,60.54372787475586,-9.45627212524414,103.26512145996094,33.26512145996094
371,69.0,73.8385009765625,4.8385009765625,62.959468841552734,-6.040531158447266,104.08543395996094,35.08543395996094
372,68.0,73.61981201171875,5.61981201171875,65.64743041992188,-2.352569580078125,104.25659942626953,36.25659942626953
373,67.0,67.73753356933594,0.7375335693359375,58.38190841674805,-8.618091583251953,102.32120513916016,35.321205139160156
374,66.0,69.78480529785156,3.7848052978515625,60.48480987548828,-5.515190124511719,103.2315444946289,37.231544494628906
375,65.0,72.38795471191406,7.3879547119140625,66.31165313720703,1.3116531372070312,104.67285919189453,39.67285919189453
376,64.0,74.24610900878906,10.246109008789062,71.1687240600586,7.168724060058594,104.82528686523438,40.825286865234375
377,63.0,74.6711654663086,11.671165466308594,72.89234161376953,9.892341613769531,104.69747924804688,41.697479248046875
378,62.0,75.76676177978516,13.766761779785156,75.3899154663086,13.389915466308594,104.51683807373047,42.51683807373047
379,61.0,72.14701843261719,11.147018432617188,68.96131134033203,7.961311340332031,103.27180480957031,42.27180480957031
380,60.0,63.36101150512695,3.361011505126953,55.449275970458984,-4.550724029541016,100.30172729492188,40.301727294921875
381,59.0,60.09281539916992,1.0928153991699219,50.71806716918945,-8.281932830810547,99.84420776367188,40.844207763671875
382,58.0,54.03773498535156,-3.9622650146484375,46.156898498535156,-11.843101501464844,98.7884292602539,40.788429260253906
383,57.0,48.640018463134766,-8.359981536865234,42.14295959472656,-14.857040405273438,97.28446960449219,40.28446960449219
384,56.0,51.89570617675781,-4.1042938232421875,47.58148193359375,-8.41851806640625,99.55315399169922,43.55315399169922
385,55.0,57.206268310546875,2.206268310546875,57.47556686401367,2.475566864013672,102.5517578125,47.5517578125
386,54.0,60.32417297363281,6.3241729736328125,62.42856979370117,8.428569793701172,102.56942749023438,48.569427490234375
387,53.0,61.293357849121094,8.293357849121094,61.34807586669922,8.348075866699219,101.67506408691406,48.67506408691406
388,52.0,52.419593811035156,0.41959381103515625,48.4351692199707,-3.564830780029297,98.38577270507812,46.385772705078125
389,51.0,52.530731201171875,1.530731201171875,50.472904205322266,-0.5270957946777344,98.32440185546875,47.32440185546875
390,50.0,54.018463134765625,4.018463134765625,57.35641098022461,7.356410980224609,100.20222473144531,50.20222473144531
391,49.0,52.520721435546875,3.520721435546875,56.09476089477539,7.094760894775391,99.61614227294922,50.61614227294922
392,48.0,55.08607482910156,7.0860748291015625,57.34965896606445,9.349658966064453,99.7540283203125,51.7540283203125
393,47.0,59.40993881225586,12.40993881225586,62.5452995300293,15.545299530029297,100.40201568603516,53.402015686035156
394,46.0,67.16133117675781,21.161331176757812,66.53629302978516,20.536293029785156,101.04383850097656,55.04383850097656
395,45.0,65.55191040039062,20.551910400390625,66.15215301513672,21.15215301513672,100.41610717773438,55.416107177734375
396,44.0,59.521888732910156,15.521888732910156,54.87557601928711,10.87557601928711,96.22682189941406,52.22682189941406
397,43.0,53.904300689697266,10.904300689697266,49.02809524536133,6.028095245361328,95.04619598388672,52.04619598388672
398,42.0,49.08491516113281,7.0849151611328125,44.658409118652344,2.6584091186523438,95.13524627685547,53.13524627685547
399,41.0,46.51237869262695,5.512378692626953,45.607364654541016,4.607364654541016,95.4310531616211,54.431053161621094
400,40.0,40.4636344909668,0.4636344909667969,37.97645568847656,-2.0235443115234375,90.90069580078125,50.90069580078125
401,39.0,43.848121643066406,4.848121643066406,38.788543701171875,-0.211456298828125,88.89076232910156,49.89076232910156
402,38.0,50.07102966308594,12.071029663085938,45.85377883911133,7.853778839111328,92.31272888183594,54.31272888183594
403,37.0,48.90311050415039,11.90311050415039,46.16984939575195,9.169849395751953,92.81593322753906,55.81593322753906
404,36.0,46.044803619384766,10.044803619384766,42.96957015991211,6.969570159912109,91.51896667480469,55.51896667480469
405,35.0,39.60258483886719,4.6025848388671875,34.485721588134766,-0.5142784118652344,85.7059555053711,50.705955505371094
406,34.0,43.715240478515625,9.715240478515625,35.77219009399414,1.7721900939941406,84.08396911621094,50.08396911621094
407,33.0,47.098655700683594,14.098655700683594,42.578243255615234,9.578243255615234,87.63938903808594,54.63938903808594
408,32.0,43.28608703613281,11.286087036132812,40.00898742675781,8.008987426757812,85.78421020507812,53.784210205078125
409,31.0,46.586082458496094,15.586082458496094,42.35315704345703,11.353157043457031,84.44017028808594,53.44017028808594
410,30.0,44.562232971191406,14.562232971191406,44.375614166259766,14.375614166259766,82.78330993652344,52.78330993652344
411,29.0,38.05590057373047,9.055900573730469,36.137393951416016,7.137393951416016,74.19343566894531,45.19343566894531
412,28.0,35.81498336791992,7.814983367919922,32.45884323120117,4.458843231201172,68.94593048095703,40.94593048095703
413,27.0,37.04994201660156,10.049942016601562,31.673599243164062,4.6735992431640625,66.64031219482422,39.64031219482422
414,26.0,37.70664978027344,11.706649780273438,33.839168548583984,7.839168548583984,65.30558776855469,39.30558776855469
415,25.0,33.733604431152344,8.733604431152344,31.9510555267334,6.951055526733398,62.4582405090332,37.4582405090332
416,24.0,30.00551414489746,6.005514144897461,27.69698143005371,3.696981430053711,56.264320373535156,32.264320373535156
417,23.0,28.947717666625977,5.947717666625977,26.965816497802734,3.9658164978027344,51.28029251098633,28.280292510986328
418,22.0,27.495683670043945,5.495683670043945,26.134864807128906,4.134864807128906,47.68063735961914,25.68063735961914
419,21.0,26.291860580444336,5.291860580444336,26.467018127441406,5.467018127441406,43.43538284301758,22.435382843017578
420,20.0,24.240379333496094,4.240379333496094,24.364654541015625,4.364654541015625,39.27175521850586,19.27175521850586
421,19.0,17.54032325744629,-1.459676742553711,16.97649383544922,-2.0235061645507812,31.808494567871094,12.808494567871094
422,18.0,13.492171287536621,-4.507828712463379,13.005887031555176,-4.994112968444824,24.757553100585938,6.7575531005859375
423,17.0,12.846378326416016,-4.153621673583984,13.394367218017578,-3.605632781982422,23.68940544128418,6.68940544128418
424,16.0,7.103098392486572,-8.896902084350586,11.177680015563965,-4.822319984436035,22.03290557861328,6.032905578613281
425,15.0,10.317235946655273,-4.682764053344727,16.380157470703125,1.380157470703125,25.60611343383789,10.60611343383789
426,14.0,15.797211647033691,1.7972116470336914,21.46217918395996,7.462179183959961,31.179899215698242,17.179899215698242
427,13.0,6.270750045776367,-6.729249954223633,12.577091217041016,-0.4229087829589844,23.505525588989258,10.505525588989258
428,12.0,1.4964982271194458,-10.503501892089844,7.643263339996338,-4.356736660003662,19.605634689331055,7.605634689331055
429,11.0,1.8161684274673462,-9.183831214904785,8.12235164642334,-2.87764835357666,25.573989868164062,14.573989868164062
430,10.0,3.755403995513916,-6.244596004486084,6.508942604064941,-3.4910573959350586,32.682254791259766,22.682254791259766
431,9.0,0.03343366086483002,-8.96656608581543,5.228071212768555,-3.7719287872314453,36.760765075683594,27.760765075683594
432,8.0,0.0,-8.0,3.7921619415283203,-4.20783805847168,38.31665802001953,30.31665802001953
433,7.0,1.8799160718917847,-5.120083808898926,4.428282737731934,-2.5717172622680664,42.59328842163086,35.59328842163086
434,6.0,5.500925540924072,-0.49907445907592773,5.810208797454834,-0.18979120254516602,48.85528564453125,42.85528564453125
435,5.0,3.3576507568359375,-1.6423492431640625,3.7988948822021484,-1.2011051177978516,48.0291862487793,43.0291862487793
436,4.0,0.0,-4.0,1.476672887802124,-2.523327112197876,44.57343673706055,40.57343673706055
437,3.0,0.0,-3.0,0.0,-3.0,39.9625244140625,36.9625244140625
438,2.0,0.0,-2.0,0.0,-2.0,39.142269134521484,37.142269134521484
439,1.0,0.0,-1.0,0.0,-1.0,37.415191650390625,36.415191650390625
440,110.0,75.53599548339844,-34.46400451660156,82.30692291259766,-27.693077087402344,105.13970947265625,-4.86029052734375
441,109.0,81.77029418945312,-27.229705810546875,88.95276641845703,-20.04723358154297,106.03191375732422,-2.9680862426757812
442,108.0,85.59783935546875,-22.40216064453125,89.87548065185547,-18.12451934814453,104.23882293701172,-3.7611770629882812
443,107.0,89.51094055175781,-17.489059448242188,93.88330841064453,-13.116691589355469,104.90382385253906,-2.0961761474609375
444,106.0,89.59220886230469,-16.407791137695312,94.52363586425781,-11.476364135742188,104.84500122070312,-1.154998779296875
445,105.0,85.3488540649414,-19.651145935058594,88.16731262207031,-16.832687377929688,102.34573364257812,-2.654266357421875
446,104.0,82.65409851074219,-21.345901489257812,83.02629852294922,-20.97370147705078,101.41676330566406,-2.5832366943359375
447,103.0,83.23854064941406,-19.761459350585938,84.7818832397461,-18.218116760253906,103.09873962402344,0.0987396240234375
448,102.0,82.3354721069336,-19.664527893066406,85.35977935791016,-16.640220642089844,103.50794982910156,1.5079498291015625
449,101.0,81.56482696533203,-19.43517303466797,88.20796966552734,-12.792030334472656,102.82269287109375,1.82269287109375
450,100.0,88.94017028808594,-11.059829711914062,98.80176544189453,-1.1982345581054688,105.572509765625,5.572509765625
451,99.0,86.54710388183594,-12.452896118164062,95.2033920288086,-3.7966079711914062,105.55465698242188,6.554656982421875
452,98.0,79.64872741699219,-18.351272583007812,81.90100860595703,-16.09899139404297,101.39342498779297,3.3934249877929688
453,97.0,77.0976333618164,-19.902366638183594,74.35073852539062,-22.649261474609375,100.40742492675781,3.4074249267578125
454,96.0,77.07018280029297,-18.92981719970703,72.04769134521484,-23.952308654785156,101.5025863647461,5.502586364746094
455,95.0,77.00276184082031,-17.997238159179688,76.07465362548828,-18.92534637451172,102.27052307128906,7.2705230712890625
456,94.0,76.37454223632812,-17.625457763671875,77.18022918701172,-16.81977081298828,102.27176666259766,8.271766662597656
457,93.0,76.19760131835938,-16.802398681640625,76.47132110595703,-16.52867889404297,102.34197998046875,9.34197998046875
458,92.0,76.92201232910156,-15.077987670898438,79.02835083007812,-12.971649169921875,101.8624496459961,9.862449645996094
459,91.0,76.8315200805664,-14.168479919433594,80.36763763427734,-10.632362365722656,100.70845031738281,9.708450317382812
460,90.0,77.12260437011719,-12.877395629882812,76.60721588134766,-13.392784118652344,100.34314727783203,10.343147277832031
461,89.0,78.39875030517578,-10.601249694824219,78.01685333251953,-10.983146667480469,102.07439422607422,13.074394226074219
462,88.0,76.31819152832031,-11.681808471679688,75.53337860107422,-12.466621398925781,101.45565032958984,13.455650329589844
463,87.0,73.35040283203125,-13.64959716796875,66.65160369873047,-20.34839630126953,98.21173095703125,11.21173095703125
464,86.0,70.39159393310547,-15.608406066894531,65.68413543701172,-20.31586456298828,98.9693603515625,12.9693603515625
465,85.0,74.4598388671875,-10.5401611328125,70.1180191040039,-14.881980895996094,99.7652359008789,14.765235900878906
466,84.0,80.95187377929688,-3.048126220703125,79.30530548095703,-4.694694519042969,100.63945770263672,16.63945770263672
467,83.0,81.03836822509766,-1.9616317749023438,80.22119140625,-2.77880859375,101.0911865234375,18.0911865234375
468,82.0,78.63279724121094,-3.3672027587890625,77.15030670166016,-4.849693298339844,100.77169036865234,18.771690368652344
469,81.0,78.37801361083984,-2.6219863891601562,74.98204040527344,-6.0179595947265625,99.510986328125,18.510986328125
470,80.0,79.36219787597656,-0.6378021240234375,76.1966323852539,-3.8033676147460938,99.19114685058594,19.191146850585938
471,79.0,80.81510925292969,1.8151092529296875,78.3399429321289,-0.6600570678710938,99.67643737792969,20.676437377929688
472,78.0,81.37053680419922,3.3705368041992188,81.32576751708984,3.3257675170898438,99.59105682373047,21.59105682373047
473,77.0,87.88784790039062,10.887847900390625,90.25221252441406,13.252212524414062,102.47964477539062,25.479644775390625
474,76.0,82.31116485595703,6.311164855957031,81.45738983154297,5.457389831542969,99.67152404785156,23.671524047851562
475,75.0,78.8486099243164,3.8486099243164062,74.3062515258789,-0.6937484741210938,96.0639877319336,21.063987731933594
476,74.0,84.5341567993164,10.534156799316406,81.59693145751953,7.596931457519531,99.27044677734375,25.27044677734375
477,73.0,81.63809204101562,8.638092041015625,80.05687713623047,7.056877136230469,98.3127670288086,25.312767028808594
478,72.0,78.76083374023438,6.760833740234375,75.84521484375,3.84521484375,97.74042510986328,25.74042510986328
479,71.0,77.24961853027344,6.2496185302734375,75.66522979736328,4.665229797363281,97.41736602783203,26.41736602783203
480,70.0,74.43099212646484,4.430992126464844,70.12322235107422,0.12322235107421875,95.5679931640625,25.5679931640625
481,69.0,72.86723327636719,3.8672332763671875,67.84097290039062,-1.159027099609375,95.74610900878906,26.746109008789062
482,68.0,67.4898910522461,-0.5101089477539062,63.64787673950195,-4.352123260498047,93.56339263916016,25.563392639160156
483,67.0,65.0953598022461,-1.9046401977539062,63.76052474975586,-3.2394752502441406,92.87682342529297,25.87682342529297
484,66.0,67.47624206542969,1.4762420654296875,69.06948852539062,3.069488525390625,96.23661804199219,30.236618041992188
485,65.0,60.779876708984375,-4.220123291015625,62.703346252441406,-2.2966537475585938,94.14823913574219,29.148239135742188
486,64.0,65.45074462890625,1.45074462890625,66.51952362060547,2.5195236206054688,95.17697143554688,31.176971435546875
487,63.0,70.88557434082031,7.8855743408203125,73.42310333251953,10.423103332519531,97.82247924804688,34.822479248046875
488,62.0,64.80770111083984,2.8077011108398438,66.55891418457031,4.5589141845703125,92.58563232421875,30.58563232421875
489,61.0,66.02403259277344,5.0240325927734375,65.96343994140625,4.96343994140625,91.37214660644531,30.372146606445312
490,60.0,58.39002990722656,-1.6099700927734375,58.51765441894531,-1.4823455810546875,91.51557922363281,31.515579223632812
491,59.0,53.76380157470703,-5.236198425292969,54.4687614440918,-4.531238555908203,89.04325866699219,30.043258666992188
492,58.0,53.80758285522461,-4.192417144775391,51.35048294067383,-6.649517059326172,87.28919982910156,29.289199829101562
493,57.0,45.611785888671875,-11.388214111328125,43.68320846557617,-13.316791534423828,80.95951843261719,23.959518432617188
494,56.0,45.69603729248047,-10.303962707519531,43.13603210449219,-12.863967895507812,78.86608123779297,22.86608123779297
495,55.0,46.7915153503418,-8.208484649658203,43.17107391357422,-11.828926086425781,80.41059875488281,25.410598754882812
496,54.0,42.018592834472656,-11.981407165527344,41.893245697021484,-12.106754302978516,77.3175048828125,23.3175048828125
497,53.0,40.914794921875,-12.085205078125,40.237125396728516,-12.762874603271484,73.66804504394531,20.668045043945312
498,52.0,44.0712776184082,-7.928722381591797,43.02942657470703,-8.970573425292969,74.50273132324219,22.502731323242188
499,51.0,42.04286193847656,-8.957138061523438,44.08711242675781,-6.9128875732421875,73.92967224121094,22.929672241210938
500,50.0,42.057430267333984,-7.942569732666016,42.70626449584961,-7.293735504150391,73.70584106445312,23.705841064453125
501,49.0,41.47644805908203,-7.523551940917969,42.39422607421875,-6.60577392578125,73.80809020996094,24.808090209960938
502,48.0,41.67836380004883,-6.321636199951172,45.296207427978516,-2.7037925720214844,71.58131408691406,23.581314086914062
503,47.0,40.49568176269531,-6.5043182373046875,42.94816207885742,-4.051837921142578,69.42500305175781,22.425003051757812
504,46.0,36.1729736328125,-9.8270263671875,39.54811096191406,-6.4518890380859375,64.7552490234375,18.7552490234375
505,45.0,40.597286224365234,-4.402713775634766,45.151546478271484,0.15154647827148438,65.48392486572266,20.483924865722656
506,44.0,43.68550109863281,-0.3144989013671875,49.58151626586914,5.581516265869141,69.52674865722656,25.526748657226562
507,43.0,42.392581939697266,-0.6074180603027344,53.972599029541016,10.972599029541016,72.60767364501953,29.60767364501953
508,42.0,42.90629959106445,0.9062995910644531,53.66792297363281,11.667922973632812,72.42109680175781,30.421096801757812
509,41.0,42.07899475097656,1.0789947509765625,55.22157669067383,14.221576690673828,71.69073486328125,30.69073486328125
510,40.0,36.68898391723633,-3.311016082763672,46.81241226196289,6.812412261962891,66.91332244873047,26.91332244873047
511,39.0,32.57097625732422,-6.429023742675781,37.453426361083984,-1.5465736389160156,57.7510871887207,18.751087188720703
512,38.0,34.54997253417969,-3.4500274658203125,36.06931686401367,-1.9306831359863281,55.95272445678711,17.95272445678711
513,37.0,34.67791748046875,-2.32208251953125,35.739803314208984,-1.2601966857910156,55.9616584777832,18.961658477783203
514,36.0,33.008689880371094,-2.9913101196289062,37.33647537231445,1.3364753723144531,56.15937805175781,20.159378051757812
515,35.0,31.720142364501953,-3.279857635498047,35.10495376586914,0.10495376586914062,53.565425872802734,18.565425872802734
516,34.0,32.307769775390625,-1.692230224609375,36.02507019042969,2.0250701904296875,53.92305374145508,19.923053741455078
517,33.0,31.890485763549805,-1.1095142364501953,38.149662017822266,5.149662017822266,54.05667495727539,21.05667495727539
518,32.0,26.622404098510742,-5.377595901489258,33.045928955078125,1.045928955078125,48.11972427368164,16.11972427368164
519,31.0,25.45427894592285,-5.545721054077148,28.710830688476562,-2.2891693115234375,42.120723724365234,11.120723724365234
520,30.0,23.97258758544922,-6.027412414550781,25.610755920410156,-4.389244079589844,39.15293502807617,9.152935028076172
521,29.0,21.70524787902832,-7.29475212097168,22.174070358276367,-6.825929641723633,36.49336624145508,7.493366241455078
522,28.0,19.629976272583008,-8.370023727416992,19.65721321105957,-8.34278678894043,33.35773468017578,5.357734680175781
523,27.0,16.457426071166992,-10.542573928833008,16.78504753112793,-10.21495246887207,28.63083839416504,1.630838394165039
524,26.0,21.48372459411621,-4.516275405883789,22.596900939941406,-3.4030990600585938,31.30674934387207,5.30674934387207
525,25.0,22.22764778137207,-2.7723522186279297,23.881370544433594,-1.1186294555664062,35.09479904174805,10.094799041748047
526,24.0,17.486295700073242,-6.513704299926758,19.18990707397461,-4.810092926025391,32.05442428588867,8.054424285888672
527,23.0,14.671749114990234,-8.328250885009766,16.47052001953125,-6.52947998046875,28.612581253051758,5.612581253051758
528,22.0,11.96590518951416,-10.03409481048584,13.75284194946289,-8.24715805053711,25.385438919067383,3.385438919067383
529,21.0,10.770342826843262,-10.229657173156738,12.95152759552002,-8.04847240447998,23.569334030151367,2.569334030151367
530,20.0,10.040121078491211,-9.959878921508789,12.945226669311523,-7.054773330688477,22.30422019958496,2.304220199584961
531,19.0,10.155158042907715,-8.844841957092285,10.909128189086914,-8.090871810913086,20.584636688232422,1.5846366882324219
532,18.0,16.622682571411133,-1.3773174285888672,12.604870796203613,-5.395129203796387,22.88990020751953,4.889900207519531
533,17.0,16.15154457092285,-0.8484554290771484,11.606157302856445,-5.393842697143555,23.29895782470703,6.298957824707031
534,16.0,13.698420524597168,-2.301579475402832,8.571659088134766,-7.428340911865234,22.422761917114258,6.422761917114258
535,15.0,10.948403358459473,-4.051596641540527,6.721649646759033,-8.278350830078125,23.963966369628906,8.963966369628906
536,14.0,6.312341213226318,-7.687658786773682,4.319955825805664,-9.680044174194336,25.71412467956543,11.71412467956543
537,13.0,9.142958641052246,-3.857041358947754,6.864481449127197,-6.135518550872803,34.39152526855469,21.391525268554688
538,12.0,8.794896125793457,-3.205103874206543,6.380053997039795,-5.619946002960205,40.7192268371582,28.719226837158203
539,11.0,6.907398700714111,-4.092601299285889,5.135076999664307,-5.864923000335693,40.30155563354492,29.301555633544922
540,10.0,3.2143149375915527,-6.785685062408447,3.3036983013153076,-6.696301460266113,38.7638053894043,28.763805389404297
541,9.0,0.41005492210388184,-8.589944839477539,2.6349618434906006,-6.36503791809082,37.851558685302734,28.851558685302734
542,8.0,1.7615817785263062,-6.238418102264404,3.3041534423828125,-4.6958465576171875,39.75504684448242,31.755046844482422
543,7.0,1.6925307512283325,-5.307469367980957,2.491194248199463,-4.508805751800537,40.41899871826172,33.41899871826172
544,6.0,0.0,-6.0,1.5290700197219849,-4.470930099487305,39.539676666259766,33.539676666259766
545,5.0,0.0,-5.0,1.545982837677002,-3.454017162322998,40.064090728759766,35.064090728759766
546,4.0,0.0,-4.0,0.21303895115852356,-3.786961078643799,37.03990173339844,33.03990173339844
547,3.0,0.0,-3.0,0.0,-3.0,34.102291107177734,31.102291107177734
548,2.0,0.0,-2.0,0.0,-2.0,34.233856201171875,32.233856201171875
549,1.0,0.0,-1.0,0.0,-1.0,32.00251007080078,31.00251007080078
550,110.0,85.65718841552734,-24.342811584472656,84.53902435302734,-25.460975646972656,106.96760559082031,-3.0323944091796875
551,109.0,82.58273315429688,-26.417266845703125,81.7609634399414,-27.239036560058594,105.87059020996094,-3.1294097900390625
552,108.0,80.76821899414062,-27.231781005859375,77.60028839111328,-30.39971160888672,105.51481628417969,-2.4851837158203125
553,107.0,83.51893615722656,-23.481063842773438,81.1548080444336,-25.845191955566406,106.49140930175781,-0.5085906982421875
554,106.0,84.81077575683594,-21.189224243164062,86.72406768798828,-19.27593231201172,106.74307250976562,0.743072509765625
555,105.0,83.60256958007812,-21.397430419921875,84.71240997314453,-20.28759002685547,106.51544189453125,1.51544189453125
556,104.0,82.3148193359375,-21.6851806640625,81.05130004882812,-22.948699951171875,106.36090087890625,2.36090087890625
557,103.0,82.03878021240234,-20.961219787597656,79.32894897460938,-23.671051025390625,106.16900634765625,3.16900634765625
558,102.0,80.5675048828125,-21.4324951171875,76.34520721435547,-25.65479278564453,105.84696960449219,3.8469696044921875
559,101.0,79.67282104492188,-21.327178955078125,73.95409393310547,-27.04590606689453,105.59613037109375,4.59613037109375
560,100.0,81.30033111572266,-18.699668884277344,78.2318344116211,-21.768165588378906,106.05058288574219,6.0505828857421875
561,99.0,77.22598266601562,-21.774017333984375,72.10602569580078,-26.89397430419922,105.04319763183594,6.0431976318359375
562,98.0,73.6999282836914,-24.300071716308594,63.3557014465332,-34.6442985534668,103.65045166015625,5.65045166015625
563,97.0,77.02497863769531,-19.975021362304688,66.7372817993164,-30.262718200683594,105.51644897460938,8.516448974609375
564,96.0,76.63573455810547,-19.36426544189453,66.66512298583984,-29.334877014160156,105.89221954345703,9.892219543457031
565,95.0,78.03414916992188,-16.965850830078125,71.65385437011719,-23.346145629882812,106.00614929199219,11.006149291992188
566,94.0,79.19722747802734,-14.802772521972656,76.38147735595703,-17.61852264404297,106.1756591796875,12.1756591796875
567,93.0,75.96637725830078,-17.03362274169922,72.55260467529297,-20.44739532470703,105.41273498535156,12.412734985351562
568,92.0,77.52691650390625,-14.47308349609375,74.1218032836914,-17.878196716308594,105.97752380371094,13.977523803710938
569,91.0,81.14736938476562,-9.852630615234375,81.95362091064453,-9.046379089355469,106.90736389160156,15.907363891601562
570,90.0,82.14468383789062,-7.855316162109375,85.58979034423828,-4.410209655761719,106.84210205078125,16.84210205078125
571,89.0,82.38575744628906,-6.6142425537109375,87.9815444946289,-1.0184555053710938,106.69818115234375,17.69818115234375
572,88.0,77.78097534179688,-10.219024658203125,83.04747772216797,-4.952522277832031,105.29403686523438,17.294036865234375
573,87.0,74.99754333496094,-12.002456665039062,76.3675765991211,-10.632423400878906,104.64181518554688,17.641815185546875
574,86.0,75.84913635253906,-10.150863647460938,77.13484191894531,-8.865158081054688,105.6225357055664,19.622535705566406
575,85.0,72.7494125366211,-12.250587463378906,71.87102508544922,-13.128974914550781,104.94625854492188,19.946258544921875
576,84.0,68.8873291015625,-15.1126708984375,60.91843795776367,-23.081562042236328,103.51533508300781,19.515335083007812
577,83.0,70.32360076904297,-12.676399230957031,63.46356201171875,-19.53643798828125,104.43417358398438,21.434173583984375
578,82.0,75.36798095703125,-6.63201904296875,69.2005386352539,-12.799461364746094,106.20661163330078,24.20661163330078
579,81.0,73.24441528320312,-7.755584716796875,67.12982940673828,-13.870170593261719,105.39501953125,24.39501953125
580,80.0,72.56951904296875,-7.43048095703125,67.60882568359375,-12.39117431640625,104.67195892333984,24.671958923339844
581,79.0,70.34683227539062,-8.653167724609375,65.93495178222656,-13.065048217773438,103.9821548461914,24.982154846191406
582,78.0,71.34565734863281,-6.6543426513671875,67.2118148803711,-10.788185119628906,104.52891540527344,26.528915405273438
583,77.0,72.17063903808594,-4.8293609619140625,71.235595703125,-5.764404296875,105.3058853149414,28.305885314941406
584,76.0,68.35592651367188,-7.644073486328125,66.40399932861328,-9.596000671386719,103.84249114990234,27.842491149902344
585,75.0,71.53083038330078,-3.4691696166992188,69.19265747070312,-5.807342529296875,104.43081665039062,29.430816650390625
586,74.0,78.60951232910156,4.6095123291015625,79.27190399169922,5.271903991699219,106.5830307006836,32.583030700683594
587,73.0,78.25337219238281,5.2533721923828125,81.26604461669922,8.266044616699219,105.87937927246094,32.87937927246094
588,72.0,75.37940979003906,3.3794097900390625,78.10709381103516,6.107093811035156,104.45789337158203,32.45789337158203
589,71.0,74.04739379882812,3.047393798828125,75.84111022949219,4.8411102294921875,103.78694915771484,32.786949157714844
590,70.0,70.86105346679688,0.861053466796875,72.52275848388672,2.5227584838867188,103.22314453125,33.22314453125
591,69.0,66.35397338867188,-2.646026611328125,66.84068298339844,-2.1593170166015625,102.72533416748047,33.72533416748047
592,68.0,63.26026916503906,-4.7397308349609375,63.32209396362305,-4.677906036376953,102.7497329711914,34.749732971191406
593,67.0,59.487022399902344,-7.512977600097656,60.72087478637695,-6.279125213623047,101.88642120361328,34.88642120361328
594,66.0,59.783348083496094,-6.216651916503906,61.662044525146484,-4.337955474853516,102.408203125,36.408203125
595,65.0,65.27450561523438,0.274505615234375,68.34493255615234,3.3449325561523438,104.75752258300781,39.75752258300781
596,64.0,64.36799621582031,0.3679962158203125,66.8284912109375,2.8284912109375,104.18197631835938,40.181976318359375
597,63.0,67.37066650390625,4.37066650390625,69.62609100341797,6.626091003417969,103.7787094116211,40.778709411621094
598,62.0,75.53620147705078,13.536201477050781,78.30413055419922,16.30413055419922,105.19990539550781,43.19990539550781
599,61.0,76.39641571044922,15.396415710449219,78.65560150146484,17.655601501464844,104.99951934814453,43.99951934814453
600,60.0,76.40443420410156,16.404434204101562,78.58539581298828,18.58539581298828,104.59007263183594,44.59007263183594
601,59.0,75.52276611328125,16.52276611328125,79.08443450927734,20.084434509277344,103.5080337524414,44.508033752441406
602,58.0,76.41423797607422,18.41423797607422,82.60086059570312,24.600860595703125,103.62916564941406,45.62916564941406
603,57.0,74.26421356201172,17.26421356201172,79.79484558105469,22.794845581054688,102.67041015625,45.67041015625
604,56.0,66.90756225585938,10.907562255859375,70.99823760986328,14.998237609863281,100.21923828125,44.21923828125
605,55.0,55.78756332397461,0.7875633239746094,56.46580123901367,1.4658012390136719,96.92091369628906,41.92091369628906
606,54.0,54.57203674316406,0.5720367431640625,54.579742431640625,0.579742431640625,97.86648559570312,43.866485595703125
607,53.0,53.363990783691406,0.36399078369140625,55.49884796142578,2.4988479614257812,99.53459167480469,46.53459167480469
608,52.0,54.364990234375,2.364990234375,58.3315315246582,6.331531524658203,99.85411071777344,47.85411071777344
609,51.0,54.767127990722656,3.7671279907226562,58.769935607910156,7.769935607910156,100.03441619873047,49.03441619873047
610,50.0,57.409942626953125,7.409942626953125,60.11680221557617,10.116802215576172,99.1855239868164,49.185523986816406
611,49.0,54.380882263183594,5.380882263183594,52.20503234863281,3.2050323486328125,96.81256103515625,47.81256103515625
612,48.0,52.68311309814453,4.683113098144531,48.316707611083984,0.3167076110839844,95.2947769165039,47.294776916503906
613,47.0,51.88008499145508,4.880084991455078,47.49068832397461,0.4906883239746094,95.11199951171875,48.11199951171875
614,46.0,55.937217712402344,9.937217712402344,51.42509078979492,5.425090789794922,95.48704528808594,49.48704528808594
615,45.0,58.659767150878906,13.659767150878906,56.572017669677734,11.572017669677734,97.12783813476562,52.127838134765625
616,44.0,60.29078674316406,16.290786743164062,58.79384994506836,14.79384994506836,96.73141479492188,52.731414794921875
617,43.0,61.92361068725586,18.92361068725586,60.5864372253418,17.586437225341797,95.49308776855469,52.49308776855469
618,42.0,67.99663543701172,25.99663543701172,68.76016998291016,26.760169982910156,96.2107162475586,54.210716247558594
619,41.0,70.21980285644531,29.219802856445312,71.02265930175781,30.022659301757812,96.68437957763672,55.68437957763672
620,40.0,67.92372131347656,27.923721313476562,67.1406021118164,27.140602111816406,96.05368041992188,56.053680419921875
621,39.0,70.44322967529297,31.44322967529297,67.62059783935547,28.62059783935547,96.75331115722656,57.75331115722656
622,38.0,58.85059356689453,20.85059356689453,56.81273651123047,18.81273651123047,91.04696655273438,53.046966552734375
623,37.0,55.632049560546875,18.632049560546875,52.88459777832031,15.884597778320312,86.0296401977539,49.029640197753906
624,36.0,57.4987678527832,21.498767852783203,54.0309944152832,18.030994415283203,87.1170654296875,51.1170654296875
625,35.0,54.25777816772461,19.25777816772461,57.536739349365234,22.536739349365234,87.73738098144531,52.73738098144531
626,34.0,51.684532165527344,17.684532165527344,51.958091735839844,17.958091735839844,86.35884857177734,52.358848571777344
627,33.0,46.984962463378906,13.984962463378906,45.939151763916016,12.939151763916016,82.73487091064453,49.73487091064453
628,32.0,45.306663513183594,13.306663513183594,41.54109573364258,9.541095733642578,79.01969909667969,47.01969909667969
629,31.0,45.402889251708984,14.402889251708984,39.97563552856445,8.975635528564453,77.92144775390625,46.92144775390625
630,30.0,43.72084045410156,13.720840454101562,40.53792953491211,10.53792953491211,76.35101318359375,46.35101318359375
631,29.0,42.628761291503906,13.628761291503906,38.62529373168945,9.625293731689453,74.28071594238281,45.28071594238281
632,28.0,44.50318908691406,16.503189086914062,37.944210052490234,9.944210052490234,73.61387634277344,45.61387634277344
633,27.0,42.249244689941406,15.249244689941406,38.50065231323242,11.500652313232422,71.81190490722656,44.81190490722656
634,26.0,35.740142822265625,9.740142822265625,32.295467376708984,6.295467376708984,64.48341369628906,38.48341369628906
635,25.0,26.27506446838379,1.275064468383789,22.418224334716797,-2.581775665283203,50.53486251831055,25.534862518310547
636,24.0,28.248876571655273,4.248876571655273,22.835006713867188,-1.1649932861328125,44.205482482910156,20.205482482910156
637,23.0,27.3867244720459,4.386724472045898,22.93218421936035,-0.06781578063964844,43.14773178100586,20.14773178100586
638,22.0,30.846782684326172,8.846782684326172,27.334392547607422,5.334392547607422,46.07664489746094,24.076644897460938
639,21.0,36.14207458496094,15.142074584960938,34.2788200378418,13.278820037841797,53.29938888549805,32.29938888549805
640,20.0,25.14743995666504,5.147439956665039,26.274003982543945,6.274003982543945,46.279354095458984,26.279354095458984
641,19.0,21.065519332885742,2.065519332885742,20.820425033569336,1.820425033569336,38.96206283569336,19.96206283569336
642,18.0,24.482738494873047,6.482738494873047,23.54718017578125,5.54718017578125,38.9443244934082,20.944324493408203
643,17.0,19.461164474487305,2.4611644744873047,19.363037109375,2.363037109375,35.1874885559082,18.187488555908203
644,16.0,10.241310119628906,-5.758689880371094,12.13094711303711,-3.8690528869628906,26.461956024169922,10.461956024169922
645,15.0,7.62266206741333,-7.37733793258667,10.681696891784668,-4.318303108215332,23.4843807220459,8.484380722045898
646,14.0,11.313382148742676,-2.686617851257324,13.087862968444824,-0.9121370315551758,26.212369918823242,12.212369918823242
647,13.0,8.334447860717773,-4.665552139282227,10.677409172058105,-2.3225908279418945,26.619709014892578,13.619709014892578
648,12.0,5.9540486335754395,-6.0459513664245605,8.445913314819336,-3.554086685180664,31.02495002746582,19.02495002746582
649,11.0,6.305276393890381,-4.694723606109619,8.2166166305542,-2.783383369445801,36.212646484375,25.212646484375
650,10.0,2.738888740539551,-7.261111259460449,4.806304931640625,-5.193695068359375,37.73479080200195,27.734790802001953
651,9.0,1.0098764896392822,-7.990123748779297,2.605388641357422,-6.394611358642578,39.73533248901367,30.735332489013672
652,8.0,3.3382158279418945,-4.6617841720581055,2.3354742527008057,-5.664525985717773,43.425148010253906,35.425148010253906
653,7.0,5.758578777313232,-1.2414212226867676,3.433990955352783,-3.566009044647217,48.1298942565918,41.1298942565918
654,6.0,4.1564555168151855,-1.8435444831848145,2.047987937927246,-3.952012062072754,48.681907653808594,42.681907653808594
655,5.0,0.0,-5.0,0.0,-5.0,42.70512008666992,37.70512008666992
656,4.0,0.0,-4.0,0.0,-4.0,40.9586296081543,36.9586296081543
657,3.0,0.0,-3.0,0.0,-3.0,40.94482421875,37.94482421875
658,2.0,0.0,-2.0,0.0,-2.0,38.66831970214844,36.66831970214844
659,1.0,0.0,-1.0,0.0,-1.0,40.52342224121094,39.52342224121094
660,110.0,72.8052978515625,-37.1947021484375,82.21271514892578,-27.78728485107422,105.34761810302734,-4.652381896972656
661,109.0,76.04673767089844,-32.95326232910156,78.80167388916016,-30.198326110839844,104.91483306884766,-4.085166931152344
662,108.0,78.8115005493164,-29.188499450683594,80.06132507324219,-27.938674926757812,104.12135314941406,-3.8786468505859375
663,107.0,84.98851013183594,-22.011489868164062,86.1293716430664,-20.870628356933594,104.0568618774414,-2.9431381225585938
664,106.0,89.57119750976562,-16.428802490234375,91.00978088378906,-14.990219116210938,105.07978820800781,-0.9202117919921875
665,105.0,88.99461364746094,-16.005386352539062,87.12837982177734,-17.871620178222656,104.95970916748047,-0.04029083251953125
666,104.0,87.21492004394531,-16.785079956054688,85.27167510986328,-18.72832489013672,102.75961303710938,-1.240386962890625
667,103.0,88.16183471679688,-14.838165283203125,87.65267181396484,-15.347328186035156,101.93631744384766,-1.0636825561523438
668,102.0,88.80589294433594,-13.194107055664062,90.15140533447266,-11.848594665527344,102.84595489501953,0.8459548950195312
669,101.0,85.40483856201172,-15.595161437988281,87.58238220214844,-13.417617797851562,102.62478637695312,1.624786376953125
670,100.0,86.70976257324219,-13.290237426757812,91.47972869873047,-8.520271301269531,103.14231872558594,3.1423187255859375
671,99.0,87.64305114746094,-11.356948852539062,98.81243133544922,-0.18756866455078125,105.07804870605469,6.0780487060546875
672,98.0,83.49325561523438,-14.506744384765625,89.56736755371094,-8.432632446289062,103.38951110839844,5.3895111083984375
673,97.0,79.58306884765625,-17.41693115234375,73.3294906616211,-23.670509338378906,100.92797088623047,3.9279708862304688
674,96.0,74.41921997070312,-21.580780029296875,60.24338912963867,-35.75661087036133,98.1985855102539,2.1985855102539062
675,95.0,68.99662780761719,-26.003372192382812,54.9059944152832,-40.0940055847168,95.94210815429688,0.942108154296875
676,94.0,73.26586151123047,-20.73413848876953,61.37421798706055,-32.62578201293945,98.57707214355469,4.5770721435546875
677,93.0,75.98576354980469,-17.014236450195312,65.94819641113281,-27.051803588867188,101.06332397460938,8.063323974609375
678,92.0,73.02410125732422,-18.97589874267578,64.41202545166016,-27.587974548339844,100.56185913085938,8.561859130859375
679,91.0,74.2022933959961,-16.797706604003906,67.9130630493164,-23.086936950683594,99.00191497802734,8.001914978027344
680,90.0,80.58863830566406,-9.411361694335938,74.3566665649414,-15.643333435058594,99.6822509765625,9.6822509765625
681,89.0,83.50689697265625,-5.49310302734375,77.67833709716797,-11.321662902832031,101.67394256591797,12.673942565917969
682,88.0,84.46217346191406,-3.5378265380859375,78.53927612304688,-9.460723876953125,102.14225769042969,14.142257690429688
683,87.0,85.09184265136719,-1.9081573486328125,81.386962890625,-5.613037109375,101.31672668457031,14.316726684570312
684,86.0,84.17898559570312,-1.821014404296875,80.052001953125,-5.947998046875,99.81916809082031,13.819168090820312
685,85.0,85.48193359375,0.48193359375,81.60193634033203,-3.3980636596679688,99.6273193359375,14.6273193359375
686,84.0,91.27398681640625,7.27398681640625,91.3755111694336,7.375511169433594,102.06971740722656,18.069717407226562
687,83.0,91.18544006347656,8.185440063476562,93.01055908203125,10.01055908203125,102.078857421875,19.078857421875
688,82.0,87.76887512207031,5.7688751220703125,92.73101043701172,10.731010437011719,99.5456771850586,17.545677185058594
689,81.0,87.3102798461914,6.310279846191406,91.09784698486328,10.097846984863281,99.39392852783203,18.39392852783203
690,80.0,83.66304779052734,3.6630477905273438,81.70006561279297,1.7000656127929688,98.6367416381836,18.636741638183594
691,79.0,83.01915740966797,4.019157409667969,79.8916244506836,0.8916244506835938,99.51412963867188,20.514129638671875
692,78.0,82.11431884765625,4.11431884765625,83.56626892089844,5.5662689208984375,99.28778839111328,21.28778839111328
693,77.0,78.3043212890625,1.3043212890625,78.24956512451172,1.2495651245117188,96.09416198730469,19.094161987304688
694,76.0,70.90470123291016,-5.095298767089844,64.2321548461914,-11.767845153808594,94.09591674804688,18.095916748046875
695,75.0,71.24617767333984,-3.7538223266601562,64.49459075927734,-10.505409240722656,97.18536376953125,22.18536376953125
696,74.0,78.21897888183594,4.2189788818359375,74.69677734375,0.69677734375,101.61902618408203,27.61902618408203
697,73.0,76.63633728027344,3.6363372802734375,73.34684753417969,0.3468475341796875,99.35955047607422,26.35955047607422
698,72.0,74.80016326904297,2.8001632690429688,70.13349151611328,-1.8665084838867188,95.41161346435547,23.41161346435547
699,71.0,79.47340393066406,8.473403930664062,77.09249877929688,6.092498779296875,98.39341735839844,27.393417358398438
700,70.0,79.16656494140625,9.16656494140625,78.55603790283203,8.556037902832031,99.34645080566406,29.346450805664062
701,69.0,76.27045440673828,7.270454406738281,74.67595672607422,5.675956726074219,96.16482543945312,27.164825439453125
702,68.0,68.09193420410156,0.0919342041015625,67.97795867919922,-0.02204132080078125,90.69769287109375,22.69769287109375
703,67.0,60.375152587890625,-6.624847412109375,53.08026885986328,-13.919731140136719,86.53219604492188,19.532196044921875
704,66.0,52.218841552734375,-13.781158447265625,47.520782470703125,-18.479217529296875,84.60353088378906,18.603530883789062
705,65.0,52.640052795410156,-12.359947204589844,49.374385833740234,-15.625614166259766,84.75846862792969,19.758468627929688
706,64.0,53.77307891845703,-10.226921081542969,52.28715896606445,-11.712841033935547,86.76802062988281,22.768020629882812
707,63.0,57.35533142089844,-5.6446685791015625,63.047828674316406,0.04782867431640625,89.8831787109375,26.8831787109375
708,62.0,64.61674499511719,2.6167449951171875,69.66133880615234,7.661338806152344,93.85395050048828,31.85395050048828
709,61.0,55.28458786010742,-5.715412139892578,56.76591110229492,-4.234088897705078,88.83551025390625,27.83551025390625
710,60.0,54.60481262207031,-5.3951873779296875,49.44331741333008,-10.556682586669922,85.63457489013672,25.63457489013672
711,59.0,61.20287322998047,2.2028732299804688,63.40974426269531,4.4097442626953125,90.21672821044922,31.21672821044922
712,58.0,62.96875762939453,4.968757629394531,69.98806762695312,11.988067626953125,91.78881072998047,33.78881072998047
713,57.0,56.34659194946289,-0.6534080505371094,56.41792678833008,-0.5820732116699219,88.96624755859375,31.96624755859375
714,56.0,54.10523223876953,-1.8947677612304688,53.34158706665039,-2.6584129333496094,86.31227111816406,30.312271118164062
715,55.0,53.27947998046875,-1.72052001953125,58.54664993286133,3.546649932861328,83.91190338134766,28.911903381347656
716,54.0,50.02114486694336,-3.9788551330566406,57.35192108154297,3.3519210815429688,81.76725769042969,27.767257690429688
717,53.0,47.64060974121094,-5.3593902587890625,51.04659652709961,-1.9534034729003906,79.91740417480469,26.917404174804688
718,52.0,41.533851623535156,-10.466148376464844,40.83809280395508,-11.161907196044922,74.01173400878906,22.011734008789062
719,51.0,37.208587646484375,-13.791412353515625,32.56898498535156,-18.431015014648438,66.23654174804688,15.236541748046875
720,50.0,39.70238494873047,-10.297615051269531,34.61997604370117,-15.380023956298828,64.63238525390625,14.63238525390625
721,49.0,43.365177154541016,-5.634822845458984,39.02018356323242,-9.979816436767578,66.62581634521484,17.625816345214844
722,48.0,43.262367248535156,-4.737632751464844,40.29548645019531,-7.7045135498046875,68.81629943847656,20.816299438476562
723,47.0,43.39210891723633,-3.607891082763672,44.35712432861328,-2.6428756713867188,70.75277709960938,23.752777099609375
724,46.0,44.6433219909668,-1.3566780090332031,46.116092681884766,0.11609268188476562,72.88005065917969,26.880050659179688
725,45.0,40.71421813964844,-4.2857818603515625,39.442562103271484,-5.557437896728516,69.9837875366211,24.983787536621094
726,44.0,37.55559539794922,-6.444404602050781,36.6134033203125,-7.3865966796875,65.91075134277344,21.910751342773438
727,43.0,46.906593322753906,3.9065933227539062,46.25590133666992,3.255901336669922,70.99795532226562,27.997955322265625
728,42.0,41.935516357421875,-0.064483642578125,44.71986770629883,2.719867706298828,70.70059967041016,28.700599670410156
729,41.0,38.71711730957031,-2.2828826904296875,38.96928024291992,-2.030719757080078,65.70161437988281,24.701614379882812
730,40.0,38.89781951904297,-1.1021804809570312,36.844173431396484,-3.1558265686035156,64.42076110839844,24.420761108398438
731,39.0,29.85416603088379,-9.145833969116211,28.671430587768555,-10.328569412231445,55.929115295410156,16.929115295410156
732,38.0,23.109163284301758,-14.890836715698242,22.181447982788086,-15.818552017211914,45.34065628051758,7.340656280517578
733,37.0,20.418832778930664,-16.581167221069336,19.32229995727539,-17.67770004272461,38.064056396484375,1.064056396484375
734,36.0,22.269582748413086,-13.730417251586914,21.208539962768555,-14.791460037231445,36.33162307739258,0.3316230773925781
735,35.0,26.557390213012695,-8.442609786987305,25.605051040649414,-9.394948959350586,39.548797607421875,4.548797607421875
736,34.0,31.269329071044922,-2.730670928955078,28.798412322998047,-5.201587677001953,44.83668518066406,10.836685180664062
737,33.0,29.174036026000977,-3.8259639739990234,27.848203659057617,-5.151796340942383,45.85386657714844,12.853866577148438
738,32.0,25.595535278320312,-6.4044647216796875,24.60055923461914,-7.399440765380859,41.71889877319336,9.71889877319336
739,31.0,27.218551635742188,-3.7814483642578125,26.956588745117188,-4.0434112548828125,42.341705322265625,11.341705322265625
740,30.0,23.745956420898438,-6.2540435791015625,24.636857986450195,-5.363142013549805,39.71340560913086,9.71340560913086
741,29.0,14.788103103637695,-14.211896896362305,16.315458297729492,-12.684541702270508,30.96600341796875,1.96600341796875
742,28.0,16.922273635864258,-11.077726364135742,18.005475997924805,-9.994524002075195,31.273303985595703,3.273303985595703
743,27.0,21.120004653930664,-5.879995346069336,23.240650177001953,-3.759349822998047,35.83241653442383,8.832416534423828
744,26.0,19.635873794555664,-6.364126205444336,22.349294662475586,-3.650705337524414,36.48046875,10.48046875
745,25.0,16.30746078491211,-8.69253921508789,16.472633361816406,-8.527366638183594,34.427879333496094,9.427879333496094
746,24.0,14.957768440246582,-9.042231559753418,15.865302085876465,-8.134697914123535,33.80470657348633,9.804706573486328
747,23.0,15.832609176635742,-7.167390823364258,17.21358299255371,-5.786417007446289,33.186946868896484,10.186946868896484
748,22.0,10.685036659240723,-11.314963340759277,13.432199478149414,-8.567800521850586,29.25672149658203,7.256721496582031
749,21.0,10.744165420532227,-10.255834579467773,13.529104232788086,-7.470895767211914,29.808134078979492,8.808134078979492
750,20.0,9.468645095825195,-10.531354904174805,11.34527587890625,-8.65472412109375,31.68145751953125,11.68145751953125
751,19.0,5.62092924118042,-13.379070281982422,7.5890913009643555,-11.410908699035645,31.137981414794922,12.137981414794922
752,18.0,5.213076114654541,-12.786924362182617,6.117268085479736,-11.882732391357422,33.489009857177734,15.489009857177734
753,17.0,3.7068238258361816,-13.293176651000977,5.001835346221924,-11.998165130615234,35.9044303894043,18.904430389404297
754,16.0,3.6078405380249023,-12.392159461975098,4.346507549285889,-11.653491973876953,38.29883575439453,22.29883575439453
755,15.0,8.139625549316406,-6.860374450683594,5.7225751876831055,-9.277424812316895,44.20536804199219,29.205368041992188
756,14.0,8.758101463317871,-5.241898536682129,5.2330241203308105,-8.766975402832031,48.27225875854492,34.27225875854492
757,13.0,11.589698791503906,-1.4103012084960938,6.782552242279053,-6.217447757720947,53.83625411987305,40.83625411987305
758,12.0,19.80708885192871,7.807088851928711,10.308638572692871,-1.691361427307129,64.22154998779297,52.22154998779297
759,11.0,11.765044212341309,0.7650442123413086,5.863180160522461,-5.136819839477539,59.11247253417969,48.11247253417969
760,10.0,2.3256492614746094,-7.674350738525391,1.740993857383728,-8.25900650024414,45.1967658996582,35.1967658996582
761,9.0,0.0,-9.0,0.0,-9.0,38.53213882446289,29.53213882446289
762,8.0,0.4903138279914856,-7.50968599319458,0.9310575723648071,-7.068942546844482,40.6147575378418,32.6147575378418
763,7.0,0.27194342017173767,-6.72805643081665,0.0554104745388031,-6.944589614868164,42.929386138916016,35.929386138916016
764,6.0,0.0,-6.0,0.0,-6.0,43.34977340698242,37.34977340698242
765,5.0,0.6902876496315002,-4.3097124099731445,0.6702965497970581,-4.329703330993652,47.5153694152832,42.5153694152832
766,4.0,0.0,-4.0,0.0,-4.0,46.76237106323242,42.76237106323242
767,3.0,0.0,-3.0,0.0,-3.0,46.2115478515625,43.2115478515625
768,2.0,0.0,-2.0,0.0,-2.0,46.86307907104492,44.86307907104492
769,1.0,0.0,-1.0,0.0,-1.0,41.562469482421875,40.562469482421875
770,110.0,57.94165802001953,-52.05834197998047,63.99724197387695,-46.00275802612305,87.612548828125,-22.387451171875
771,109.0,66.13339233398438,-42.866607666015625,73.76966094970703,-35.23033905029297,94.36305236816406,-14.636947631835938
772,108.0,68.0879135131836,-39.912086486816406,77.1976547241211,-30.802345275878906,96.59164428710938,-11.408355712890625
773,107.0,59.07618713378906,-47.92381286621094,64.14250946044922,-42.85749053955078,91.35689544677734,-15.643104553222656
774,106.0,54.71367645263672,-51.28632354736328,59.76652145385742,-46.23347854614258,85.81414031982422,-20.18585968017578
775,105.0,52.41339874267578,-52.58660125732422,57.18109130859375,-47.81890869140625,83.40665435791016,-21.593345642089844
776,104.0,48.34670639038086,-55.65329360961914,46.21323013305664,-57.78676986694336,81.60769653320312,-22.392303466796875
777,103.0,51.919498443603516,-51.080501556396484,50.186275482177734,-52.813724517822266,83.40264892578125,-19.59735107421875
778,102.0,54.9423942565918,-47.0576057434082,61.74950408935547,-40.25049591064453,86.07962799072266,-15.920372009277344
779,101.0,48.191383361816406,-52.808616638183594,57.80720138549805,-43.19279861450195,82.17257690429688,-18.827423095703125
780,100.0,50.50859832763672,-49.49140167236328,56.92020034790039,-43.07979965209961,81.04007720947266,-18.959922790527344
781,99.0,54.278541564941406,-44.721458435058594,63.42189407348633,-35.57810592651367,84.65510559082031,-14.344894409179688
782,98.0,51.75585174560547,-46.24414825439453,65.24114227294922,-32.75885772705078,83.97431945800781,-14.025680541992188
783,97.0,46.80979919433594,-50.19020080566406,57.07424545288086,-39.92575454711914,79.30766296386719,-17.692337036132812
784,96.0,44.01953125,-51.98046875,49.29110336303711,-46.70889663696289,75.47067260742188,-20.529327392578125
785,95.0,47.46134948730469,-47.53865051269531,49.02973175048828,-45.97026824951172,77.0313720703125,-17.9686279296875
786,94.0,57.92364501953125,-36.07635498046875,66.52721405029297,-27.47278594970703,86.06057739257812,-7.939422607421875
787,93.0,49.492610931396484,-43.507389068603516,66.1707992553711,-26.829200744628906,84.5819091796875,-8.4180908203125
788,92.0,50.278709411621094,-41.721290588378906,65.5799331665039,-26.420066833496094,81.63594055175781,-10.364059448242188
789,91.0,57.92607116699219,-33.07392883300781,72.45147705078125,-18.54852294921875,86.07035827636719,-4.9296417236328125
790,90.0,50.06112289428711,-39.93887710571289,67.9707260131836,-22.029273986816406,83.28842163085938,-6.711578369140625
791,89.0,49.79985809326172,-39.20014190673828,62.491336822509766,-26.508663177490234,79.96875,-9.03125
792,88.0,46.36860275268555,-41.63139724731445,53.7273063659668,-34.2726936340332,77.28253173828125,-10.71746826171875
793,87.0,47.63634490966797,-39.36365509033203,55.56157302856445,-31.438426971435547,76.03807067871094,-10.961929321289062
794,86.0,48.010467529296875,-37.989532470703125,56.0794792175293,-29.920520782470703,75.90665435791016,-10.093345642089844
795,85.0,46.17247772216797,-38.82752227783203,55.18735885620117,-29.812641143798828,76.06147766113281,-8.938522338867188
796,84.0,55.846317291259766,-28.153682708740234,65.59727478027344,-18.402725219726562,83.63819885253906,-0.3618011474609375
797,83.0,54.4052848815918,-28.594715118408203,69.32939910888672,-13.670600891113281,86.88566589355469,3.8856658935546875
798,82.0,45.65593338012695,-36.34406661987305,59.96207046508789,-22.03792953491211,79.95526885986328,-2.0447311401367188
799,81.0,46.63813781738281,-34.36186218261719,55.037288665771484,-25.962711334228516,77.01393127441406,-3.9860687255859375
800,80.0,43.24195861816406,-36.75804138183594,45.21010971069336,-34.78989028930664,73.34073638916016,-6.659263610839844
801,79.0,41.94307327270508,-37.05692672729492,47.42816925048828,-31.57183074951172,70.40394592285156,-8.596054077148438
802,78.0,45.618221282958984,-32.381778717041016,51.77308654785156,-26.226913452148438,71.82504272460938,-6.174957275390625
803,77.0,45.1065673828125,-31.8934326171875,53.53982162475586,-23.46017837524414,73.5623550415039,-3.4376449584960938
804,76.0,46.679439544677734,-29.320560455322266,57.052757263183594,-18.947242736816406,77.01274108886719,1.0127410888671875
805,75.0,51.560977935791016,-23.439022064208984,64.287841796875,-10.712158203125,80.7639389038086,5.763938903808594
806,74.0,43.352020263671875,-30.647979736328125,60.20564651489258,-13.794353485107422,77.36451721191406,3.3645172119140625
807,73.0,46.67027282714844,-26.329727172851562,59.906253814697266,-13.093746185302734,75.81581115722656,2.8158111572265625
808,72.0,42.35901641845703,-29.64098358154297,54.154869079589844,-17.845130920410156,72.58586120605469,0.5858612060546875
809,71.0,37.313697814941406,-33.686302185058594,43.633174896240234,-27.366825103759766,64.79177856445312,-6.208221435546875
810,70.0,38.450233459472656,-31.549766540527344,41.970054626464844,-28.029945373535156,63.35842514038086,-6.641574859619141
811,69.0,36.57568359375,-32.42431640625,38.64878463745117,-30.351215362548828,60.07583999633789,-8.92416000366211
812,68.0,37.54621124267578,-30.45378875732422,39.1098747253418,-28.890125274658203,58.80449295043945,-9.195507049560547
813,67.0,42.76024627685547,-24.23975372314453,47.699310302734375,-19.300689697265625,65.07472229003906,-1.9252777099609375
814,66.0,40.134498596191406,-25.865501403808594,46.990928649902344,-19.009071350097656,66.6116943359375,0.6116943359375
815,65.0,36.10026550292969,-28.899734497070312,42.985557556152344,-22.014442443847656,63.22876739501953,-1.7712326049804688
816,64.0,34.67654037475586,-29.32345962524414,37.77228927612305,-26.227710723876953,58.376468658447266,-5.623531341552734
817,63.0,36.170654296875,-26.829345703125,38.85591125488281,-24.144088745117188,57.40166091918945,-5.598339080810547
818,62.0,30.735078811645508,-31.264921188354492,34.125789642333984,-27.874210357666016,51.760135650634766,-10.239864349365234
819,61.0,35.15892028808594,-25.841079711914062,39.24174880981445,-21.758251190185547,51.516971588134766,-9.483028411865234
820,60.0,35.81926727294922,-24.18073272705078,41.817359924316406,-18.182640075683594,54.25754928588867,-5.742450714111328
821,59.0,29.30245018005371,-29.69754981994629,36.07400131225586,-22.92599868774414,48.752777099609375,-10.247222900390625
822,58.0,28.93458366394043,-29.06541633605957,33.76984405517578,-24.23015594482422,45.30624008178711,-12.69375991821289
823,57.0,25.913389205932617,-31.086610794067383,30.117828369140625,-26.882171630859375,40.65468215942383,-16.345317840576172
824,56.0,28.18817710876465,-27.81182289123535,31.30799674987793,-24.69200325012207,39.89306640625,-16.10693359375
825,55.0,29.418149948120117,-25.581850051879883,33.52174377441406,-21.478256225585938,41.70966720581055,-13.290332794189453
826,54.0,31.907672882080078,-22.092327117919922,39.64045333862305,-14.359546661376953,47.33487319946289,-6.665126800537109
827,53.0,32.23589324951172,-20.76410675048828,40.18113327026367,-12.818866729736328,51.11232376098633,-1.8876762390136719
828,52.0,29.345218658447266,-22.654781341552734,36.76687240600586,-15.23312759399414,49.18146896362305,-2.818531036376953
829,51.0,31.513826370239258,-19.486173629760742,37.69316101074219,-13.306838989257812,51.322479248046875,0.322479248046875
830,50.0,27.030601501464844,-22.969398498535156,32.36433410644531,-17.635665893554688,47.37422180175781,-2.6257781982421875
831,49.0,31.82379722595215,-17.17620277404785,36.052398681640625,-12.947601318359375,47.22706985473633,-1.7729301452636719
832,48.0,28.847848892211914,-19.152151107788086,35.757144927978516,-12.242855072021484,46.47705078125,-1.52294921875
833,47.0,22.856016159057617,-24.143983840942383,27.61248779296875,-19.38751220703125,36.96519470214844,-10.034805297851562
834,46.0,23.20097541809082,-22.79902458190918,26.691219329833984,-19.308780670166016,34.57794189453125,-11.42205810546875
835,45.0,26.38987922668457,-18.61012077331543,27.914249420166016,-17.085750579833984,35.51709747314453,-9.482902526855469
836,44.0,21.745824813842773,-22.254175186157227,23.313522338867188,-20.686477661132812,32.33243179321289,-11.66756820678711
837,43.0,21.0463809967041,-21.9536190032959,21.522838592529297,-21.477161407470703,30.183101654052734,-12.816898345947266
838,42.0,23.135906219482422,-18.864093780517578,24.67850685119629,-17.32149314880371,31.949565887451172,-10.050434112548828
839,41.0,25.08588218688965,-15.914117813110352,28.999711990356445,-12.000288009643555,36.280052185058594,-4.719947814941406
840,40.0,19.192716598510742,-20.807283401489258,23.96648406982422,-16.03351593017578,33.8472785949707,-6.152721405029297
841,39.0,19.72673797607422,-19.27326202392578,23.194900512695312,-15.805099487304688,32.4458122253418,-6.554187774658203
842,38.0,22.40899085998535,-15.591009140014648,24.04955291748047,-13.950447082519531,33.444576263427734,-4.555423736572266
843,37.0,21.785402297973633,-15.214597702026367,22.721601486206055,-14.278398513793945,32.542747497558594,-4.457252502441406
844,36.0,20.350027084350586,-15.649972915649414,20.060401916503906,-15.939598083496094,30.11627197265625,-5.88372802734375
845,35.0,20.41388702392578,-14.586112976074219,19.115846633911133,-15.884153366088867,28.028379440307617,-6.971620559692383
846,34.0,16.84981346130371,-17.15018653869629,15.277324676513672,-18.722675323486328,23.990835189819336,-10.009164810180664
847,33.0,13.963776588439941,-19.036224365234375,11.252351760864258,-21.747648239135742,20.348426818847656,-12.651573181152344
848,32.0,13.639704704284668,-18.360294342041016,10.936779975891113,-21.063220977783203,20.79234504699707,-11.20765495300293
849,31.0,14.712909698486328,-16.287090301513672,13.570313453674316,-17.4296875,25.810579299926758,-5.189420700073242
850,30.0,13.486541748046875,-16.513458251953125,11.721458435058594,-18.278541564941406,29.315492630004883,-0.6845073699951172
851,29.0,9.9697847366333,-19.030216217041016,9.170186996459961,-19.82981300354004,30.928855895996094,1.9288558959960938
852,28.0,8.095416069030762,-19.904582977294922,9.672783851623535,-18.32721710205078,35.97993087768555,7.979930877685547
853,27.0,10.929253578186035,-16.07074737548828,10.35932445526123,-16.640674591064453,41.93229293823242,14.932292938232422
854,26.0,7.389732360839844,-18.610267639160156,8.298365592956543,-17.70163345336914,41.496028900146484,15.496028900146484
855,25.0,13.90735149383545,-11.09264850616455,12.232294082641602,-12.767705917358398,46.58053970336914,21.58053970336914
856,24.0,18.530014038085938,-5.4699859619140625,13.59643840789795,-10.40356159210205,49.351200103759766,25.351200103759766
857,23.0,14.166962623596191,-8.833037376403809,10.548806190490723,-12.451193809509277,39.32998275756836,16.32998275756836
858,22.0,7.864713191986084,-14.135286331176758,7.027003765106201,-14.97299575805664,29.73514747619629,7.735147476196289
859,21.0,3.9264330863952637,-17.073566436767578,5.47969388961792,-15.520305633544922,28.598344802856445,7.598344802856445
860,20.0,2.117443084716797,-17.882556915283203,5.384398937225342,-14.6156005859375,33.06837844848633,13.068378448486328
861,19.0,1.7919389009475708,-17.20806121826172,5.402688503265381,-13.597311019897461,36.79745101928711,17.79745101928711
862,18.0,5.037746906280518,-12.96225357055664,6.145148277282715,-11.854851722717285,42.782413482666016,24.782413482666016
863,17.0,6.199815273284912,-10.80018424987793,6.151718616485596,-10.848281860351562,46.33394241333008,29.333942413330078
864,16.0,5.535918712615967,-10.464080810546875,5.246402740478516,-10.753597259521484,46.62260818481445,30.622608184814453
865,15.0,3.387050151824951,-11.61294937133789,3.7956387996673584,-11.204360961914062,45.78715133666992,30.787151336669922
866,14.0,1.481784701347351,-12.51821517944336,3.495048761367798,-10.504951477050781,44.77804946899414,30.77804946899414
867,13.0,2.2071642875671387,-10.792835235595703,3.4505934715270996,-9.549406051635742,45.89944839477539,32.89944839477539
868,12.0,0.97444748878479,-11.025552749633789,2.765460252761841,-9.234539985656738,46.75471878051758,34.75471878051758
869,11.0,0.03902192413806915,-10.960978507995605,2.372664213180542,-8.627335548400879,45.63393783569336,34.63393783569336
870,10.0,0.0,-10.0,0.9219380617141724,-9.078062057495117,42.145442962646484,32.145442962646484
871,9.0,0.0,-9.0,0.8075782060623169,-8.192421913146973,41.45827102661133,32.45827102661133
872,8.0,0.0,-8.0,1.2629730701446533,-6.737027168273926,40.21585464477539,32.21585464477539
873,7.0,0.0,-7.0,1.2138797044754028,-5.786120414733887,39.49604034423828,32.49604034423828
874,6.0,0.0,-6.0,0.0,-6.0,36.19961929321289,30.19961929321289
875,5.0,0.0,-5.0,0.0,-5.0,34.020023345947266,29.020023345947266
876,4.0,0.0,-4.0,0.44858160614967346,-3.5514183044433594,36.01589584350586,32.01589584350586
877,3.0,0.0,-3.0,0.0,-3.0,35.394954681396484,32.394954681396484
878,2.0,0.0,-2.0,0.0,-2.0,32.71467971801758,30.714679718017578
879,1.0,0.0,-1.0,0.0,-1.0,31.815073013305664,30.815073013305664
880,110.0,80.28640747070312,-29.713592529296875,84.58082580566406,-25.419174194335938,97.17767333984375,-12.82232666015625
881,109.0,78.03302001953125,-30.96697998046875,79.97782897949219,-29.022171020507812,97.92581176757812,-11.074188232421875
882,108.0,75.26429748535156,-32.73570251464844,75.14715576171875,-32.85284423828125,97.9061508178711,-10.093849182128906
883,107.0,76.33677673339844,-30.663223266601562,73.44548797607422,-33.55451202392578,98.56814575195312,-8.431854248046875
884,106.0,74.51197052001953,-31.48802947998047,69.40623474121094,-36.59376525878906,96.28865814208984,-9.711341857910156
885,105.0,72.4398193359375,-32.5601806640625,71.9604721069336,-33.039527893066406,93.32810974121094,-11.671890258789062
886,104.0,67.20307159423828,-36.79692840576172,68.7256851196289,-35.274314880371094,92.04315185546875,-11.95684814453125
887,103.0,58.72163391113281,-44.27836608886719,57.17991256713867,-45.82008743286133,88.62788391113281,-14.372116088867188
888,102.0,57.617183685302734,-44.382816314697266,54.46379470825195,-47.53620529174805,90.31307220458984,-11.686927795410156
889,101.0,71.68141174316406,-29.318588256835938,71.11255645751953,-29.88744354248047,98.66545867919922,-2.3345413208007812
890,100.0,68.37571716308594,-31.624282836914062,74.68504333496094,-25.314956665039062,97.9207992553711,-2.0792007446289062
891,99.0,68.39836120605469,-30.601638793945312,73.62980651855469,-25.370193481445312,93.31902313232422,-5.680976867675781
892,98.0,67.59970092773438,-30.400299072265625,71.5104751586914,-26.489524841308594,93.26246643066406,-4.7375335693359375
893,97.0,62.133827209472656,-34.866172790527344,65.79088592529297,-31.20911407470703,90.84750366210938,-6.152496337890625
894,96.0,57.52356719970703,-38.47643280029297,59.46919631958008,-36.53080368041992,88.6659164428711,-7.334083557128906
895,95.0,52.30455017089844,-42.69544982910156,50.797061920166016,-44.202938079833984,86.29304504394531,-8.706954956054688
896,94.0,54.388275146484375,-39.611724853515625,51.625240325927734,-42.374759674072266,86.55537414550781,-7.4446258544921875
897,93.0,53.89204788208008,-39.10795211791992,54.89264678955078,-38.10735321044922,86.79710388183594,-6.2028961181640625
898,92.0,55.455230712890625,-36.544769287109375,63.15256881713867,-28.847431182861328,87.73336791992188,-4.266632080078125
899,91.0,57.48231506347656,-33.51768493652344,67.55298614501953,-23.44701385498047,88.8868637084961,-2.1131362915039062
900,90.0,60.30531692504883,-29.694683074951172,68.76427459716797,-21.23572540283203,90.47701263427734,0.47701263427734375
901,89.0,61.65874481201172,-27.34125518798828,71.6249771118164,-17.375022888183594,92.61564636230469,3.6156463623046875
902,88.0,53.25426483154297,-34.74573516845703,61.014041900634766,-26.985958099365234,87.68098449707031,-0.3190155029296875
903,87.0,49.23360824584961,-37.76639175415039,48.48238754272461,-38.51761245727539,82.33121490478516,-4.668785095214844
904,86.0,46.335819244384766,-39.664180755615234,46.28203201293945,-39.71796798706055,77.689208984375,-8.310791015625
905,85.0,48.17377471923828,-36.82622528076172,49.8415412902832,-35.1584587097168,77.93952941894531,-7.0604705810546875
906,84.0,50.72505187988281,-33.27494812011719,52.715023040771484,-31.284976959228516,80.25361633300781,-3.7463836669921875
907,83.0,58.02967834472656,-24.970321655273438,63.8360710144043,-19.163928985595703,85.7785415649414,2.7785415649414062
908,82.0,65.43219757080078,-16.56780242919922,78.83850860595703,-3.1614913940429688,94.525146484375,12.525146484375
909,81.0,56.84646987915039,-24.15353012084961,72.25141143798828,-8.748588562011719,90.29185485839844,9.291854858398438
910,80.0,53.012969970703125,-26.987030029296875,61.266849517822266,-18.733150482177734,83.67916870117188,3.679168701171875
911,79.0,58.00299072265625,-20.99700927734375,65.0475082397461,-13.952491760253906,86.94638061523438,7.946380615234375
912,78.0,54.78472137451172,-23.21527862548828,62.451148986816406,-15.548851013183594,86.47073364257812,8.470733642578125
913,77.0,55.25447082519531,-21.745529174804688,62.36671829223633,-14.633281707763672,86.194091796875,9.194091796875
914,76.0,51.255218505859375,-24.744781494140625,57.865604400634766,-18.134395599365234,84.07252502441406,8.072525024414062
915,75.0,47.25115966796875,-27.74884033203125,52.793392181396484,-22.206607818603516,78.88878631591797,3.8887863159179688
916,74.0,49.55780029296875,-24.44219970703125,54.9468994140625,-19.0531005859375,79.98928833007812,5.989288330078125
917,73.0,47.04963684082031,-25.950363159179688,49.26799392700195,-23.732006072998047,78.03047943115234,5.030479431152344
918,72.0,45.900909423828125,-26.099090576171875,48.32003402709961,-23.67996597290039,75.83248138427734,3.8324813842773438
919,71.0,45.258148193359375,-25.741851806640625,48.43050003051758,-22.569499969482422,74.78289794921875,3.78289794921875
920,70.0,46.57848358154297,-23.42151641845703,49.631797790527344,-20.368202209472656,74.37901306152344,4.3790130615234375
921,69.0,45.04035949707031,-23.959640502929688,48.377620697021484,-20.622379302978516,73.74270629882812,4.742706298828125
922,68.0,37.08931350708008,-30.910686492919922,36.26479721069336,-31.73520278930664,66.79109191894531,-1.2089080810546875
923,67.0,40.63916015625,-26.36083984375,40.264930725097656,-26.735069274902344,65.61430358886719,-1.3856964111328125
924,66.0,44.26687240600586,-21.73312759399414,46.05974197387695,-19.940258026123047,68.69767761230469,2.6976776123046875
925,65.0,48.31037139892578,-16.68962860107422,53.54884338378906,-11.451156616210938,72.23419952392578,7.234199523925781
926,64.0,49.98655700683594,-14.013442993164062,61.17715072631836,-2.8228492736816406,78.07418823242188,14.074188232421875
927,63.0,44.2489128112793,-18.751087188720703,55.806243896484375,-7.193756103515625,75.88609313964844,12.886093139648438
928,62.0,41.006797790527344,-20.993202209472656,47.78886795043945,-14.211132049560547,69.75296020507812,7.752960205078125
929,61.0,44.56557846069336,-16.43442153930664,51.185218811035156,-9.814781188964844,71.57112121582031,10.571121215820312
930,60.0,43.626609802246094,-16.373390197753906,49.42843246459961,-10.57156753540039,70.61361694335938,10.613616943359375
931,59.0,37.27918243408203,-21.72081756591797,42.08060836791992,-16.919391632080078,63.824344635009766,4.824344635009766
932,58.0,37.99781799316406,-20.002182006835938,39.8204345703125,-18.1795654296875,60.6270866394043,2.627086639404297
933,57.0,36.77729415893555,-20.222705841064453,40.162052154541016,-16.837947845458984,58.797332763671875,1.797332763671875
934,56.0,33.89942169189453,-22.10057830810547,36.8493766784668,-19.150623321533203,56.26291275024414,0.2629127502441406
935,55.0,28.4266414642334,-26.5733585357666,29.374486923217773,-25.625513076782227,49.24629592895508,-5.753704071044922
936,54.0,31.069116592407227,-22.930883407592773,30.053951263427734,-23.946048736572266,47.928340911865234,-6.071659088134766
937,53.0,33.565208435058594,-19.434791564941406,33.6006965637207,-19.399303436279297,49.10151672363281,-3.8984832763671875
938,52.0,31.00257682800293,-20.99742317199707,32.111061096191406,-19.888938903808594,46.92196273803711,-5.078037261962891
939,51.0,31.228456497192383,-19.771543502807617,31.47023582458496,-19.52976417541504,46.732627868652344,-4.267372131347656
940,50.0,32.07501220703125,-17.92498779296875,30.901473999023438,-19.098526000976562,47.75638961791992,-2.243610382080078
941,49.0,24.20042610168457,-24.79957389831543,24.709373474121094,-24.290626525878906,41.4007682800293,-7.599231719970703
942,48.0,22.147512435913086,-25.852487564086914,23.080764770507812,-24.919235229492188,35.951297760009766,-12.048702239990234
943,47.0,29.817035675048828,-17.182964324951172,31.510334014892578,-15.489665985107422,41.895538330078125,-5.104461669921875
944,46.0,26.39744758605957,-19.60255241394043,30.363693237304688,-15.636306762695312,40.97354507446289,-5.026454925537109
945,45.0,26.823760986328125,-18.176239013671875,28.973243713378906,-16.026756286621094,39.583499908447266,-5.416500091552734
946,44.0,32.88949203491211,-11.11050796508789,36.00522232055664,-7.994777679443359,47.00144577026367,3.001445770263672
947,43.0,30.49613380432129,-12.503866195678711,35.786800384521484,-7.213199615478516,47.673091888427734,4.673091888427734
948,42.0,26.290771484375,-15.709228515625,31.1694278717041,-10.830572128295898,43.23712158203125,1.23712158203125
949,41.0,26.843000411987305,-14.156999588012695,30.737512588500977,-10.262487411499023,42.240291595458984,1.2402915954589844
950,40.0,24.95791244506836,-15.04208755493164,28.25539207458496,-11.744607925415039,40.787452697753906,0.7874526977539062
951,39.0,22.208433151245117,-16.791566848754883,24.769689559936523,-14.230310440063477,36.17209243774414,-2.8279075622558594
952,38.0,17.580358505249023,-20.419641494750977,18.627662658691406,-19.372337341308594,29.8052921295166,-8.194707870483398
953,37.0,14.72945785522461,-22.27054214477539,14.781362533569336,-22.218637466430664,25.882335662841797,-11.117664337158203
954,36.0,19.655893325805664,-16.344106674194336,18.663833618164062,-17.336166381835938,29.98965835571289,-6.010341644287109
955,35.0,23.21962547302246,-11.780374526977539,24.110139846801758,-10.889860153198242,35.096839904785156,0.09683990478515625
956,34.0,24.836881637573242,-9.163118362426758,27.520893096923828,-6.479106903076172,37.86956024169922,3.8695602416992188
957,33.0,15.370650291442871,-17.629348754882812,19.713764190673828,-13.286235809326172,32.07272720336914,-0.9272727966308594
958,32.0,5.925385475158691,-26.074615478515625,9.582168579101562,-22.417831420898438,21.436534881591797,-10.563465118408203
959,31.0,5.355527877807617,-25.644472122192383,9.62764835357666,-21.372352600097656,21.899112701416016,-9.100887298583984
960,30.0,8.810633659362793,-21.18936538696289,10.474702835083008,-19.525297164916992,26.30912971496582,-3.6908702850341797
961,29.0,12.587777137756348,-16.41222381591797,13.698121070861816,-15.301878929138184,32.990684509277344,3.9906845092773438
962,28.0,12.751389503479004,-15.248610496520996,13.151019096374512,-14.848980903625488,38.80543899536133,10.805438995361328
963,27.0,12.158766746520996,-14.841233253479004,11.759259223937988,-15.240740776062012,42.601524353027344,15.601524353027344
964,26.0,13.479341506958008,-12.520658493041992,12.13448429107666,-13.86551570892334,41.957603454589844,15.957603454589844
965,25.0,7.316900730133057,-17.6830997467041,7.4889092445373535,-17.511091232299805,35.9951057434082,10.995105743408203
966,24.0,0.41012412309646606,-23.589876174926758,4.047126293182373,-19.95287322998047,33.46176528930664,9.46176528930664
967,23.0,1.2267926931381226,-21.77320671081543,4.585549831390381,-18.41444969177246,38.387447357177734,15.387447357177734
968,22.0,4.350445747375488,-17.649555206298828,5.281280517578125,-16.718719482421875,43.844669342041016,21.844669342041016
969,21.0,10.854329109191895,-10.145670890808105,9.304365158081055,-11.695634841918945,51.1068115234375,30.1068115234375
970,20.0,18.354780197143555,-1.6452198028564453,12.038660049438477,-7.961339950561523,60.29213333129883,40.29213333129883
971,19.0,10.736295700073242,-8.263704299926758,7.219644069671631,-11.780355453491211,56.1496467590332,37.1496467590332
972,18.0,0.0,-18.0,1.7609535455703735,-16.239046096801758,42.969425201416016,24.969425201416016
973,17.0,0.0,-17.0,0.7855336666107178,-16.214466094970703,39.149715423583984,22.149715423583984
974,16.0,2.784763813018799,-13.21523666381836,3.751668930053711,-12.248331069946289,45.746585845947266,29.746585845947266
975,15.0,6.645779132843018,-8.35422134399414,5.575070858001709,-9.424928665161133,53.131744384765625,38.131744384765625
976,14.0,2.9138050079345703,-11.08619499206543,3.002006769180298,-10.997993469238281,51.340572357177734,37.340572357177734
977,13.0,0.0,-13.0,0.673890233039856,-12.326109886169434,45.449771881103516,32.449771881103516
978,12.0,0.0,-12.0,0.0,-12.0,42.15765380859375,30.15765380859375
979,11.0,0.0,-11.0,2.0451667308807373,-8.954833030700684,47.03390884399414,36.03390884399414
980,10.0,0.39011090993881226,-9.609889030456543,2.614043951034546,-7.385955810546875,49.02028274536133,39.02028274536133
981,9.0,0.0,-9.0,2.3319175243377686,-6.668082237243652,49.20058059692383,40.20058059692383
982,8.0,2.7224931716918945,-5.2775068283081055,3.9089395999908447,-4.091060638427734,54.87728500366211,46.87728500366211
983,7.0,2.8616690635681152,-4.138330936431885,3.4714319705963135,-3.5285680294036865,56.11348342895508,49.11348342895508
984,6.0,0.0,-6.0,1.5977576971054077,-4.402242183685303,51.94198226928711,45.94198226928711
985,5.0,0.0,-5.0,0.0,-5.0,45.12386703491211,40.12386703491211
986,4.0,0.0,-4.0,0.0,-4.0,43.40347671508789,39.40347671508789
987,3.0,0.0,-3.0,0.0,-3.0,43.719478607177734,40.719478607177734
988,2.0,0.0,-2.0,0.31713491678237915,-1.6828651428222656,43.61357116699219,41.61357116699219
989,1.0,0.0,-1.0,0.0,-1.0,39.75419235229492,38.75419235229492
990,110.0,86.681396484375,-23.318603515625,87.75260162353516,-22.247398376464844,108.54000854492188,-1.459991455078125
991,109.0,86.6182861328125,-22.3817138671875,88.9898452758789,-20.010154724121094,108.56695556640625,-0.43304443359375
992,108.0,83.30957794189453,-24.69042205810547,85.50025177001953,-22.49974822998047,107.76363372802734,-0.23636627197265625
993,107.0,83.89125061035156,-23.108749389648438,86.6064224243164,-20.393577575683594,107.9675064086914,0.9675064086914062
994,106.0,85.29737091064453,-20.70262908935547,88.98885345458984,-17.011146545410156,108.49832153320312,2.498321533203125
995,105.0,82.98489379882812,-22.015106201171875,84.97640228271484,-20.023597717285156,107.97856903076172,2.9785690307617188
996,104.0,84.26254272460938,-19.737457275390625,86.47000122070312,-17.529998779296875,108.42684936523438,4.426849365234375
997,103.0,83.85025024414062,-19.149749755859375,86.72750091552734,-16.272499084472656,108.52503967285156,5.5250396728515625
998,102.0,81.62228393554688,-20.377716064453125,83.70036315917969,-18.299636840820312,108.00843811035156,6.0084381103515625
999,101.0,83.34840393066406,-17.651596069335938,84.65321350097656,-16.346786499023438,108.77605438232422,7.776054382324219
1000,100.0,84.52266693115234,-15.477333068847656,85.72544860839844,-14.274551391601562,108.97863006591797,8.978630065917969
1001,99.0,80.25550079345703,-18.74449920654297,79.11561584472656,-19.884384155273438,107.44514465332031,8.445144653320312
1002,98.0,77.74820709228516,-20.251792907714844,71.7473373413086,-26.252662658691406,106.38298034667969,8.382980346679688
1003,97.0,78.80945587158203,-18.19054412841797,72.55571746826172,-24.44428253173828,107.11468505859375,10.11468505859375
1004,96.0,80.46963500976562,-15.530364990234375,78.81912231445312,-17.180877685546875,108.16889953613281,12.168899536132812
1005,95.0,80.4119873046875,-14.5880126953125,80.29253387451172,-14.707466125488281,108.18668365478516,13.186683654785156
1006,94.0,82.03581237792969,-11.964187622070312,82.66143035888672,-11.338569641113281,108.54246520996094,14.542465209960938
1007,93.0,78.29405212402344,-14.705947875976562,78.02515411376953,-14.974845886230469,107.25331115722656,14.253311157226562
1008,92.0,77.07603454589844,-14.923965454101562,75.49102020263672,-16.50897979736328,106.68107604980469,14.681076049804688
1009,91.0,79.45567321777344,-11.544326782226562,77.5274429321289,-13.472557067871094,107.94232177734375,16.94232177734375
1010,90.0,75.24632263183594,-14.753677368164062,72.44861602783203,-17.55138397216797,106.74971008300781,16.749710083007812
1011,89.0,74.37168884277344,-14.628311157226562,71.12720489501953,-17.87279510498047,106.5274658203125,17.5274658203125
1012,88.0,80.63021850585938,-7.369781494140625,80.6405258178711,-7.359474182128906,108.74995422363281,20.749954223632812
1013,87.0,82.59281921386719,-4.4071807861328125,84.26009368896484,-2.7399063110351562,108.83035278320312,21.830352783203125
1014,86.0,82.30181121826172,-3.6981887817382812,84.49541473388672,-1.5045852661132812,108.02236938476562,22.022369384765625
1015,85.0,84.07913970947266,-0.9208602905273438,86.9933853149414,1.9933853149414062,107.95038604736328,22.95038604736328
1016,84.0,81.57304382324219,-2.4269561767578125,81.7389907836914,-2.2610092163085938,107.20270538330078,23.20270538330078
1017,83.0,80.28736877441406,-2.7126312255859375,78.97857666015625,-4.02142333984375,107.19656372070312,24.196563720703125
1018,82.0,79.45166015625,-2.54833984375,77.53325653076172,-4.466743469238281,107.60557556152344,25.605575561523438
1019,81.0,74.9137191772461,-6.086280822753906,69.46115112304688,-11.538848876953125,106.04640197753906,25.046401977539062
1020,80.0,74.12649536132812,-5.873504638671875,67.50833129882812,-12.491668701171875,105.71204376220703,25.71204376220703
1021,79.0,72.11835479736328,-6.881645202636719,68.71906280517578,-10.280937194824219,105.67315673828125,26.67315673828125
1022,78.0,73.29177856445312,-4.708221435546875,70.58907318115234,-7.410926818847656,105.98785400390625,27.98785400390625
1023,77.0,74.38558959960938,-2.614410400390625,72.00655364990234,-4.993446350097656,106.8248291015625,29.8248291015625
1024,76.0,81.21356201171875,5.21356201171875,80.84599304199219,4.8459930419921875,108.21436309814453,32.21436309814453
1025,75.0,82.12434387207031,7.1243438720703125,80.95603942871094,5.9560394287109375,108.42034912109375,33.42034912109375
1026,74.0,78.10578155517578,4.105781555175781,76.3837661743164,2.3837661743164062,106.14131927490234,32.141319274902344
1027,73.0,78.17912292480469,5.1791229248046875,76.60950469970703,3.6095046997070312,106.20698547363281,33.20698547363281
1028,72.0,76.855224609375,4.855224609375,76.46440887451172,4.464408874511719,105.66609191894531,33.66609191894531
1029,71.0,75.7632064819336,4.763206481933594,76.98430633544922,5.984306335449219,104.98046875,33.98046875
1030,70.0,69.05780029296875,-0.94219970703125,72.16593933105469,2.1659393310546875,102.65365600585938,32.653656005859375
1031,69.0,64.46290588378906,-4.5370941162109375,62.93712615966797,-6.062873840332031,101.29142761230469,32.29142761230469
1032,68.0,58.86261749267578,-9.137382507324219,59.54075622558594,-8.459243774414062,101.53640747070312,33.536407470703125
1033,67.0,55.52334976196289,-11.47665023803711,58.71561813354492,-8.284381866455078,100.51069641113281,33.51069641113281
1034,66.0,57.93274688720703,-8.067253112792969,62.993099212646484,-3.0069007873535156,103.19094848632812,37.190948486328125
1035,65.0,64.27386474609375,-0.72613525390625,72.44391632080078,7.443916320800781,105.00503540039062,40.005035400390625
1036,64.0,63.858638763427734,-0.14136123657226562,68.83789825439453,4.837898254394531,103.57612609863281,39.57612609863281
1037,63.0,64.10778045654297,1.1077804565429688,62.225379943847656,-0.7746200561523438,101.88449096679688,38.884490966796875
1038,62.0,70.26585388183594,8.265853881835938,64.19733428955078,2.1973342895507812,103.19363403320312,41.193634033203125
1039,61.0,75.51228332519531,14.512283325195312,70.52619934082031,9.526199340820312,104.56463623046875,43.56463623046875
1040,60.0,78.27937316894531,18.279373168945312,70.52257537841797,10.522575378417969,102.1963119506836,42.196311950683594
1041,59.0,79.22578430175781,20.225784301757812,67.89191436767578,8.891914367675781,100.74287414550781,41.74287414550781
1042,58.0,85.218994140625,27.218994140625,74.74026489257812,16.740264892578125,102.30853271484375,44.30853271484375
1043,57.0,87.94419860839844,30.944198608398438,82.0866928100586,25.086692810058594,103.92736053466797,46.92736053466797
1044,56.0,92.66512298583984,36.665122985839844,95.64640045166016,39.646400451660156,105.74248504638672,49.74248504638672
1045,55.0,92.18728637695312,37.187286376953125,99.27645874023438,44.276458740234375,104.9232177734375,49.9232177734375
1046,54.0,92.33301544189453,38.33301544189453,95.8056869506836,41.805686950683594,104.47735595703125,50.47735595703125
1047,53.0,90.11793518066406,37.11793518066406,90.77945709228516,37.779457092285156,103.83038330078125,50.83038330078125
1048,52.0,85.34986877441406,33.34986877441406,76.04177856445312,24.041778564453125,100.61653900146484,48.616539001464844
1049,51.0,83.33147430419922,32.33147430419922,72.5957260131836,21.595726013183594,100.2787094116211,49.278709411621094
1050,50.0,81.75077056884766,31.750770568847656,71.67725372314453,21.67725372314453,99.08970642089844,49.08970642089844
1051,49.0,79.06153869628906,30.061538696289062,69.83173370361328,20.83173370361328,98.82084655761719,49.82084655761719
1052,48.0,73.59601593017578,25.59601593017578,62.642086029052734,14.642086029052734,98.64090728759766,50.640907287597656
1053,47.0,63.02007293701172,16.02007293701172,51.78255844116211,4.782558441162109,93.24372863769531,46.24372863769531
1054,46.0,63.64369583129883,17.643695831298828,56.697025299072266,10.697025299072266,93.699462890625,47.699462890625
1055,45.0,64.20921325683594,19.209213256835938,59.27068328857422,14.270683288574219,97.56767272949219,52.56767272949219
1056,44.0,63.95930099487305,19.959300994873047,57.38924026489258,13.389240264892578,98.04914855957031,54.04914855957031
1057,43.0,56.44922637939453,13.449226379394531,45.86253356933594,2.8625335693359375,93.74883270263672,50.74883270263672
1058,42.0,49.892879486083984,7.892879486083984,35.60434341430664,-6.395656585693359,87.60872650146484,45.608726501464844
1059,41.0,47.617923736572266,6.617923736572266,33.417606353759766,-7.582393646240234,83.52607727050781,42.52607727050781
1060,40.0,40.90181350708008,0.9018135070800781,27.823522567749023,-12.176477432250977,76.27522277832031,36.27522277832031
1061,39.0,43.107723236083984,4.107723236083984,28.90208625793457,-10.09791374206543,74.67391967773438,35.673919677734375
1062,38.0,45.313720703125,7.313720703125,33.28494644165039,-4.715053558349609,75.36767578125,37.36767578125
1063,37.0,49.50348663330078,12.503486633300781,38.16865921020508,1.1686592102050781,77.87618255615234,40.876182556152344
1064,36.0,51.277889251708984,15.277889251708984,43.43935775756836,7.439357757568359,81.61233520507812,45.612335205078125
1065,35.0,50.85123825073242,15.851238250732422,45.89226150512695,10.892261505126953,83.5660629272461,48.566062927246094
1066,34.0,53.04254150390625,19.04254150390625,49.54122543334961,15.54122543334961,84.59165954589844,50.59165954589844
1067,33.0,47.365169525146484,14.365169525146484,47.83787536621094,14.837875366210938,81.80475616455078,48.80475616455078
1068,32.0,34.377197265625,2.377197265625,31.150524139404297,-0.8494758605957031,68.74993896484375,36.74993896484375
1069,31.0,32.318233489990234,1.3182334899902344,25.776315689086914,-5.223684310913086,61.094661712646484,30.094661712646484
1070,30.0,35.2702522277832,5.270252227783203,27.818180084228516,-2.1818199157714844,59.17953872680664,29.17953872680664
1071,29.0,26.228973388671875,-2.771026611328125,21.378908157348633,-7.621091842651367,49.229854583740234,20.229854583740234
1072,28.0,20.63259506225586,-7.367404937744141,16.615304946899414,-11.384695053100586,40.395511627197266,12.395511627197266
1073,27.0,27.419673919677734,0.4196739196777344,22.03631019592285,-4.963689804077148,43.2226676940918,16.222667694091797
1074,26.0,22.5239315032959,-3.4760684967041016,19.3768367767334,-6.623163223266602,41.614662170410156,15.614662170410156
1075,25.0,26.34339141845703,1.3433914184570312,21.602916717529297,-3.397083282470703,42.37718963623047,17.37718963623047
1076,24.0,41.284698486328125,17.284698486328125,32.575313568115234,8.575313568115234,54.26993179321289,30.26993179321289
1077,23.0,34.38520050048828,11.385200500488281,30.078536987304688,7.0785369873046875,54.04852294921875,31.04852294921875
1078,22.0,22.796693801879883,0.7966938018798828,21.44654083251953,-0.5534591674804688,44.211456298828125,22.211456298828125
1079,21.0,19.680028915405273,-1.3199710845947266,17.977388381958008,-3.022611618041992,38.68013381958008,17.680133819580078
1080,20.0,18.43994903564453,-1.5600509643554688,17.377670288085938,-2.6223297119140625,37.41604232788086,17.41604232788086
1081,19.0,15.303346633911133,-3.696653366088867,13.519161224365234,-5.480838775634766,33.935611724853516,14.935611724853516
1082,18.0,12.371832847595215,-5.628167152404785,13.105792999267578,-4.894207000732422,32.218204498291016,14.218204498291016
1083,17.0,10.606390953063965,-6.393609046936035,10.515522003173828,-6.484477996826172,29.421876907348633,12.421876907348633
1084,16.0,12.28701400756836,-3.7129859924316406,12.598458290100098,-3.4015417098999023,32.97169876098633,16.971698760986328
1085,15.0,9.661442756652832,-5.338557243347168,11.077821731567383,-3.922178268432617,35.50428771972656,20.504287719726562
1086,14.0,7.1701273918151855,-6.8298726081848145,8.698463439941406,-5.301536560058594,32.392005920410156,18.392005920410156
1087,13.0,11.560628890991211,-1.439371109008789,11.020681381225586,-1.979318618774414,37.67538070678711,24.67538070678711
1088,12.0,12.487178802490234,0.4871788024902344,12.876310348510742,0.8763103485107422,44.33827590942383,32.33827590942383
1089,11.0,9.28842830657959,-1.7115716934204102,9.684364318847656,-1.3156356811523438,46.42724609375,35.42724609375
1090,10.0,6.914641857147217,-3.085358142852783,4.247522830963135,-5.752477169036865,38.305564880371094,28.305564880371094
1091,9.0,4.064828872680664,-4.935171127319336,3.8967440128326416,-5.1032562255859375,35.937496185302734,26.937496185302734
1092,8.0,0.0,-8.0,0.0,-8.0,34.047096252441406,26.047096252441406
1093,7.0,0.0,-7.0,0.0,-7.0,34.28353500366211,27.28353500366211
1094,6.0,0.42284095287323,-5.5771589279174805,0.19499951601028442,-5.805000305175781,42.266475677490234,36.266475677490234
1095,5.0,0.7902041673660278,-4.209795951843262,0.0,-5.0,45.440486907958984,40.440486907958984
1096,4.0,0.0,-4.0,0.0,-4.0,45.44734191894531,41.44734191894531
1097,3.0,0.0,-3.0,0.0,-3.0,44.85625076293945,41.85625076293945
1098,2.0,0.0,-2.0,0.0,-2.0,43.020267486572266,41.020267486572266
1099,1.0,0.0,-1.0,0.0,-1.0,44.84591293334961,43.84591293334961
1100,110.0,68.5825424194336,-41.417457580566406,70.84127044677734,-39.158729553222656,101.08344268798828,-8.916557312011719
1101,109.0,65.50634002685547,-43.49365997314453,67.0203628540039,-41.979637145996094,100.03717803955078,-8.962821960449219
1102,108.0,67.19587707519531,-40.80412292480469,72.44933319091797,-35.55066680908203,102.23185729980469,-5.7681427001953125
1103,107.0,74.0248031616211,-32.975196838378906,81.77770233154297,-25.22229766845703,105.28693389892578,-1.7130661010742188
1104,106.0,73.05304718017578,-32.94695281982422,77.23506164550781,-28.764938354492188,103.52496337890625,-2.47503662109375
1105,105.0,75.13541412353516,-29.864585876464844,75.91007995605469,-29.089920043945312,101.80232238769531,-3.1976776123046875
1106,104.0,84.2906723022461,-19.709327697753906,83.9046630859375,-20.0953369140625,103.5005874633789,-0.49941253662109375
1107,103.0,85.63583374023438,-17.364166259765625,85.63994598388672,-17.36005401611328,103.34374237060547,0.34374237060546875
1108,102.0,83.1910400390625,-18.8089599609375,83.00465393066406,-18.995346069335938,100.86155700683594,-1.1384429931640625
1109,101.0,83.69166564941406,-17.308334350585938,84.71820068359375,-16.28179931640625,101.61708068847656,0.6170806884765625
1110,100.0,83.79722595214844,-16.202774047851562,86.02198028564453,-13.978019714355469,103.52638244628906,3.5263824462890625
1111,99.0,82.28778076171875,-16.71221923828125,87.56214141845703,-11.437858581542969,103.8225326538086,4.822532653808594
1112,98.0,82.32707977294922,-15.672920227050781,85.78380584716797,-12.216194152832031,102.81633758544922,4.816337585449219
1113,97.0,79.27005004882812,-17.729949951171875,79.82825469970703,-17.17174530029297,100.21977233886719,3.2197723388671875
1114,96.0,80.34912109375,-15.65087890625,80.2169418334961,-15.783058166503906,101.34524536132812,5.345245361328125
1115,95.0,76.8871078491211,-18.112892150878906,77.31594848632812,-17.684051513671875,101.79017639160156,6.7901763916015625
1116,94.0,62.31571578979492,-31.684284210205078,62.77518081665039,-31.22481918334961,97.81417846679688,3.814178466796875
1117,93.0,53.17534637451172,-39.82465362548828,54.730567932128906,-38.269432067871094,96.19121551513672,3.1912155151367188
1118,92.0,60.045501708984375,-31.954498291015625,64.46138763427734,-27.538612365722656,99.47334289550781,7.4733428955078125
1119,91.0,60.22184371948242,-30.778156280517578,63.1168098449707,-27.883190155029297,99.81332397460938,8.813323974609375
1120,90.0,52.04664611816406,-37.95335388183594,52.741519927978516,-37.258480072021484,96.20503997802734,6.205039978027344
1121,89.0,50.369388580322266,-38.630611419677734,49.113739013671875,-39.886260986328125,93.687744140625,4.687744140625
1122,88.0,50.696224212646484,-37.303775787353516,50.56533432006836,-37.43466567993164,94.31390380859375,6.31390380859375
1123,87.0,53.343971252441406,-33.656028747558594,50.57418441772461,-36.42581558227539,95.67739868164062,8.677398681640625
1124,86.0,55.42445373535156,-30.575546264648438,54.44392013549805,-31.556079864501953,97.43359375,11.43359375
1125,85.0,60.31856918334961,-24.68143081665039,61.86421203613281,-23.135787963867188,97.49702453613281,12.497024536132812
1126,84.0,59.634761810302734,-24.365238189697266,62.616764068603516,-21.383235931396484,95.29928588867188,11.299285888671875
1127,83.0,66.65103912353516,-16.348960876464844,68.38497161865234,-14.615028381347656,96.68622589111328,13.686225891113281
1128,82.0,67.97927856445312,-14.020721435546875,66.80802154541016,-15.191978454589844,97.37582397460938,15.375823974609375
1129,81.0,67.52325439453125,-13.47674560546875,69.60955047607422,-11.390449523925781,96.04725646972656,15.047256469726562
1130,80.0,78.59713745117188,-1.402862548828125,80.18730926513672,0.18730926513671875,98.1484146118164,18.148414611816406
1131,79.0,80.67459106445312,1.674591064453125,81.24755096435547,2.2475509643554688,98.95885467529297,19.95885467529297
1132,78.0,82.664794921875,4.664794921875,82.07782745361328,4.077827453613281,99.43248748779297,21.43248748779297
1133,77.0,86.53987121582031,9.539871215820312,85.45462799072266,8.454627990722656,100.26740264892578,23.26740264892578
1134,76.0,84.51604461669922,8.516044616699219,81.9307632446289,5.930763244628906,97.1351089477539,21.135108947753906
1135,75.0,77.82585144042969,2.8258514404296875,72.68797302246094,-2.3120269775390625,92.47111511230469,17.471115112304688
1136,74.0,73.02790832519531,-0.9720916748046875,65.51334381103516,-8.486656188964844,91.90780639648438,17.907806396484375
1137,73.0,63.74806594848633,-9.251934051513672,59.20920944213867,-13.790790557861328,92.80705261230469,19.807052612304688
1138,72.0,52.95680618286133,-19.043193817138672,49.21688461303711,-22.78311538696289,89.41370391845703,17.41370391845703
1139,71.0,52.108463287353516,-18.891536712646484,46.910701751708984,-24.089298248291016,87.14928436279297,16.14928436279297
1140,70.0,53.077003479003906,-16.922996520996094,50.19254684448242,-19.807453155517578,88.845947265625,18.845947265625
1141,69.0,59.06554412841797,-9.934455871582031,60.6211051940918,-8.378894805908203,92.43406677246094,23.434066772460938
1142,68.0,61.584659576416016,-6.415340423583984,68.72423553466797,0.7242355346679688,95.20448303222656,27.204483032226562
1143,67.0,53.187522888183594,-13.812477111816406,57.14691925048828,-9.853080749511719,89.58177947998047,22.58177947998047
1144,66.0,49.491275787353516,-16.508724212646484,48.315643310546875,-17.684356689453125,86.25114440917969,20.251144409179688
1145,65.0,53.51826095581055,-11.481739044189453,51.282745361328125,-13.717254638671875,89.45801544189453,24.45801544189453
1146,64.0,49.70374298095703,-14.296257019042969,50.44776916503906,-13.552230834960938,88.70856475830078,24.70856475830078
1147,63.0,48.479461669921875,-14.520538330078125,48.41454315185547,-14.585456848144531,83.83352661132812,20.833526611328125
1148,62.0,44.96240997314453,-17.03759002685547,45.16676712036133,-16.833232879638672,79.60384368896484,17.603843688964844
1149,61.0,44.306358337402344,-16.693641662597656,41.73875045776367,-19.261249542236328,76.92594909667969,15.925949096679688
1150,60.0,47.810787200927734,-12.189212799072266,45.41756057739258,-14.582439422607422,79.84049987792969,19.840499877929688
1151,59.0,46.680397033691406,-12.319602966308594,47.69465255737305,-11.305347442626953,80.32060241699219,21.320602416992188
1152,58.0,46.95183181762695,-11.048168182373047,50.7328987121582,-7.267101287841797,79.9372787475586,21.937278747558594
1153,57.0,51.57432556152344,-5.4256744384765625,56.83070373535156,-0.1692962646484375,83.36647033691406,26.366470336914062
1154,56.0,47.0069694519043,-8.993030548095703,54.367069244384766,-1.6329307556152344,82.40960693359375,26.40960693359375
1155,55.0,45.23088073730469,-9.769119262695312,48.36684799194336,-6.633152008056641,79.26251220703125,24.26251220703125
1156,54.0,48.787994384765625,-5.212005615234375,55.17119598388672,1.1711959838867188,82.8131103515625,28.8131103515625
1157,53.0,49.538848876953125,-3.461151123046875,57.637813568115234,4.637813568115234,83.00617980957031,30.006179809570312
1158,52.0,42.348297119140625,-9.651702880859375,48.70030975341797,-3.2996902465820312,77.32832336425781,25.328323364257812
1159,51.0,36.670127868652344,-14.329872131347656,39.16633224487305,-11.833667755126953,70.07276916503906,19.072769165039062
1160,50.0,42.427738189697266,-7.572261810302734,41.70526123046875,-8.29473876953125,69.92432403564453,19.92432403564453
1161,49.0,44.864768981933594,-4.135231018066406,49.537742614746094,0.5377426147460938,74.62535095214844,25.625350952148438
1162,48.0,40.5369873046875,-7.4630126953125,47.13575744628906,-0.8642425537109375,72.62979125976562,24.629791259765625
1163,47.0,33.07832336425781,-13.921676635742188,34.9564323425293,-12.043567657470703,63.74113845825195,16.741138458251953
1164,46.0,34.72395706176758,-11.276042938232422,33.928810119628906,-12.071189880371094,60.792991638183594,14.792991638183594
1165,45.0,35.071388244628906,-9.928611755371094,34.740760803222656,-10.259239196777344,60.73448181152344,15.734481811523438
1166,44.0,32.570274353027344,-11.429725646972656,34.927040100097656,-9.072959899902344,58.58621597290039,14.58621597290039
1167,43.0,32.051021575927734,-10.948978424072266,34.27584457397461,-8.72415542602539,57.93706512451172,14.937065124511719
1168,42.0,29.976957321166992,-12.023042678833008,33.659271240234375,-8.340728759765625,55.25230026245117,13.252300262451172
1169,41.0,24.890409469604492,-16.109590530395508,26.464008331298828,-14.535991668701172,48.2720947265625,7.2720947265625
1170,40.0,26.664091110229492,-13.335908889770508,25.61072540283203,-14.389274597167969,44.48690414428711,4.486904144287109
1171,39.0,30.905405044555664,-8.094594955444336,33.95394515991211,-5.046054840087891,48.06687545776367,9.066875457763672
1172,38.0,31.272798538208008,-6.727201461791992,36.0235481262207,-1.9764518737792969,52.440486907958984,14.440486907958984
1173,37.0,26.184459686279297,-10.815540313720703,28.84697151184082,-8.15302848815918,48.45682144165039,11.45682144165039
1174,36.0,19.11197853088379,-16.88802146911621,18.92703628540039,-17.07296371459961,37.304710388183594,1.3047103881835938
1175,35.0,19.365779876708984,-15.634220123291016,17.22367286682129,-17.77632713317871,32.02370834350586,-2.9762916564941406
1176,34.0,27.924480438232422,-6.075519561767578,27.320995330810547,-6.679004669189453,38.31725311279297,4.317253112792969
1177,33.0,25.54695701599121,-7.453042984008789,29.66895294189453,-3.3310470581054688,42.491920471191406,9.491920471191406
1178,32.0,23.595874786376953,-8.404125213623047,26.27168846130371,-5.728311538696289,40.89805221557617,8.898052215576172
1179,31.0,22.05023193359375,-8.94976806640625,24.41507339477539,-6.584926605224609,38.92917251586914,7.929172515869141
1180,30.0,17.982126235961914,-12.017873764038086,18.33137321472168,-11.66862678527832,31.780176162719727,1.7801761627197266
1181,29.0,16.443206787109375,-12.556793212890625,15.869641304016113,-13.130358695983887,29.253942489624023,0.25394248962402344
1182,28.0,17.9217529296875,-10.0782470703125,16.584962844848633,-11.415037155151367,29.38724708557129,1.387247085571289
1183,27.0,18.799789428710938,-8.200210571289062,17.958755493164062,-9.041244506835938,30.05474281311035,3.0547428131103516
1184,26.0,17.054548263549805,-8.945451736450195,16.72469711303711,-9.27530288696289,29.588991165161133,3.588991165161133
1185,25.0,12.943795204162598,-12.056204795837402,12.505735397338867,-12.494264602661133,26.287309646606445,1.2873096466064453
1186,24.0,15.291291236877441,-8.708708763122559,14.701984405517578,-9.298015594482422,27.570127487182617,3.570127487182617
1187,23.0,16.086177825927734,-6.913822174072266,13.823101997375488,-9.176898002624512,27.02059555053711,4.020595550537109
1188,22.0,14.068697929382324,-7.931302070617676,10.977845191955566,-11.022154808044434,22.778461456298828,0.7784614562988281
1189,21.0,13.546347618103027,-7.453652381896973,11.439237594604492,-9.560762405395508,21.970308303833008,0.9703083038330078
1190,20.0,10.142380714416504,-9.857619285583496,11.010631561279297,-8.989368438720703,22.383817672729492,2.383817672729492
1191,19.0,14.283717155456543,-4.716282844543457,11.292606353759766,-7.707393646240234,24.086259841918945,5.086259841918945
1192,18.0,17.492246627807617,-0.5077533721923828,10.347330093383789,-7.652669906616211,24.523374557495117,6.523374557495117
1193,17.0,12.439881324768066,-4.560118675231934,6.52035665512085,-10.479642868041992,21.579195022583008,4.579195022583008
1194,16.0,10.631071090698242,-5.368928909301758,5.519433498382568,-10.480566024780273,21.767118453979492,5.767118453979492
1195,15.0,11.339713096618652,-3.6602869033813477,6.384652614593506,-8.615346908569336,26.34581184387207,11.34581184387207
1196,14.0,12.643798828125,-1.356201171875,7.240403652191162,-6.759596347808838,30.850656509399414,16.850656509399414
1197,13.0,9.833745956420898,-3.1662540435791016,5.00933837890625,-7.99066162109375,31.59024429321289,18.59024429321289
1198,12.0,5.454499244689941,-6.545500755310059,2.201022148132324,-9.798977851867676,30.91404151916504,18.91404151916504
1199,11.0,4.397481441497803,-6.602518558502197,2.4752814769744873,-8.524718284606934,34.78031539916992,23.780315399169922
1200,10.0,1.5936192274093628,-8.406380653381348,1.9661544561386108,-8.033845901489258,37.039981842041016,27.039981842041016
1201,9.0,0.0,-9.0,0.5952509641647339,-8.404748916625977,35.46274185180664,26.46274185180664
1202,8.0,0.0,-8.0,0.3545210659503937,-7.64547872543335,35.756587982177734,27.756587982177734
1203,7.0,0.0,-7.0,0.7658636569976807,-6.234136581420898,37.3004264831543,30.300426483154297
1204,6.0,0.0,-6.0,0.8484888076782227,-5.151511192321777,37.59158706665039,31.59158706665039
1205,5.0,0.0,-5.0,0.0,-5.0,36.285728454589844,31.285728454589844
1206,4.0,0.0,-4.0,0.0,-4.0,34.53945541381836,30.53945541381836
1207,3.0,0.0,-3.0,0.0,-3.0,32.634944915771484,29.634944915771484
1208,2.0,0.0,-2.0,0.0,-2.0,32.0926399230957,30.092639923095703
1209,1.0,0.0,-1.0,0.0,-1.0,32.692501068115234,31.692501068115234
1210,110.0,87.85409545898438,-22.145904541015625,95.42569732666016,-14.574302673339844,103.70741271972656,-6.2925872802734375
1211,109.0,88.64275360107422,-20.35724639892578,95.7291030883789,-13.270896911621094,103.77743530273438,-5.222564697265625
1212,108.0,92.14939880371094,-15.850601196289062,97.4330825805664,-10.566917419433594,105.61519622802734,-2.3848037719726562
1213,107.0,92.06551361083984,-14.934486389160156,96.04625701904297,-10.953742980957031,105.78106689453125,-1.21893310546875
1214,106.0,91.70384216308594,-14.296157836914062,95.0728759765625,-10.9271240234375,104.91566467285156,-1.0843353271484375
1215,105.0,89.18325805664062,-15.816741943359375,92.82433319091797,-12.175666809082031,103.30191040039062,-1.698089599609375
1216,104.0,87.53153991699219,-16.468460083007812,91.46353912353516,-12.536460876464844,102.24446105957031,-1.7555389404296875
1217,103.0,87.4542007446289,-15.545799255371094,93.03353118896484,-9.966468811035156,102.2711410522461,-0.7288589477539062
1218,102.0,86.2945785522461,-15.705421447753906,94.00501251220703,-7.994987487792969,102.07219696044922,0.07219696044921875
1219,101.0,81.26847839355469,-19.731521606445312,91.0566177368164,-9.943382263183594,101.0394287109375,0.0394287109375
1220,100.0,78.2009506225586,-21.799049377441406,85.1463394165039,-14.853660583496094,101.20591735839844,1.2059173583984375
1221,99.0,76.60482025146484,-22.395179748535156,81.16092681884766,-17.839073181152344,102.44851684570312,3.448516845703125
1222,98.0,76.12818908691406,-21.871810913085938,81.33753967285156,-16.662460327148438,101.98466491699219,3.9846649169921875
1223,97.0,79.90972900390625,-17.09027099609375,82.53722381591797,-14.462776184082031,102.66082763671875,5.66082763671875
1224,96.0,83.05220794677734,-12.947792053222656,84.21339416503906,-11.786605834960938,103.66848754882812,7.668487548828125
1225,95.0,81.30695343017578,-13.693046569824219,80.78015899658203,-14.219841003417969,103.08479309082031,8.084793090820312
1226,94.0,78.54632568359375,-15.45367431640625,73.23202514648438,-20.767974853515625,100.8626708984375,6.8626708984375
1227,93.0,78.20463562011719,-14.795364379882812,70.43994903564453,-22.56005096435547,98.75254821777344,5.7525482177734375
1228,92.0,78.16874694824219,-13.831253051757812,72.19054412841797,-19.80945587158203,98.1828842163086,6.182884216308594
1229,91.0,79.98594665527344,-11.014053344726562,76.20052337646484,-14.799476623535156,99.33704376220703,8.337043762207031
1230,90.0,79.33446502685547,-10.665534973144531,77.66156005859375,-12.33843994140625,99.3926010131836,9.392601013183594
1231,89.0,79.4345703125,-9.5654296875,76.1067123413086,-12.893287658691406,99.59911346435547,10.599113464355469
1232,88.0,83.92154693603516,-4.078453063964844,81.94964599609375,-6.05035400390625,102.0470962524414,14.047096252441406
1233,87.0,81.9737319946289,-5.026268005371094,79.58391571044922,-7.416084289550781,100.83332061767578,13.833320617675781
1234,86.0,79.95492553710938,-6.045074462890625,74.11002349853516,-11.889976501464844,98.85564422607422,12.855644226074219
1235,85.0,73.36782836914062,-11.632171630859375,63.49397659301758,-21.506023406982422,96.7864990234375,11.7864990234375
1236,84.0,69.64546203613281,-14.354537963867188,59.22946548461914,-24.77053451538086,94.3070068359375,10.3070068359375
1237,83.0,64.71334838867188,-18.286651611328125,57.9011116027832,-25.098888397216797,94.69832611083984,11.698326110839844
1238,82.0,60.60776138305664,-21.39223861694336,58.16856002807617,-23.831439971923828,93.43829345703125,11.43829345703125
1239,81.0,60.49286651611328,-20.50713348388672,59.58633041381836,-21.41366958618164,91.4384765625,10.4384765625
1240,80.0,55.55607604980469,-24.443923950195312,53.53707504272461,-26.46292495727539,88.13880920410156,8.138809204101562
1241,79.0,60.42462921142578,-18.57537078857422,59.20406723022461,-19.79593276977539,90.81802368164062,11.818023681640625
1242,78.0,68.96218872070312,-9.037811279296875,74.93318176269531,-3.0668182373046875,97.67875671386719,19.678756713867188
1243,77.0,76.28170013427734,-0.7182998657226562,87.0243148803711,10.024314880371094,101.8178939819336,24.817893981933594
1244,76.0,81.07575988769531,5.0757598876953125,89.85245513916016,13.852455139160156,101.86705780029297,25.86705780029297
1245,75.0,72.81834411621094,-2.1816558837890625,78.24610137939453,3.2461013793945312,95.32949829101562,20.329498291015625
1246,74.0,74.64250946044922,0.6425094604492188,74.99227142333984,0.9922714233398438,92.71176147460938,18.711761474609375
1247,73.0,72.16171264648438,-0.838287353515625,74.696044921875,1.696044921875,92.50446319580078,19.50446319580078
1248,72.0,66.8360595703125,-5.1639404296875,68.96781158447266,-3.0321884155273438,89.29281616210938,17.292816162109375
1249,71.0,62.92625427246094,-8.073745727539062,67.52679443359375,-3.47320556640625,88.63603210449219,17.636032104492188
1250,70.0,56.560752868652344,-13.439247131347656,63.43212127685547,-6.567878723144531,86.86167907714844,16.861679077148438
1251,69.0,55.11268615722656,-13.887313842773438,60.67922592163086,-8.32077407836914,86.68363952636719,17.683639526367188
1252,68.0,63.77558898925781,-4.2244110107421875,69.25914764404297,1.2591476440429688,91.6435775756836,23.643577575683594
1253,67.0,64.78274536132812,-2.217254638671875,71.9562759399414,4.956275939941406,93.593505859375,26.593505859375
1254,66.0,68.15882873535156,2.1588287353515625,79.29518127441406,13.295181274414062,95.51409912109375,29.51409912109375
1255,65.0,58.65254211425781,-6.3474578857421875,66.56964874267578,1.5696487426757812,91.42703247070312,26.427032470703125
1256,64.0,55.102962493896484,-8.897037506103516,55.79976272583008,-8.200237274169922,88.46458435058594,24.464584350585938
1257,63.0,60.77247619628906,-2.2275238037109375,64.63288116455078,1.6328811645507812,92.70938110351562,29.709381103515625
1258,62.0,56.16835021972656,-5.8316497802734375,66.59439849853516,4.594398498535156,89.96615600585938,27.966156005859375
1259,61.0,50.816612243652344,-10.183387756347656,62.02687454223633,1.0268745422363281,81.62911987304688,20.629119873046875
1260,60.0,46.534671783447266,-13.465328216552734,50.402835845947266,-9.597164154052734,75.1358642578125,15.1358642578125
1261,59.0,48.53585433959961,-10.46414566040039,49.55345916748047,-9.446540832519531,77.41395568847656,18.413955688476562
1262,58.0,51.53343963623047,-6.466560363769531,55.952423095703125,-2.047576904296875,81.12648010253906,23.126480102539062
1263,57.0,53.50238800048828,-3.4976119995117188,61.78683853149414,4.786838531494141,83.8194351196289,26.819435119628906
1264,56.0,48.5111083984375,-7.4888916015625,56.13518142700195,0.13518142700195312,81.529541015625,25.529541015625
1265,55.0,45.12123107910156,-9.878768920898438,47.536441802978516,-7.463558197021484,77.95813751220703,22.95813751220703
1266,54.0,44.22319793701172,-9.776802062988281,47.16428756713867,-6.835712432861328,77.72087097167969,23.720870971679688
1267,53.0,37.713096618652344,-15.286903381347656,42.77204513549805,-10.227954864501953,71.58056640625,18.58056640625
1268,52.0,41.84620666503906,-10.153793334960938,41.82829284667969,-10.171707153320312,68.78711700439453,16.78711700439453
1269,51.0,48.05767059326172,-2.9423294067382812,56.35299301147461,5.352993011474609,75.9328842163086,24.932884216308594
1270,50.0,43.86521911621094,-6.1347808837890625,54.413516998291016,4.413516998291016,75.57305908203125,25.57305908203125
1271,49.0,39.37893295288086,-9.62106704711914,44.051025390625,-4.948974609375,70.62400817871094,21.624008178710938
1272,48.0,33.610618591308594,-14.389381408691406,36.7519645690918,-11.248035430908203,61.99943923950195,13.999439239501953
1273,47.0,32.712223052978516,-14.287776947021484,33.87129592895508,-13.128704071044922,55.00354766845703,8.003547668457031
1274,46.0,40.27988052368164,-5.720119476318359,41.17103958129883,-4.828960418701172,59.33866500854492,13.338665008544922
1275,45.0,34.51166534423828,-10.488334655761719,38.59449005126953,-6.405509948730469,60.16697311401367,15.166973114013672
1276,44.0,37.874549865722656,-6.125450134277344,41.68932342529297,-2.3106765747070312,62.545127868652344,18.545127868652344
1277,43.0,35.33034133911133,-7.669658660888672,43.245765686035156,0.24576568603515625,63.39702224731445,20.397022247314453
1278,42.0,30.510570526123047,-11.489429473876953,37.767791748046875,-4.232208251953125,56.441959381103516,14.441959381103516
1279,41.0,28.214008331298828,-12.785991668701172,32.59958267211914,-8.40041732788086,50.00307846069336,9.00307846069336
1280,40.0,27.216312408447266,-12.783687591552734,29.912086486816406,-10.087913513183594,45.17592239379883,5.175922393798828
1281,39.0,29.702924728393555,-9.297075271606445,33.055625915527344,-5.944374084472656,47.34254837036133,8.342548370361328
1282,38.0,30.14444923400879,-7.855550765991211,34.74281692504883,-3.257183074951172,49.20265579223633,11.202655792236328
1283,37.0,23.178956985473633,-13.821043014526367,27.19422149658203,-9.805778503417969,41.67461395263672,4.674613952636719
1284,36.0,24.246511459350586,-11.753488540649414,26.215810775756836,-9.784189224243164,38.501060485839844,2.5010604858398438
1285,35.0,21.62938117980957,-13.37061882019043,22.98690414428711,-12.01309585571289,36.75383758544922,1.7538375854492188
1286,34.0,20.5933780670166,-13.406621932983398,20.650657653808594,-13.349342346191406,33.0025749206543,-0.9974250793457031
1287,33.0,19.67292022705078,-13.327079772949219,20.619226455688477,-12.380773544311523,31.761354446411133,-1.2386455535888672
1288,32.0,17.5622501373291,-14.437749862670898,19.15087127685547,-12.849128723144531,29.5246524810791,-2.4753475189208984
1289,31.0,17.741193771362305,-13.258806228637695,20.013442993164062,-10.986557006835938,30.246374130249023,-0.7536258697509766
1290,30.0,17.592845916748047,-12.407154083251953,20.38929557800293,-9.61070442199707,31.045942306518555,1.0459423065185547
1291,29.0,15.993746757507324,-13.006253242492676,19.30007553100586,-9.69992446899414,29.56236457824707,0.5623645782470703
1292,28.0,14.282052040100098,-13.717947959899902,15.173789024353027,-12.826210975646973,24.36941146850586,-3.6305885314941406
1293,27.0,14.28667163848877,-12.71332836151123,14.755707740783691,-12.244292259216309,23.882089614868164,-3.117910385131836
1294,26.0,13.399584770202637,-12.600415229797363,13.2974853515625,-12.7025146484375,23.79574966430664,-2.2042503356933594
1295,25.0,10.326210975646973,-14.673789024353027,11.102766036987305,-13.897233963012695,20.98854637145996,-4.011453628540039
1296,24.0,18.24382209777832,-5.75617790222168,15.08273696899414,-8.91726303100586,25.111154556274414,1.111154556274414
1297,23.0,20.388694763183594,-2.6113052368164062,14.789203643798828,-8.210796356201172,27.900619506835938,4.9006195068359375
1298,22.0,20.147127151489258,-1.8528728485107422,13.803035736083984,-8.196964263916016,28.298490524291992,6.298490524291992
1299,21.0,20.666522979736328,-0.3334770202636719,13.172423362731934,-7.827576637268066,28.659317016601562,7.6593170166015625
1300,20.0,13.644608497619629,-6.355391502380371,8.936115264892578,-11.063884735107422,24.008821487426758,4.008821487426758
1301,19.0,11.138806343078613,-7.861193656921387,7.349740505218506,-11.650259017944336,22.18265151977539,3.1826515197753906
1302,18.0,12.637282371520996,-5.362717628479004,8.724261283874512,-9.275738716125488,24.47809410095215,6.478094100952148
1303,17.0,8.018311500549316,-8.981688499450684,5.5763163566589355,-11.423683166503906,22.34025764465332,5.34025764465332
1304,16.0,7.452301979064941,-8.547698020935059,4.922502040863037,-11.077497482299805,23.388471603393555,7.388471603393555
1305,15.0,11.816017150878906,-3.1839828491210938,8.213506698608398,-6.786493301391602,32.78786849975586,17.78786849975586
1306,14.0,11.419783592224121,-2.580216407775879,6.865795612335205,-7.134204387664795,37.56517791748047,23.56517791748047
1307,13.0,10.330281257629395,-2.6697187423706055,5.513428211212158,-7.486571788787842,38.867279052734375,25.867279052734375
1308,12.0,6.995818614959717,-5.004181385040283,3.316981554031372,-8.683018684387207,37.058685302734375,25.058685302734375
1309,11.0,4.292505741119385,-6.707494258880615,3.0940043926239014,-7.9059953689575195,35.72101593017578,24.72101593017578
1310,10.0,6.319458484649658,-3.680541515350342,4.118515968322754,-5.881484031677246,38.719627380371094,28.719627380371094
1311,9.0,3.6652445793151855,-5.3347554206848145,2.586719512939453,-6.413280487060547,39.531124114990234,30.531124114990234
1312,8.0,0.03716591000556946,-7.962833881378174,1.3505886793136597,-6.649411201477051,38.60985565185547,30.60985565185547
1313,7.0,0.0,-7.0,0.3217548429965973,-6.6782450675964355,36.61486053466797,29.61486053466797
1314,6.0,0.0,-6.0,0.5844278335571289,-5.415572166442871,36.26339340209961,30.26339340209961
1315,5.0,0.0,-5.0,0.8463006019592285,-4.1536993980407715,36.671852111816406,31.671852111816406
1316,4.0,0.0,-4.0,1.2076867818832397,-2.7923130989074707,38.029911041259766,34.029911041259766
1317,3.0,0.0,-3.0,1.226058840751648,-1.773941159248352,38.8917121887207,35.8917121887207
1318,2.0,0.0,-2.0,0.0,-2.0,35.62211227416992,33.62211227416992
1319,1.0,0.0,-1.0,0.0,-1.0,32.483638763427734,31.483638763427734
1320,110.0,91.99598693847656,-18.004013061523438,94.3209457397461,-15.679054260253906,106.8033676147461,-3.1966323852539062
1321,109.0,90.4634780883789,-18.536521911621094,92.9903793334961,-16.009620666503906,106.42768096923828,-2.5723190307617188
1322,108.0,90.08302307128906,-17.916976928710938,93.23255920410156,-14.767440795898438,106.48237609863281,-1.5176239013671875
1323,107.0,89.45932006835938,-17.540679931640625,93.04724884033203,-13.952751159667969,106.75748443603516,-0.24251556396484375
1324,106.0,87.71778869628906,-18.282211303710938,91.62682342529297,-14.373176574707031,106.30587768554688,0.305877685546875
1325,105.0,85.96783447265625,-19.03216552734375,87.81639862060547,-17.18360137939453,105.85795593261719,0.8579559326171875
1326,104.0,88.4178466796875,-15.5821533203125,89.7874755859375,-14.2125244140625,106.85379791259766,2.8537979125976562
1327,103.0,87.64047241210938,-15.359527587890625,89.83572387695312,-13.164276123046875,107.12495422363281,4.1249542236328125
1328,102.0,84.46290588378906,-17.537094116210938,86.80294036865234,-15.197059631347656,106.32777404785156,4.3277740478515625
1329,101.0,84.131591796875,-16.868408203125,86.33906555175781,-14.660934448242188,105.89735412597656,4.8973541259765625
1330,100.0,88.01124572753906,-11.988754272460938,92.54428100585938,-7.455718994140625,106.97605895996094,6.9760589599609375
1331,99.0,87.78546905517578,-11.214530944824219,92.81897735595703,-6.181022644042969,107.20156860351562,8.201568603515625
1332,98.0,86.9366683959961,-11.063331604003906,91.08684539794922,-6.913154602050781,107.0344009399414,9.034400939941406
1333,97.0,86.71402740478516,-10.285972595214844,91.02054595947266,-5.979454040527344,107.09020233154297,10.090202331542969
1334,96.0,87.27693176269531,-8.723068237304688,91.53246307373047,-4.467536926269531,107.22498321533203,11.224983215332031
1335,95.0,86.22618103027344,-8.773818969726562,89.94799041748047,-5.052009582519531,106.96809387207031,11.968093872070312
1336,94.0,83.76209259033203,-10.237907409667969,85.36959075927734,-8.630409240722656,106.13534545898438,12.135345458984375
1337,93.0,81.66468048095703,-11.335319519042969,78.87261199951172,-14.127388000488281,105.56556701660156,12.565567016601562
1338,92.0,81.10147857666016,-10.898521423339844,74.91576385498047,-17.08423614501953,105.32101440429688,13.321014404296875
1339,91.0,79.87571716308594,-11.124282836914062,70.3851089477539,-20.614891052246094,105.30083465576172,14.300834655761719
1340,90.0,79.99614715576172,-10.003852844238281,73.20380401611328,-16.79619598388672,105.64861297607422,15.648612976074219
1341,89.0,82.88621520996094,-6.1137847900390625,78.60556030273438,-10.394439697265625,106.90917205810547,17.90917205810547
1342,88.0,81.30616760253906,-6.6938323974609375,78.65525817871094,-9.344741821289062,106.5890884399414,18.589088439941406
1343,87.0,79.32896423339844,-7.6710357666015625,76.08735656738281,-10.912643432617188,105.80929565429688,18.809295654296875
1344,86.0,75.93498229980469,-10.065017700195312,71.1299819946289,-14.870018005371094,105.07339477539062,19.073394775390625
1345,85.0,78.4548568725586,-6.545143127441406,74.11292266845703,-10.887077331542969,105.90498352050781,20.904983520507812
1346,84.0,80.89594268798828,-3.1040573120117188,80.12493896484375,-3.87506103515625,106.84879302978516,22.848793029785156
1347,83.0,78.22201538085938,-4.777984619140625,79.63572692871094,-3.3642730712890625,106.1014404296875,23.1014404296875
1348,82.0,77.59690856933594,-4.4030914306640625,77.2960433959961,-4.703956604003906,105.47834777832031,23.478347778320312
1349,81.0,77.414306640625,-3.585693359375,77.03789520263672,-3.9621047973632812,105.41252899169922,24.41252899169922
1350,80.0,76.82193756103516,-3.1780624389648438,75.32022857666016,-4.679771423339844,105.33329772949219,25.333297729492188
1351,79.0,79.29327392578125,0.29327392578125,78.14806365966797,-0.8519363403320312,106.50086212158203,27.50086212158203
1352,78.0,75.10435485839844,-2.8956451416015625,72.04560089111328,-5.954399108886719,105.38057708740234,27.380577087402344
1353,77.0,74.61703491210938,-2.382965087890625,71.03923034667969,-5.9607696533203125,105.28860473632812,28.288604736328125
1354,76.0,73.32460021972656,-2.6753997802734375,67.31478118896484,-8.685218811035156,105.21784973144531,29.217849731445312
1355,75.0,71.99156188964844,-3.0084381103515625,64.64076232910156,-10.359237670898438,105.1486587524414,30.148658752441406
1356,74.0,74.58724212646484,0.5872421264648438,69.9865951538086,-4.013404846191406,106.08265686035156,32.08265686035156
1357,73.0,78.3426513671875,5.3426513671875,76.98328399658203,3.9832839965820312,106.70591735839844,33.70591735839844
1358,72.0,74.03298950195312,2.032989501953125,72.02062225341797,0.02062225341796875,105.04998016357422,33.04998016357422
1359,71.0,63.975345611572266,-7.024654388427734,58.27522659301758,-12.724773406982422,100.97743225097656,29.977432250976562
1360,70.0,63.70171356201172,-6.298286437988281,58.37977600097656,-11.620223999023438,102.27452087402344,32.27452087402344
1361,69.0,68.54154968261719,-0.4584503173828125,68.80069732666016,-0.19930267333984375,104.84722900390625,35.84722900390625
1362,68.0,64.82420349121094,-3.1757965087890625,65.35240173339844,-2.6475982666015625,103.67704010009766,35.677040100097656
1363,67.0,63.25655746459961,-3.7434425354003906,63.5605354309082,-3.439464569091797,102.69116973876953,35.69116973876953
1364,66.0,64.5255126953125,-1.4744873046875,64.92121124267578,-1.0787887573242188,103.16307067871094,37.16307067871094
1365,65.0,58.95702362060547,-6.042976379394531,58.946475982666016,-6.053524017333984,101.68846130371094,36.68846130371094
1366,64.0,58.9984130859375,-5.0015869140625,57.96554183959961,-6.034458160400391,101.85602569580078,37.85602569580078
1367,63.0,58.637413024902344,-4.362586975097656,58.66378402709961,-4.336215972900391,102.4395751953125,39.4395751953125
1368,62.0,57.15385055541992,-4.846149444580078,58.84400939941406,-3.1559906005859375,101.57240295410156,39.57240295410156
1369,61.0,50.38840103149414,-10.61159896850586,52.5106315612793,-8.489368438720703,98.995361328125,37.995361328125
1370,60.0,49.48834991455078,-10.511650085449219,50.363162994384766,-9.636837005615234,98.41668701171875,38.41668701171875
1371,59.0,53.00669860839844,-5.9933013916015625,56.01233673095703,-2.9876632690429688,100.25830078125,41.25830078125
1372,58.0,56.20209884643555,-1.7979011535644531,60.70793914794922,2.7079391479492188,99.50428009033203,41.50428009033203
1373,57.0,61.52459716796875,4.52459716796875,64.08097076416016,7.080970764160156,99.42404174804688,42.424041748046875
1374,56.0,55.50348663330078,-0.49651336669921875,54.40669631958008,-1.5933036804199219,97.53276062011719,41.53276062011719
1375,55.0,56.168701171875,1.168701171875,53.915252685546875,-1.084747314453125,97.98774719238281,42.98774719238281
1376,54.0,60.73304748535156,6.7330474853515625,59.36343765258789,5.363437652587891,99.82438659667969,45.82438659667969
1377,53.0,64.35389709472656,11.353897094726562,63.4223518371582,10.422351837158203,99.74147033691406,46.74147033691406
1378,52.0,63.4291877746582,11.429187774658203,62.303157806396484,10.303157806396484,99.05815124511719,47.05815124511719
1379,51.0,52.675376892089844,1.6753768920898438,45.920658111572266,-5.079341888427734,91.59519958496094,40.59519958496094
1380,50.0,40.701629638671875,-9.298370361328125,33.51621627807617,-16.483783721923828,83.29149627685547,33.29149627685547
1381,49.0,43.07499694824219,-5.9250030517578125,35.141075134277344,-13.858924865722656,82.25274658203125,33.25274658203125
1382,48.0,44.55878829956055,-3.441211700439453,39.1205940246582,-8.879405975341797,84.43582153320312,36.435821533203125
1383,47.0,43.64472961425781,-3.3552703857421875,41.19345474243164,-5.806545257568359,83.7237548828125,36.7237548828125
1384,46.0,52.69633102416992,6.696331024169922,50.54938888549805,4.549388885498047,89.16016387939453,43.16016387939453
1385,45.0,47.65482711791992,2.654827117919922,47.43452835083008,2.434528350830078,89.78013610839844,44.78013610839844
1386,44.0,42.6280517578125,-1.3719482421875,40.92610168457031,-3.0738983154296875,82.73731994628906,38.73731994628906
1387,43.0,42.98381805419922,-0.01618194580078125,39.495540618896484,-3.5044593811035156,78.8393325805664,35.839332580566406
1388,42.0,46.995052337646484,4.995052337646484,43.235206604003906,1.2352066040039062,80.02601623535156,38.02601623535156
1389,41.0,50.1927375793457,9.192737579345703,49.15207290649414,8.15207290649414,83.89007568359375,42.89007568359375
1390,40.0,44.78961944580078,4.789619445800781,44.02817153930664,4.028171539306641,81.182861328125,41.182861328125
1391,39.0,44.62546157836914,5.625461578369141,43.92353057861328,4.923530578613281,78.5947265625,39.5947265625
1392,38.0,47.26393127441406,9.263931274414062,49.852230072021484,11.852230072021484,79.21349334716797,41.21349334716797
1393,37.0,46.81755828857422,9.817558288574219,55.10843276977539,18.10843276977539,77.93002319335938,40.930023193359375
1394,36.0,45.47901916503906,9.479019165039062,53.69087600708008,17.690876007080078,75.75418853759766,39.754188537597656
1395,35.0,42.315696716308594,7.315696716308594,48.088985443115234,13.088985443115234,73.33667755126953,38.33667755126953
1396,34.0,41.329750061035156,7.329750061035156,43.696109771728516,9.696109771728516,70.60858154296875,36.60858154296875
1397,33.0,37.0030517578125,4.0030517578125,37.164100646972656,4.164100646972656,66.68479919433594,33.68479919433594
1398,32.0,32.18629455566406,0.1862945556640625,31.764572143554688,-0.2354278564453125,60.24850845336914,28.24850845336914
1399,31.0,33.80619812011719,2.8061981201171875,33.52716064453125,2.52716064453125,55.611881256103516,24.611881256103516
1400,30.0,32.470428466796875,2.470428466796875,33.696136474609375,3.696136474609375,54.08773422241211,24.08773422241211
1401,29.0,35.19409942626953,6.194099426269531,36.472110748291016,7.472110748291016,54.71120071411133,25.711200714111328
1402,28.0,34.40974044799805,6.409740447998047,34.94890594482422,6.948905944824219,54.138282775878906,26.138282775878906
1403,27.0,25.60352897644043,-1.3964710235595703,28.275968551635742,1.2759685516357422,46.91067886352539,19.91067886352539
1404,26.0,24.084697723388672,-1.9153022766113281,25.870590209960938,-0.1294097900390625,40.185237884521484,14.185237884521484
1405,25.0,25.5426025390625,0.5426025390625,26.751930236816406,1.7519302368164062,39.24644470214844,14.246444702148438
1406,24.0,21.544889450073242,-2.455110549926758,23.486656188964844,-0.5133438110351562,35.97751235961914,11.97751235961914
1407,23.0,17.794240951538086,-5.205759048461914,20.33419418334961,-2.6658058166503906,31.80116844177246,8.801168441772461
1408,22.0,18.079954147338867,-3.920045852661133,19.998641967773438,-2.0013580322265625,30.558490753173828,8.558490753173828
1409,21.0,14.339341163635254,-6.660658836364746,18.750028610229492,-2.249971389770508,28.81227684020996,7.812276840209961
1410,20.0,8.652178764343262,-11.347821235656738,13.818060874938965,-6.181939125061035,24.25055503845215,4.250555038452148
1411,19.0,8.439638137817383,-10.560361862182617,14.834909439086914,-4.165090560913086,23.70046043395996,4.700460433959961
1412,18.0,10.514325141906738,-7.485674858093262,16.229114532470703,-1.7708854675292969,25.720029830932617,7.720029830932617
1413,17.0,9.66919994354248,-7.3308000564575195,14.918922424316406,-2.0810775756835938,25.785795211791992,8.785795211791992
1414,16.0,9.623291015625,-6.376708984375,14.686037063598633,-1.3139629364013672,26.96529197692871,10.965291976928711
1415,15.0,8.251260757446289,-6.748739242553711,13.089875221252441,-1.9101247787475586,29.163803100585938,14.163803100585938
1416,14.0,8.707209587097168,-5.292790412902832,9.677574157714844,-4.322425842285156,29.757291793823242,15.757291793823242
1417,13.0,1.4521511793136597,-11.54784870147705,4.995181083679199,-8.0048189163208,29.38762092590332,16.38762092590332
1418,12.0,0.0,-12.0,4.011420726776123,-7.988579273223877,33.483951568603516,21.483951568603516
1419,11.0,4.276244640350342,-6.723755359649658,8.064290046691895,-2.9357099533081055,43.057926177978516,32.057926177978516
1420,10.0,7.682162284851074,-2.317837715148926,7.870528221130371,-2.129471778869629,48.03672409057617,38.03672409057617
1421,9.0,4.265650749206543,-4.734349250793457,4.70493745803833,-4.29506254196167,45.616363525390625,36.616363525390625
1422,8.0,2.5211663246154785,-5.4788336753845215,3.5205605030059814,-4.479439735412598,43.96110916137695,35.96110916137695
1423,7.0,2.2612149715423584,-4.7387847900390625,3.508836030960083,-3.491163969039917,44.38789367675781,37.38789367675781
1424,6.0,0.0,-6.0,1.0054298639297485,-4.994570255279541,41.62137985229492,35.62137985229492
1425,5.0,0.0,-5.0,0.6516246795654297,-4.34837532043457,40.9109001159668,35.9109001159668
1426,4.0,0.0,-4.0,0.4845266044139862,-3.5154733657836914,40.86245346069336,36.86245346069336
1427,3.0,0.0,-3.0,0.48024412989616394,-2.5197558403015137,40.52832794189453,37.52832794189453
1428,2.0,0.0,-2.0,0.835838794708252,-1.164161205291748,43.1436653137207,41.1436653137207
1429,1.0,0.0,-1.0,0.0,-1.0,40.796119689941406,39.796119689941406
1430,110.0,91.78427124023438,-18.215728759765625,94.79537200927734,-15.204627990722656,107.94966888427734,-2.0503311157226562
1431,109.0,90.32679748535156,-18.673202514648438,91.16744995117188,-17.832550048828125,107.74546813964844,-1.2545318603515625
1432,108.0,91.66055297851562,-16.339447021484375,93.53653717041016,-14.463462829589844,107.89539337158203,-0.10460662841796875
1433,107.0,89.22037506103516,-17.779624938964844,93.98441314697266,-13.015586853027344,107.36221313476562,0.362213134765625
1434,106.0,87.9189682006836,-18.081031799316406,92.38607025146484,-13.613929748535156,107.2239990234375,1.2239990234375
1435,105.0,86.46559143066406,-18.534408569335938,88.72674560546875,-16.27325439453125,107.40685272216797,2.4068527221679688
1436,104.0,83.88025665283203,-20.11974334716797,82.44837951660156,-21.551620483398438,106.36488342285156,2.3648834228515625
1437,103.0,85.63996887207031,-17.360031127929688,83.48685455322266,-19.513145446777344,106.58369445800781,3.5836944580078125
1438,102.0,87.69955444335938,-14.300445556640625,87.91411590576172,-14.085884094238281,107.79154968261719,5.7915496826171875
1439,101.0,87.96682739257812,-13.033172607421875,88.70604705810547,-12.293952941894531,107.96237182617188,6.962371826171875
1440,100.0,84.968017578125,-15.031982421875,86.28427124023438,-13.715728759765625,107.11990356445312,7.119903564453125
1441,99.0,84.5760269165039,-14.423973083496094,83.33917999267578,-15.660820007324219,106.82369232177734,7.823692321777344
1442,98.0,83.71435546875,-14.28564453125,81.32860565185547,-16.67139434814453,106.73910522460938,8.739105224609375
1443,97.0,83.26480865478516,-13.735191345214844,79.87378692626953,-17.12621307373047,106.9771728515625,9.9771728515625
1444,96.0,81.99382019042969,-14.006179809570312,77.35706329345703,-18.64293670654297,106.95585632324219,10.955856323242188
1445,95.0,79.1524429321289,-15.847557067871094,72.04387664794922,-22.95612335205078,106.21727752685547,11.217277526855469
1446,94.0,78.35087585449219,-15.649124145507812,69.51317596435547,-24.48682403564453,106.20308685302734,12.203086853027344
1447,93.0,78.36502075195312,-14.634979248046875,72.26544952392578,-20.73455047607422,107.06622314453125,14.06622314453125
1448,92.0,80.5963134765625,-11.4036865234375,79.45455932617188,-12.545440673828125,107.85359954833984,15.853599548339844
1449,91.0,80.90218353271484,-10.097816467285156,83.09260559082031,-7.9073944091796875,107.77616882324219,16.776168823242188
1450,90.0,81.5994644165039,-8.400535583496094,84.8134536743164,-5.186546325683594,107.73316955566406,17.733169555664062
1451,89.0,78.94723510742188,-10.052764892578125,82.28654479980469,-6.7134552001953125,106.97315216064453,17.97315216064453
1452,88.0,77.78007507324219,-10.219924926757812,79.67462921142578,-8.325370788574219,106.57586669921875,18.57586669921875
1453,87.0,75.3936996459961,-11.606300354003906,75.1043930053711,-11.895606994628906,106.01145935058594,19.011459350585938
1454,86.0,71.90446472167969,-14.095535278320312,68.14224243164062,-17.857757568359375,104.82412719726562,18.824127197265625
1455,85.0,76.08598327636719,-8.914016723632812,73.27579498291016,-11.724205017089844,106.60751342773438,21.607513427734375
1456,84.0,80.24598693847656,-3.7540130615234375,81.14067840576172,-2.8593215942382812,108.06321716308594,24.063217163085938
1457,83.0,75.19886779785156,-7.8011322021484375,74.25238037109375,-8.74761962890625,105.87565612792969,22.875656127929688
1458,82.0,73.05033874511719,-8.949661254882812,69.87593841552734,-12.124061584472656,104.45594024658203,22.45594024658203
1459,81.0,76.64933776855469,-4.3506622314453125,72.17748260498047,-8.822517395019531,105.8341064453125,24.8341064453125
1460,80.0,75.49102783203125,-4.50897216796875,71.75482177734375,-8.24517822265625,105.79450988769531,25.794509887695312
1461,79.0,74.13008117675781,-4.8699188232421875,71.46192169189453,-7.538078308105469,105.52079772949219,26.520797729492188
1462,78.0,72.43812561035156,-5.5618743896484375,69.19258117675781,-8.807418823242188,105.44585418701172,27.44585418701172
1463,77.0,69.93944549560547,-7.060554504394531,66.84013366699219,-10.159866333007812,104.99189758300781,27.991897583007812
1464,76.0,66.6282958984375,-9.3717041015625,63.952327728271484,-12.047672271728516,103.76081848144531,27.760818481445312
1465,75.0,63.25662612915039,-11.74337387084961,60.314640045166016,-14.685359954833984,102.74821472167969,27.748214721679688
1466,74.0,63.9509391784668,-10.049060821533203,63.98277282714844,-10.017227172851562,103.23861694335938,29.238616943359375
1467,73.0,62.90697479248047,-10.093025207519531,67.11572265625,-5.88427734375,103.95965576171875,30.95965576171875
1468,72.0,66.6581039428711,-5.341896057128906,69.8944091796875,-2.1055908203125,104.52294158935547,32.52294158935547
1469,71.0,70.35116577148438,-0.648834228515625,72.93795013427734,1.9379501342773438,105.95082092285156,34.95082092285156
1470,70.0,77.43862915039062,7.438629150390625,79.79364776611328,9.793647766113281,107.07347106933594,37.07347106933594
1471,69.0,84.73306274414062,15.733062744140625,89.87226867675781,20.872268676757812,107.56800842285156,38.56800842285156
1472,68.0,84.67782592773438,16.677825927734375,89.32207489013672,21.32207489013672,106.68574523925781,38.68574523925781
1473,67.0,78.65023040771484,11.650230407714844,78.44219207763672,11.442192077636719,103.55682373046875,36.55682373046875
1474,66.0,76.84474182128906,10.844741821289062,73.13248443603516,7.132484436035156,102.24166107177734,36.241661071777344
1475,65.0,77.18021392822266,12.180213928222656,78.54708099365234,13.547080993652344,104.39092254638672,39.39092254638672
1476,64.0,72.37613677978516,8.376136779785156,74.9607162475586,10.960716247558594,102.70145416259766,38.701454162597656
1477,63.0,70.42652893066406,7.4265289306640625,72.75688934326172,9.756889343261719,101.99442291259766,38.994422912597656
1478,62.0,66.42269897460938,4.422698974609375,68.58330535888672,6.583305358886719,101.5406723022461,39.540672302246094
1479,61.0,62.9915885925293,1.9915885925292969,66.38218688964844,5.3821868896484375,101.1982650756836,40.198265075683594
1480,60.0,58.50395584106445,-1.4960441589355469,64.46900177001953,4.469001770019531,101.28284454345703,41.28284454345703
1481,59.0,53.667274475097656,-5.332725524902344,58.32224655151367,-0.6777534484863281,98.80196380615234,39.801963806152344
1482,58.0,47.1800537109375,-10.8199462890625,48.5786247253418,-9.421375274658203,95.5386962890625,37.5386962890625
1483,57.0,48.403526306152344,-8.596473693847656,45.11595153808594,-11.884048461914062,95.96478271484375,38.96478271484375
1484,56.0,54.880859375,-1.119140625,51.84523010253906,-4.1547698974609375,98.88551330566406,42.88551330566406
1485,55.0,51.70096969604492,-3.299030303955078,50.64890670776367,-4.351093292236328,97.23846435546875,42.23846435546875
1486,54.0,62.05125427246094,8.051254272460938,59.80719757080078,5.807197570800781,98.1816635131836,44.181663513183594
1487,53.0,68.95249938964844,15.952499389648438,66.96968078613281,13.969680786132812,99.9454345703125,46.9454345703125
1488,52.0,63.18367385864258,11.183673858642578,58.99972915649414,6.999729156494141,96.81918334960938,44.819183349609375
1489,51.0,70.46666717529297,19.46666717529297,67.53618621826172,16.53618621826172,99.21556854248047,48.21556854248047
1490,50.0,76.14384460449219,26.143844604492188,76.06993865966797,26.06993865966797,99.74356079101562,49.743560791015625
1491,49.0,70.56710815429688,21.567108154296875,66.25922393798828,17.25922393798828,93.95127868652344,44.95127868652344
1492,48.0,66.21212005615234,18.212120056152344,59.231876373291016,11.231876373291016,91.3753890991211,43.375389099121094
1493,47.0,67.58353424072266,20.583534240722656,61.08536148071289,14.08536148071289,93.97415161132812,46.974151611328125
1494,46.0,61.57624435424805,15.576244354248047,56.72694778442383,10.726947784423828,92.39390563964844,46.39390563964844
1495,45.0,55.585060119628906,10.585060119628906,50.78040313720703,5.780403137207031,89.43633270263672,44.43633270263672
1496,44.0,52.646522521972656,8.646522521972656,49.06476593017578,5.064765930175781,86.77272033691406,42.77272033691406
1497,43.0,51.96513748168945,8.965137481689453,44.3145866394043,1.3145866394042969,85.90486145019531,42.90486145019531
1498,42.0,57.13150405883789,15.13150405883789,48.88349914550781,6.8834991455078125,90.45826721191406,48.45826721191406
1499,41.0,59.53414535522461,18.53414535522461,58.43527603149414,17.43527603149414,93.44461822509766,52.444618225097656
1500,40.0,54.907676696777344,14.907676696777344,52.37544631958008,12.375446319580078,90.34517669677734,50.345176696777344
1501,39.0,47.979427337646484,8.979427337646484,46.101078033447266,7.101078033447266,83.89688110351562,44.896881103515625
1502,38.0,47.026912689208984,9.026912689208984,44.115081787109375,6.115081787109375,79.34859466552734,41.348594665527344
1503,37.0,42.346405029296875,5.346405029296875,34.38967514038086,-2.6103248596191406,76.30390930175781,39.30390930175781
1504,36.0,39.91230010986328,3.9123001098632812,30.542240142822266,-5.457759857177734,70.67182159423828,34.67182159423828
1505,35.0,39.613624572753906,4.613624572753906,31.979143142700195,-3.0208568572998047,65.93778991699219,30.937789916992188
1506,34.0,36.56715774536133,2.567157745361328,28.831220626831055,-5.168779373168945,60.49942398071289,26.49942398071289
1507,33.0,27.60557746887207,-5.39442253112793,20.968299865722656,-12.031700134277344,50.113834381103516,17.113834381103516
1508,32.0,30.00405502319336,-1.9959449768066406,23.164398193359375,-8.835601806640625,48.02771759033203,16.02771759033203
1509,31.0,33.07566452026367,2.075664520263672,26.549224853515625,-4.450775146484375,49.488067626953125,18.488067626953125
1510,30.0,30.51226806640625,0.51226806640625,27.91436004638672,-2.0856399536132812,50.21792984008789,20.21792984008789
1511,29.0,28.43515396118164,-0.5648460388183594,25.225658416748047,-3.774341583251953,47.49358367919922,18.49358367919922
1512,28.0,19.535066604614258,-8.464933395385742,18.588947296142578,-9.411052703857422,39.087032318115234,11.087032318115234
1513,27.0,20.264204025268555,-6.735795974731445,17.976200103759766,-9.023799896240234,37.7069206237793,10.706920623779297
1514,26.0,20.337596893310547,-5.662403106689453,19.83082389831543,-6.16917610168457,37.80448532104492,11.804485321044922
1515,25.0,22.5109920501709,-2.4890079498291016,21.74447250366211,-3.2555274963378906,38.03874588012695,13.038745880126953
1516,24.0,20.615657806396484,-3.3843421936035156,20.156747817993164,-3.843252182006836,36.79458236694336,12.79458236694336
1517,23.0,14.71265697479248,-8.28734302520752,15.671588897705078,-7.328411102294922,30.729433059692383,7.729433059692383
1518,22.0,12.402328491210938,-9.597671508789062,13.660079956054688,-8.339920043945312,28.282915115356445,6.282915115356445
1519,21.0,14.838836669921875,-6.161163330078125,16.057580947875977,-4.942419052124023,31.026966094970703,10.026966094970703
1520,20.0,13.22667121887207,-6.77332878112793,15.285833358764648,-4.714166641235352,31.719127655029297,11.719127655029297
1521,19.0,11.625932693481445,-7.374067306518555,13.946250915527344,-5.053749084472656,32.77520751953125,13.77520751953125
1522,18.0,14.4151029586792,-3.584897041320801,15.955911636352539,-2.044088363647461,35.71462631225586,17.71462631225586
1523,17.0,15.68779468536377,-1.3122053146362305,17.635683059692383,0.6356830596923828,37.83041000366211,20.83041000366211
1524,16.0,12.140998840332031,-3.8590011596679688,14.663652420043945,-1.3363475799560547,35.12839126586914,19.12839126586914
1525,15.0,6.692806243896484,-8.307193756103516,8.767745018005371,-6.232254981994629,30.435760498046875,15.435760498046875
1526,14.0,6.111250400543213,-7.888749599456787,6.970468044281006,-7.029531955718994,31.939952850341797,17.939952850341797
1527,13.0,3.3122153282165527,-9.687784194946289,4.751292705535889,-8.248706817626953,33.83936309814453,20.83936309814453
1528,12.0,3.333789825439453,-8.666210174560547,4.187611103057861,-7.812388896942139,37.28205490112305,25.282054901123047
1529,11.0,5.189105033874512,-5.810894966125488,2.943711996078491,-8.05628776550293,40.993648529052734,29.993648529052734
1530,10.0,1.4584635496139526,-8.541536331176758,0.0,-10.0,38.81533432006836,28.81533432006836
1531,9.0,2.5828957557678223,-6.417104244232178,0.5384483337402344,-8.461551666259766,42.68013381958008,33.68013381958008
1532,8.0,4.209719181060791,-3.790280818939209,1.200725793838501,-6.799274444580078,48.02847671508789,40.02847671508789
1533,7.0,0.5493813753128052,-6.450618743896484,0.0,-7.0,46.3974723815918,39.3974723815918
1534,6.0,1.3446706533432007,-4.65532922744751,0.1276523768901825,-5.872347831726074,48.7388916015625,42.7388916015625
1535,5.0,0.0,-5.0,0.0,-5.0,44.3797607421875,39.3797607421875
1536,4.0,0.0,-4.0,0.0,-4.0,41.26699447631836,37.26699447631836
1537,3.0,0.0,-3.0,0.0,-3.0,42.37687301635742,39.37687301635742
1538,2.0,0.0,-2.0,0.0,-2.0,41.28224563598633,39.28224563598633
1539,1.0,0.0,-1.0,0.0,-1.0,44.88810729980469,43.88810729980469
1540,110.0,82.47660064697266,-27.523399353027344,80.32693481445312,-29.673065185546875,106.38517761230469,-3.6148223876953125
1541,109.0,85.47008514404297,-23.52991485595703,85.64334106445312,-23.356658935546875,107.22985076904297,-1.7701492309570312
1542,108.0,87.36119079589844,-20.638809204101562,90.43758392333984,-17.562416076660156,107.66312408447266,-0.33687591552734375
1543,107.0,86.38323974609375,-20.61676025390625,89.99925994873047,-17.00074005126953,107.1030044555664,0.10300445556640625
1544,106.0,82.53758239746094,-23.462417602539062,83.81110382080078,-22.18889617919922,106.05390930175781,0.0539093017578125
1545,105.0,79.41671752929688,-25.583282470703125,75.24120330810547,-29.75879669189453,105.25289154052734,0.25289154052734375
1546,104.0,82.3982925415039,-21.601707458496094,76.91246032714844,-27.087539672851562,106.31846618652344,2.3184661865234375
1547,103.0,80.94789123535156,-22.052108764648438,76.2155990600586,-26.784400939941406,106.39163970947266,3.3916397094726562
1548,102.0,80.58549499511719,-21.414505004882812,75.25580596923828,-26.74419403076172,105.90278625488281,3.9027862548828125
1549,101.0,80.27365112304688,-20.726348876953125,75.93610382080078,-25.06389617919922,106.13623809814453,5.136238098144531
1550,100.0,79.98401641845703,-20.01598358154297,76.44719696044922,-23.55280303955078,105.87396240234375,5.87396240234375
1551,99.0,78.8492431640625,-20.1507568359375,75.37956237792969,-23.620437622070312,105.7789306640625,6.7789306640625
1552,98.0,82.04026794433594,-15.959732055664062,80.42851257324219,-17.571487426757812,106.70796966552734,8.707969665527344
1553,97.0,82.14793395996094,-14.852066040039062,84.35586547851562,-12.644134521484375,106.74187469482422,9.741874694824219
1554,96.0,77.59180450439453,-18.40819549560547,78.61417388916016,-17.385826110839844,105.00071716308594,9.000717163085938
1555,95.0,73.0230484008789,-21.976951599121094,68.30692291259766,-26.693077087402344,103.54916381835938,8.549163818359375
1556,94.0,72.4164810180664,-21.583518981933594,64.57312774658203,-29.42687225341797,104.12828826904297,10.128288269042969
1557,93.0,71.10310363769531,-21.896896362304688,62.77448654174805,-30.225513458251953,104.43759155273438,11.437591552734375
1558,92.0,65.25653076171875,-26.74346923828125,56.05733871459961,-35.94266128540039,102.6085433959961,10.608543395996094
1559,91.0,61.116085052490234,-29.883914947509766,49.14438247680664,-41.85561752319336,101.29727172851562,10.297271728515625
1560,90.0,67.25341796875,-22.74658203125,58.42764663696289,-31.57235336303711,104.26963806152344,14.269638061523438
1561,89.0,74.48694610595703,-14.513053894042969,71.8443374633789,-17.155662536621094,106.27452087402344,17.274520874023438
1562,88.0,72.25867462158203,-15.741325378417969,70.82012176513672,-17.17987823486328,104.86167907714844,16.861679077148438
1563,87.0,67.72946166992188,-19.270538330078125,65.15071105957031,-21.849288940429688,102.56767272949219,15.567672729492188
1564,86.0,68.9713134765625,-17.0286865234375,69.0404052734375,-16.9595947265625,103.42236328125,17.42236328125
1565,85.0,71.77082824707031,-13.229171752929688,75.56332397460938,-9.436676025390625,105.04124450683594,20.041244506835938
1566,84.0,71.49311828613281,-12.506881713867188,74.6711196899414,-9.328880310058594,104.587890625,20.587890625
1567,83.0,73.8577880859375,-9.1422119140625,78.94463348388672,-4.055366516113281,104.76666259765625,21.76666259765625
1568,82.0,72.19288635253906,-9.807113647460938,77.21843719482422,-4.781562805175781,103.67659759521484,21.676597595214844
1569,81.0,67.98532104492188,-13.014678955078125,70.64596557617188,-10.354034423828125,101.82034301757812,20.820343017578125
1570,80.0,63.927772521972656,-16.072227478027344,63.136329650878906,-16.863670349121094,100.70382690429688,20.703826904296875
1571,79.0,65.40229034423828,-13.597709655761719,68.42794036865234,-10.572059631347656,102.07001495361328,23.07001495361328
1572,78.0,66.18778228759766,-11.812217712402344,69.07292938232422,-8.927070617675781,102.5553207397461,24.555320739746094
1573,77.0,67.25281524658203,-9.747184753417969,69.05723571777344,-7.9427642822265625,103.13064575195312,26.130645751953125
1574,76.0,67.70533752441406,-8.294662475585938,70.63749694824219,-5.3625030517578125,103.4549560546875,27.4549560546875
1575,75.0,62.947879791259766,-12.052120208740234,65.15054321289062,-9.849456787109375,101.40367126464844,26.403671264648438
1576,74.0,62.17074966430664,-11.82925033569336,62.769500732421875,-11.230499267578125,100.43917846679688,26.439178466796875
1577,73.0,59.33697509765625,-13.66302490234375,59.3828010559082,-13.617198944091797,100.81033325195312,27.810333251953125
1578,72.0,51.95800018310547,-20.04199981689453,52.30620574951172,-19.69379425048828,98.92890930175781,26.928909301757812
1579,71.0,52.020835876464844,-18.979164123535156,55.40534591674805,-15.594654083251953,99.84507751464844,28.845077514648438
1580,70.0,58.502723693847656,-11.497276306152344,64.64026641845703,-5.359733581542969,101.92191314697266,31.921913146972656
1581,69.0,60.382240295410156,-8.617759704589844,65.394287109375,-3.605712890625,101.34361267089844,32.34361267089844
1582,68.0,65.9600830078125,-2.0399169921875,69.04582977294922,1.0458297729492188,101.18362426757812,33.183624267578125
1583,67.0,69.9988021850586,2.9988021850585938,72.6989517211914,5.698951721191406,101.82135772705078,34.82135772705078
1584,66.0,66.17320251464844,0.1732025146484375,68.63020324707031,2.6302032470703125,100.5040283203125,34.5040283203125
1585,65.0,62.649261474609375,-2.350738525390625,62.393978118896484,-2.6060218811035156,99.03370666503906,34.03370666503906
1586,64.0,61.98643493652344,-2.0135650634765625,62.832218170166016,-1.1677818298339844,99.87342834472656,35.87342834472656
1587,63.0,61.5202751159668,-1.4797248840332031,63.0904426574707,0.09044265747070312,99.9759750366211,36.975975036621094
1588,62.0,60.145904541015625,-1.854095458984375,63.290218353271484,1.2902183532714844,99.08229064941406,37.08229064941406
1589,61.0,59.034828186035156,-1.9651718139648438,58.97272872924805,-2.027271270751953,97.10031127929688,36.100311279296875
1590,60.0,52.596092224121094,-7.403907775878906,49.4122200012207,-10.587779998779297,94.26038360595703,34.26038360595703
1591,59.0,46.542545318603516,-12.457454681396484,42.95992660522461,-16.04007339477539,92.63214111328125,33.63214111328125
1592,58.0,47.946434020996094,-10.053565979003906,45.023765563964844,-12.976234436035156,93.32972717285156,35.32972717285156
1593,57.0,47.495155334472656,-9.504844665527344,45.73299026489258,-11.267009735107422,94.33872985839844,37.33872985839844
1594,56.0,42.18162155151367,-13.818378448486328,39.9395637512207,-16.060436248779297,91.1003646850586,35.100364685058594
1595,55.0,41.52286148071289,-13.47713851928711,36.474510192871094,-18.525489807128906,89.01837158203125,34.01837158203125
1596,54.0,42.92538833618164,-11.07461166381836,36.26536560058594,-17.734634399414062,89.37328338623047,35.37328338623047
1597,53.0,49.5512580871582,-3.448741912841797,44.21245193481445,-8.787548065185547,92.3055191040039,39.305519104003906
1598,52.0,49.29149627685547,-2.7085037231445312,47.897159576416016,-4.102840423583984,92.67433166503906,40.67433166503906
1599,51.0,43.23870086669922,-7.761299133300781,41.8034553527832,-9.196544647216797,87.70983123779297,36.70983123779297
1600,50.0,44.4676513671875,-5.5323486328125,41.061161041259766,-8.938838958740234,86.84222412109375,36.84222412109375
1601,49.0,49.20473861694336,0.20473861694335938,47.33220291137695,-1.6677970886230469,88.95023345947266,39.950233459472656
1602,48.0,51.13832092285156,3.1383209228515625,53.165462493896484,5.165462493896484,90.29408264160156,42.29408264160156
1603,47.0,52.65940856933594,5.6594085693359375,53.84709167480469,6.8470916748046875,89.34613037109375,42.34613037109375
1604,46.0,49.47019958496094,3.4701995849609375,47.5316047668457,1.5316047668457031,86.25433349609375,40.25433349609375
1605,45.0,38.234703063964844,-6.765296936035156,31.712482452392578,-13.287517547607422,77.0919189453125,32.0919189453125
1606,44.0,31.914960861206055,-12.085039138793945,23.13704490661621,-20.86295509338379,67.013427734375,23.013427734375
1607,43.0,37.09838104248047,-5.901618957519531,29.360946655273438,-13.639053344726562,68.33377838134766,25.333778381347656
1608,42.0,38.57939147949219,-3.4206085205078125,34.35609436035156,-7.6439056396484375,70.21451568603516,28.214515686035156
1609,41.0,34.470394134521484,-6.529605865478516,35.47098159790039,-5.529018402099609,68.23236083984375,27.23236083984375
1610,40.0,33.891761779785156,-6.108238220214844,34.77842330932617,-5.221576690673828,66.2310791015625,26.2310791015625
1611,39.0,35.0716667175293,-3.928333282470703,38.10420608520508,-0.8957939147949219,69.04341125488281,30.043411254882812
1612,38.0,31.458200454711914,-6.541799545288086,34.33250427246094,-3.6674957275390625,67.04629516601562,29.046295166015625
1613,37.0,30.793684005737305,-6.206315994262695,31.28082275390625,-5.71917724609375,62.4654541015625,25.4654541015625
1614,36.0,27.00661277770996,-8.993387222290039,26.512266159057617,-9.487733840942383,55.94337844848633,19.943378448486328
1615,35.0,23.826948165893555,-11.173051834106445,22.345443725585938,-12.654556274414062,47.60471725463867,12.604717254638672
1616,34.0,24.181076049804688,-9.818923950195312,21.652202606201172,-12.347797393798828,44.03121566772461,10.03121566772461
1617,33.0,25.590856552124023,-7.409143447875977,24.355438232421875,-8.644561767578125,44.71550369262695,11.715503692626953
1618,32.0,28.429426193237305,-3.5705738067626953,27.748512268066406,-4.251487731933594,47.15317916870117,15.153179168701172
1619,31.0,28.137643814086914,-2.862356185913086,30.754684448242188,-0.2453155517578125,49.13161849975586,18.13161849975586
1620,30.0,22.223604202270508,-7.776395797729492,21.725936889648438,-8.274063110351562,42.069034576416016,12.069034576416016
1621,29.0,22.55936050415039,-6.440639495849609,21.856266021728516,-7.143733978271484,38.1588134765625,9.1588134765625
1622,28.0,23.766550064086914,-4.233449935913086,23.837621688842773,-4.162378311157227,39.72920608520508,11.729206085205078
1623,27.0,17.357229232788086,-9.642770767211914,16.969364166259766,-10.030635833740234,33.48931884765625,6.48931884765625
1624,26.0,13.880118370056152,-12.119881629943848,12.066238403320312,-13.933761596679688,26.447265625,0.447265625
1625,25.0,16.46856117248535,-8.531438827514648,15.078718185424805,-9.921281814575195,27.67984390258789,2.6798439025878906
1626,24.0,16.76396942138672,-7.236030578613281,17.053157806396484,-6.946842193603516,29.892635345458984,5.892635345458984
1627,23.0,17.246448516845703,-5.753551483154297,17.52302360534668,-5.47697639465332,30.874860763549805,7.874860763549805
1628,22.0,16.32598304748535,-5.674016952514648,16.471603393554688,-5.5283966064453125,29.50382423400879,7.503824234008789
1629,21.0,11.396101951599121,-9.603898048400879,10.494741439819336,-10.505258560180664,22.929845809936523,1.9298458099365234
1630,20.0,9.263941764831543,-10.736058235168457,8.131385803222656,-11.868614196777344,19.52120018005371,-0.47879981994628906
1631,19.0,10.074536323547363,-8.925463676452637,10.158681869506836,-8.841318130493164,20.81524085998535,1.8152408599853516
1632,18.0,10.791437149047852,-7.208562850952148,11.597686767578125,-6.402313232421875,23.146394729614258,5.146394729614258
1633,17.0,10.968842506408691,-6.031157493591309,10.833403587341309,-6.166596412658691,24.260108947753906,7.260108947753906
1634,16.0,17.404176712036133,1.4041767120361328,11.689279556274414,-4.310720443725586,25.601974487304688,9.601974487304688
1635,15.0,15.705853462219238,0.7058534622192383,8.545477867126465,-6.454522132873535,24.406633377075195,9.406633377075195
1636,14.0,8.456480979919434,-5.543519020080566,3.3082549571990967,-10.691744804382324,20.80711555480957,6.80711555480957
1637,13.0,6.914388656616211,-6.085611343383789,3.1572930812835693,-9.842706680297852,22.9420108795166,9.942010879516602
1638,12.0,6.08024787902832,-5.91975212097168,3.012000560760498,-8.987998962402344,28.072282791137695,16.072282791137695
1639,11.0,6.365179061889648,-4.634820938110352,3.5698201656341553,-7.430179595947266,33.295249938964844,22.295249938964844
1640,10.0,5.572340488433838,-4.427659511566162,2.994438409805298,-7.005561828613281,36.6690559387207,26.669055938720703
1641,9.0,4.349660873413086,-4.650339126586914,2.886580228805542,-6.113419532775879,39.46015548706055,30.460155487060547
1642,8.0,4.121890544891357,-3.8781094551086426,2.4815585613250732,-5.518441200256348,41.17116165161133,33.17116165161133
1643,7.0,6.611452579498291,-0.388547420501709,3.297736167907715,-3.702263832092285,44.32039260864258,37.32039260864258
1644,6.0,6.508033275604248,0.508033275604248,2.6927177906036377,-3.3072822093963623,45.4825553894043,39.4825553894043
1645,5.0,2.433361530303955,-2.566638469696045,1.09940767288208,-3.90059232711792,42.40424728393555,37.40424728393555
1646,4.0,0.0,-4.0,0.056157052516937256,-3.943842887878418,38.503116607666016,34.503116607666016
1647,3.0,0.0,-3.0,0.0,-3.0,35.78603744506836,32.78603744506836
1648,2.0,0.0,-2.0,0.0,-2.0,33.994686126708984,31.994686126708984
1649,1.0,0.0,-1.0,0.0,-1.0,32.39572525024414,31.39572525024414
1650,110.0,70.85626983642578,-39.14373016357422,64.0121078491211,-45.987892150878906,95.63197326660156,-14.368026733398438
1651,109.0,65.9765625,-43.0234375,59.725372314453125,-49.274627685546875,94.2856216430664,-14.714378356933594
1652,108.0,70.8709716796875,-37.1290283203125,68.64847564697266,-39.351524353027344,96.49958801269531,-11.500411987304688
1653,107.0,76.5743408203125,-30.4256591796875,79.04518127441406,-27.954818725585938,99.6369400024414,-7.363059997558594
1654,106.0,79.49412536621094,-26.505874633789062,82.22828674316406,-23.771713256835938,101.147705078125,-4.852294921875
1655,105.0,85.55260467529297,-19.44739532470703,89.20452880859375,-15.79547119140625,103.00526428222656,-1.9947357177734375
1656,104.0,86.97557830810547,-17.02442169189453,88.9354476928711,-15.064552307128906,101.9521713256836,-2.0478286743164062
1657,103.0,82.48902130126953,-20.51097869873047,78.26419067382812,-24.735809326171875,97.1653823852539,-5.834617614746094
1658,102.0,90.92645263671875,-11.07354736328125,89.64641571044922,-12.353584289550781,101.44666290283203,-0.5533370971679688
1659,101.0,90.8532485961914,-10.146751403808594,92.1979751586914,-8.802024841308594,102.35890197753906,1.3589019775390625
1660,100.0,82.42794799804688,-17.572052001953125,81.15900421142578,-18.84099578857422,96.40596771240234,-3.5940322875976562
1661,99.0,81.47758483886719,-17.522415161132812,79.14043426513672,-19.85956573486328,95.67631530761719,-3.3236846923828125
1662,98.0,73.2607650756836,-24.739234924316406,67.79314422607422,-30.20685577392578,92.52191925048828,-5.478080749511719
1663,97.0,64.94648742675781,-32.05351257324219,60.964019775390625,-36.035980224609375,89.66290283203125,-7.33709716796875
1664,96.0,64.21807861328125,-31.78192138671875,65.84611511230469,-30.153884887695312,93.19988250732422,-2.8001174926757812
1665,95.0,60.02138900756836,-34.97861099243164,65.47354125976562,-29.526458740234375,94.77207946777344,-0.2279205322265625
1666,94.0,57.81260299682617,-36.18739700317383,58.905513763427734,-35.094486236572266,94.14816284179688,0.148162841796875
1667,93.0,65.70342254638672,-27.29657745361328,66.88074493408203,-26.11925506591797,98.10458374023438,5.104583740234375
1668,92.0,66.35580444335938,-25.644195556640625,72.77230834960938,-19.227691650390625,99.42414093017578,7.424140930175781
1669,91.0,60.13481903076172,-30.86518096923828,64.25088500976562,-26.749114990234375,93.988037109375,2.988037109375
1670,90.0,54.69046401977539,-35.30953598022461,56.05963897705078,-33.94036102294922,88.2501220703125,-1.7498779296875
1671,89.0,57.05638885498047,-31.94361114501953,58.1720085144043,-30.827991485595703,87.73223114013672,-1.2677688598632812
1672,88.0,56.47868347167969,-31.521316528320312,50.91484451293945,-37.08515548706055,90.10894775390625,2.10894775390625
1673,87.0,66.54312133789062,-20.456878662109375,70.38734436035156,-16.612655639648438,94.95208740234375,7.95208740234375
1674,86.0,72.08491516113281,-13.915084838867188,85.56096649169922,-0.43903350830078125,97.68891143798828,11.688911437988281
1675,85.0,71.59688568115234,-13.403114318847656,83.81114959716797,-1.1888504028320312,96.33777618408203,11.337776184082031
1676,84.0,81.1053237915039,-2.8946762084960938,90.54830169677734,6.548301696777344,98.53718566894531,14.537185668945312
1677,83.0,79.32664489746094,-3.6733551025390625,88.83184051513672,5.831840515136719,97.18853759765625,14.18853759765625
1678,82.0,69.40187072753906,-12.598129272460938,77.84078216552734,-4.159217834472656,91.64599609375,9.64599609375
1679,81.0,67.6230239868164,-13.376976013183594,73.96530151367188,-7.034698486328125,90.99853515625,9.99853515625
1680,80.0,64.51042175292969,-15.489578247070312,73.2210922241211,-6.778907775878906,92.23482513427734,12.234825134277344
1681,79.0,56.14875030517578,-22.85124969482422,58.38822555541992,-20.611774444580078,89.23147583007812,10.231475830078125
1682,78.0,57.58659362792969,-20.413406372070312,57.59098434448242,-20.409015655517578,88.15890502929688,10.158905029296875
1683,77.0,58.69529342651367,-18.304706573486328,69.74896240234375,-7.25103759765625,88.92234802246094,11.922348022460938
1684,76.0,55.195716857910156,-20.804283142089844,67.77945709228516,-8.220542907714844,86.47657775878906,10.476577758789062
1685,75.0,53.03770065307617,-21.962299346923828,61.07095718383789,-13.92904281616211,84.83999633789062,9.839996337890625
1686,74.0,57.576873779296875,-16.423126220703125,65.13871002197266,-8.861289978027344,89.29869079589844,15.298690795898438
1687,73.0,54.348350524902344,-18.651649475097656,59.1889762878418,-13.811023712158203,89.07264709472656,16.072647094726562
1688,72.0,45.343605041503906,-26.656394958496094,47.658809661865234,-24.341190338134766,81.34548950195312,9.345489501953125
1689,71.0,43.8101806640625,-27.1898193359375,43.38791275024414,-27.61208724975586,77.06996154785156,6.0699615478515625
1690,70.0,44.92439270019531,-25.075607299804688,41.46330642700195,-28.536693572998047,75.43885803222656,5.4388580322265625
1691,69.0,49.89999008178711,-19.10000991821289,49.75838088989258,-19.241619110107422,79.01496887207031,10.014968872070312
1692,68.0,49.76490020751953,-18.23509979248047,54.069278717041016,-13.930721282958984,81.65579223632812,13.655792236328125
1693,67.0,50.781898498535156,-16.218101501464844,56.52962112426758,-10.470378875732422,82.7337646484375,15.7337646484375
1694,66.0,53.612144470214844,-12.387855529785156,64.04462432861328,-1.9553756713867188,85.28784942626953,19.28784942626953
1695,65.0,46.701629638671875,-18.298370361328125,59.60151290893555,-5.398487091064453,80.87425231933594,15.874252319335938
1696,64.0,42.175018310546875,-21.824981689453125,51.55978775024414,-12.44021224975586,73.3888168334961,9.388816833496094
1697,63.0,41.103004455566406,-21.896995544433594,43.40534591674805,-19.594654083251953,67.95140075683594,4.9514007568359375
1698,62.0,42.01038360595703,-19.98961639404297,43.931976318359375,-18.068023681640625,67.70189666748047,5.701896667480469
1699,61.0,45.68974304199219,-15.310256958007812,49.49179458618164,-11.50820541381836,70.8479995727539,9.847999572753906
1700,60.0,43.632049560546875,-16.367950439453125,48.05210494995117,-11.947895050048828,70.7270278930664,10.727027893066406
1701,59.0,38.61787414550781,-20.382125854492188,43.98484802246094,-15.015151977539062,67.16027069091797,8.160270690917969
1702,58.0,36.674224853515625,-21.325775146484375,39.572723388671875,-18.427276611328125,62.15393829345703,4.153938293457031
1703,57.0,41.946414947509766,-15.053585052490234,42.57343673706055,-14.426563262939453,63.63285446166992,6.632854461669922
1704,56.0,41.91444778442383,-14.085552215576172,43.503273010253906,-12.496726989746094,65.40080261230469,9.400802612304688
1705,55.0,32.36042785644531,-22.639572143554688,33.45301818847656,-21.546981811523438,58.21479415893555,3.214794158935547
1706,54.0,34.081016540527344,-19.918983459472656,33.832401275634766,-20.167598724365234,54.41128158569336,0.4112815856933594
1707,53.0,38.7213134765625,-14.2786865234375,38.71968460083008,-14.280315399169922,55.89899826049805,2.898998260498047
1708,52.0,37.97835922241211,-14.02164077758789,39.79568099975586,-12.20431900024414,58.39607238769531,6.3960723876953125
1709,51.0,37.118980407714844,-13.881019592285156,38.390384674072266,-12.609615325927734,58.517086029052734,7.517086029052734
1710,50.0,36.03199768066406,-13.968002319335938,37.410640716552734,-12.589359283447266,58.02571487426758,8.025714874267578
1711,49.0,35.185516357421875,-13.814483642578125,36.957176208496094,-12.042823791503906,56.38229751586914,7.382297515869141
1712,48.0,32.78529357910156,-15.214706420898438,33.86912155151367,-14.130878448486328,52.40378952026367,4.403789520263672
1713,47.0,33.16648864746094,-13.833511352539062,34.33708572387695,-12.662914276123047,51.60396194458008,4.603961944580078
1714,46.0,28.6566219329834,-17.3433780670166,31.15316390991211,-14.84683609008789,47.44306564331055,1.4430656433105469
1715,45.0,21.842744827270508,-23.157255172729492,24.128246307373047,-20.871753692626953,40.07717514038086,-4.922824859619141
1716,44.0,23.934972763061523,-20.065027236938477,24.030670166015625,-19.969329833984375,39.01893615722656,-4.9810638427734375
1717,43.0,21.830196380615234,-21.169803619384766,22.252986907958984,-20.747013092041016,37.377769470214844,-5.622230529785156
1718,42.0,19.944448471069336,-22.055551528930664,20.80432891845703,-21.19567108154297,34.47812271118164,-7.521877288818359
1719,41.0,19.11370277404785,-21.88629722595215,21.31024932861328,-19.68975067138672,33.20838928222656,-7.7916107177734375
1720,40.0,21.740190505981445,-18.259809494018555,23.807769775390625,-16.192230224609375,34.74623489379883,-5.253765106201172
1721,39.0,25.197481155395508,-13.802518844604492,27.30889320373535,-11.691106796264648,38.220176696777344,-0.7798233032226562
1722,38.0,27.084367752075195,-10.915632247924805,29.54092025756836,-8.45907974243164,41.259517669677734,3.2595176696777344
1723,37.0,19.210508346557617,-17.789491653442383,22.866680145263672,-14.133319854736328,36.16143035888672,-0.8385696411132812
1724,36.0,14.172228813171387,-21.827770233154297,18.188369750976562,-17.811630249023438,30.308513641357422,-5.691486358642578
1725,35.0,22.723737716674805,-12.276262283325195,24.183969497680664,-10.816030502319336,34.89472198486328,-0.10527801513671875
1726,34.0,22.79276466369629,-11.207235336303711,24.315738677978516,-9.684261322021484,37.01102828979492,3.011028289794922
1727,33.0,14.379837036132812,-18.620162963867188,15.351160049438477,-17.648839950561523,29.535865783691406,-3.4641342163085938
1728,32.0,15.224369049072266,-16.775630950927734,15.529574394226074,-16.47042465209961,28.43638038635254,-3.563619613647461
1729,31.0,14.447508811950684,-16.552490234375,16.339035034179688,-14.660964965820312,29.17128562927246,-1.828714370727539
1730,30.0,11.234735488891602,-18.7652645111084,13.887655258178711,-16.11234474182129,28.592042922973633,-1.4079570770263672
1731,29.0,9.935328483581543,-19.06467056274414,12.466014862060547,-16.533985137939453,29.17239761352539,0.17239761352539062
1732,28.0,11.317232131958008,-16.682767868041992,14.392372131347656,-13.607627868652344,33.02824020385742,5.028240203857422
1733,27.0,11.377849578857422,-15.622150421142578,13.708943367004395,-13.291056632995605,36.44231414794922,9.442314147949219
1734,26.0,7.9126691818237305,-18.087329864501953,9.285433769226074,-16.71456527709961,35.82271957397461,9.82271957397461
1735,25.0,5.906160831451416,-19.093839645385742,6.9235920906066895,-18.07640838623047,36.09253692626953,11.092536926269531
1736,24.0,2.594935894012451,-21.40506362915039,4.508890628814697,-19.49110984802246,35.548152923583984,11.548152923583984
1737,23.0,3.365481376647949,-19.634517669677734,4.152817726135254,-18.847183227539062,38.45100784301758,15.451007843017578
1738,22.0,7.141702175140381,-14.858297348022461,6.365000247955322,-15.635000228881836,46.19502639770508,24.195026397705078
1739,21.0,12.320942878723145,-8.679057121276855,8.325543403625488,-12.674456596374512,53.73432540893555,32.73432540893555
1740,20.0,20.706857681274414,0.7068576812744141,12.389491081237793,-7.610508918762207,62.60686111450195,42.60686111450195
1741,19.0,21.702184677124023,2.7021846771240234,11.8319091796875,-7.1680908203125,63.997108459472656,44.997108459472656
1742,18.0,17.567859649658203,-0.4321403503417969,9.755836486816406,-8.244163513183594,59.154537200927734,41.154537200927734
1743,17.0,8.304274559020996,-8.695725440979004,5.2804718017578125,-11.719528198242188,49.04909133911133,32.04909133911133
1744,16.0,1.3886774778366089,-14.611322402954102,1.8838648796081543,-14.116134643554688,39.8890380859375,23.8890380859375
1745,15.0,3.776059627532959,-11.223939895629883,3.1881723403930664,-11.811827659606934,43.575382232666016,28.575382232666016
1746,14.0,6.603949069976807,-7.396050930023193,3.5970547199249268,-10.402945518493652,49.7218132019043,35.7218132019043
1747,13.0,7.748915195465088,-5.251084804534912,4.180479526519775,-8.819520950317383,52.77298355102539,39.77298355102539
1748,12.0,5.52423620223999,-6.47576379776001,3.2060344219207764,-8.793965339660645,52.35044860839844,40.35044860839844
1749,11.0,3.1659278869628906,-7.834072113037109,1.5758873224258423,-9.424112319946289,50.415016174316406,39.415016174316406
1750,10.0,5.645470142364502,-4.354529857635498,3.4488890171051025,-6.551111221313477,53.69322204589844,43.69322204589844
1751,9.0,6.153454780578613,-2.8465452194213867,2.5900590419769287,-6.409940719604492,54.96706771850586,45.96706771850586
1752,8.0,2.264044761657715,-5.735955238342285,0.06860250234603882,-7.931397438049316,50.4087028503418,42.4087028503418
1753,7.0,0.0,-7.0,0.0,-7.0,46.340667724609375,39.340667724609375
1754,6.0,0.34499844908714294,-5.655001640319824,0.23082169890403748,-5.76917839050293,47.48244857788086,41.48244857788086
1755,5.0,0.0,-5.0,0.0,-5.0,45.01417922973633,40.01417922973633
1756,4.0,0.0,-4.0,0.0,-4.0,42.99917984008789,38.99917984008789
1757,3.0,0.0,-3.0,0.0,-3.0,40.457401275634766,37.457401275634766
1758,2.0,0.0,-2.0,0.0,-2.0,40.31940841674805,38.31940841674805
1759,1.0,0.0,-1.0,0.0,-1.0,38.49061965942383,37.49061965942383
1760,110.0,81.91224670410156,-28.087753295898438,78.66565704345703,-31.33434295654297,106.22779846191406,-3.7722015380859375
1761,109.0,79.9442138671875,-29.0557861328125,73.83666229248047,-35.16333770751953,105.91804504394531,-3.0819549560546875
1762,108.0,81.30585479736328,-26.69414520263672,74.73868560791016,-33.261314392089844,106.62793731689453,-1.3720626831054688
1763,107.0,80.52023315429688,-26.479766845703125,73.9612045288086,-33.038795471191406,106.53966522216797,-0.46033477783203125
1764,106.0,79.37910461425781,-26.620895385742188,74.53397369384766,-31.466026306152344,106.35274505615234,0.35274505615234375
1765,105.0,79.22395324707031,-25.776046752929688,75.14759826660156,-29.852401733398438,106.75910949707031,1.7591094970703125
1766,104.0,74.1421127319336,-29.857887268066406,66.28504180908203,-37.71495819091797,105.03506469726562,1.035064697265625
1767,103.0,74.83937072753906,-28.160629272460938,67.69625091552734,-35.303749084472656,105.78363800048828,2.7836380004882812
1768,102.0,76.74856567382812,-25.251434326171875,71.8039779663086,-30.196022033691406,106.91264343261719,4.9126434326171875
1769,101.0,72.69581604003906,-28.304183959960938,66.21788787841797,-34.78211212158203,105.50238800048828,4.502388000488281
1770,100.0,73.56092071533203,-26.43907928466797,65.82450866699219,-34.17549133300781,105.58415222167969,5.5841522216796875
1771,99.0,76.48778533935547,-22.51221466064453,71.77129364013672,-27.22870635986328,106.87684631347656,7.8768463134765625
1772,98.0,75.87176513671875,-22.12823486328125,72.43598175048828,-25.56401824951172,106.56489562988281,8.564895629882812
1773,97.0,78.56427764892578,-18.43572235107422,79.20787811279297,-17.79212188720703,106.88526916503906,9.885269165039062
1774,96.0,79.70606994628906,-16.293930053710938,82.58028411865234,-13.419715881347656,107.12251281738281,11.122512817382812
1775,95.0,79.88607788085938,-15.113922119140625,82.6372299194336,-12.362770080566406,106.69854736328125,11.69854736328125
1776,94.0,78.78759765625,-15.21240234375,81.77957916259766,-12.220420837402344,106.43257141113281,12.432571411132812
1777,93.0,76.82006072998047,-16.17993927001953,79.83251190185547,-13.167488098144531,105.91358947753906,12.913589477539062
1778,92.0,75.88064575195312,-16.119354248046875,77.37459564208984,-14.625404357910156,105.47052001953125,13.47052001953125
1779,91.0,73.68357849121094,-17.316421508789062,74.6027603149414,-16.397239685058594,105.20111083984375,14.20111083984375
1780,90.0,74.05521392822266,-15.944786071777344,73.11217498779297,-16.88782501220703,105.49612426757812,15.496124267578125
1781,89.0,72.98570251464844,-16.014297485351562,71.37841033935547,-17.62158966064453,105.53895568847656,16.538955688476562
1782,88.0,78.56815338134766,-9.431846618652344,78.34542083740234,-9.654579162597656,107.31888580322266,19.318885803222656
1783,87.0,75.48714447021484,-11.512855529785156,73.9737777709961,-13.026222229003906,105.99386596679688,18.993865966796875
1784,86.0,76.6031265258789,-9.396873474121094,73.84351348876953,-12.156486511230469,105.59540557861328,19.59540557861328
1785,85.0,83.6551513671875,-1.3448486328125,86.28131103515625,1.28131103515625,108.11600494384766,23.116004943847656
1786,84.0,79.16923522949219,-4.8307647705078125,81.97545623779297,-2.0245437622070312,106.21041870117188,22.210418701171875
1787,83.0,71.82685852050781,-11.173141479492188,72.10832977294922,-10.891670227050781,103.34122467041016,20.341224670410156
1788,82.0,64.55675506591797,-17.44324493408203,62.12809753417969,-19.871902465820312,101.26444244384766,19.264442443847656
1789,81.0,63.579978942871094,-17.420021057128906,62.932987213134766,-18.067012786865234,102.03913116455078,21.03913116455078
1790,80.0,62.41166305541992,-17.588336944580078,63.99726104736328,-16.00273895263672,103.27639770507812,23.276397705078125
1791,79.0,61.99139404296875,-17.00860595703125,68.24121856689453,-10.758781433105469,103.9657211303711,24.965721130371094
1792,78.0,62.41249084472656,-15.587509155273438,69.94876861572266,-8.051231384277344,104.10177612304688,26.101776123046875
1793,77.0,60.994384765625,-16.005615234375,65.43226623535156,-11.567733764648438,102.4467544555664,25.446754455566406
1794,76.0,55.346195220947266,-20.653804779052734,56.59549331665039,-19.40450668334961,100.94529724121094,24.945297241210938
1795,75.0,55.160377502441406,-19.839622497558594,55.048343658447266,-19.951656341552734,100.93653869628906,25.936538696289062
1796,74.0,57.2891731262207,-16.710826873779297,59.339359283447266,-14.660640716552734,102.29341888427734,28.293418884277344
1797,73.0,56.86089324951172,-16.13910675048828,60.839168548583984,-12.160831451416016,101.40902709960938,28.409027099609375
1798,72.0,57.4818115234375,-14.5181884765625,59.28249740600586,-12.71750259399414,100.817138671875,28.817138671875
1799,71.0,57.32048797607422,-13.679512023925781,58.72331237792969,-12.276687622070312,100.93385314941406,29.933853149414062
1800,70.0,68.63391876220703,-1.3660812377929688,70.10211944580078,0.10211944580078125,102.35842895507812,32.358428955078125
1801,69.0,75.66935729980469,6.6693572998046875,72.33526611328125,3.33526611328125,100.59449768066406,31.594497680664062
1802,68.0,74.49331665039062,6.493316650390625,69.63130950927734,1.6313095092773438,99.10806274414062,31.108062744140625
1803,67.0,66.68195343017578,-0.31804656982421875,58.051353454589844,-8.948646545410156,97.63688659667969,30.636886596679688
1804,66.0,64.19011688232422,-1.8098831176757812,55.69211196899414,-10.30788803100586,97.73066711425781,31.730667114257812
1805,65.0,71.6739273071289,6.673927307128906,66.96163177490234,1.9616317749023438,100.92448425292969,35.92448425292969
1806,64.0,71.29376983642578,7.293769836425781,70.470703125,6.470703125,99.98725891113281,35.98725891113281
1807,63.0,74.29119873046875,11.29119873046875,69.51201629638672,6.512016296386719,97.745361328125,34.745361328125
1808,62.0,78.08148193359375,16.08148193359375,75.65375518798828,13.653755187988281,98.58551788330078,36.58551788330078
1809,61.0,72.6958999633789,11.695899963378906,69.2945327758789,8.294532775878906,96.126953125,35.126953125
1810,60.0,71.57146453857422,11.571464538574219,68.04205322265625,8.04205322265625,96.41304779052734,36.413047790527344
1811,59.0,74.19385528564453,15.193855285644531,68.24642181396484,9.246421813964844,98.10330963134766,39.103309631347656
1812,58.0,68.52574157714844,10.525741577148438,61.84150314331055,3.841503143310547,95.33280181884766,37.332801818847656
1813,57.0,66.90841674804688,9.908416748046875,62.41347885131836,5.413478851318359,95.30683135986328,38.30683135986328
1814,56.0,60.53978729248047,4.539787292480469,55.652469635009766,-0.3475303649902344,92.21395874023438,36.213958740234375
1815,55.0,57.613914489746094,2.6139144897460938,52.71775436401367,-2.282245635986328,89.57000732421875,34.57000732421875
1816,54.0,60.51597595214844,6.5159759521484375,56.72560119628906,2.7256011962890625,92.08213806152344,38.08213806152344
1817,53.0,52.41511154174805,-0.5848884582519531,53.631412506103516,0.6314125061035156,88.52613067626953,35.52613067626953
1818,52.0,52.682701110839844,0.6827011108398438,46.9970588684082,-5.002941131591797,85.68759155273438,33.687591552734375
1819,51.0,57.315452575683594,6.315452575683594,51.663658142089844,0.6636581420898438,90.05372619628906,39.05372619628906
1820,50.0,59.28764343261719,9.287643432617188,61.245059967041016,11.245059967041016,91.58822631835938,41.588226318359375
1821,49.0,58.505043029785156,9.505043029785156,62.73283386230469,13.732833862304688,91.14932250976562,42.149322509765625
1822,48.0,55.98487854003906,7.9848785400390625,53.78703308105469,5.7870330810546875,90.29904174804688,42.299041748046875
1823,47.0,53.624290466308594,6.624290466308594,53.35520553588867,6.355205535888672,87.59817504882812,40.598175048828125
1824,46.0,44.18819808959961,-1.8118019104003906,42.36960220336914,-3.6303977966308594,79.87579345703125,33.87579345703125
1825,45.0,46.43536376953125,1.43536376953125,40.23418426513672,-4.765815734863281,76.51973724365234,31.519737243652344
1826,44.0,49.789188385009766,5.789188385009766,45.704654693603516,1.7046546936035156,79.18126678466797,35.18126678466797
1827,43.0,44.41603088378906,1.4160308837890625,39.85586166381836,-3.1441383361816406,75.68537139892578,32.68537139892578
1828,42.0,47.96346664428711,5.963466644287109,45.33586120605469,3.3358612060546875,76.11602783203125,34.11602783203125
1829,41.0,49.01927185058594,8.019271850585938,51.510276794433594,10.510276794433594,79.76097106933594,38.76097106933594
1830,40.0,43.220787048339844,3.2207870483398438,45.229129791259766,5.229129791259766,75.93921661376953,35.93921661376953
1831,39.0,37.53314971923828,-1.4668502807617188,38.508323669433594,-0.49167633056640625,67.69654846191406,28.696548461914062
1832,38.0,29.749065399169922,-8.250934600830078,28.475584030151367,-9.524415969848633,55.05217361450195,17.052173614501953
1833,37.0,26.14105796813965,-10.858942031860352,21.300575256347656,-15.699424743652344,45.55677032470703,8.556770324707031
1834,36.0,28.37164306640625,-7.62835693359375,21.615114212036133,-14.384885787963867,44.15579605102539,8.15579605102539
1835,35.0,31.40216636657715,-3.5978336334228516,26.270118713378906,-8.729881286621094,47.23106002807617,12.231060028076172
1836,34.0,35.64213562011719,1.6421356201171875,32.626285552978516,-1.3737144470214844,52.06559371948242,18.065593719482422
1837,33.0,40.21187210083008,7.211872100830078,40.63107681274414,7.631076812744141,58.819156646728516,25.819156646728516
1838,32.0,37.096492767333984,5.096492767333984,41.07859802246094,9.078598022460938,60.4000358581543,28.400035858154297
1839,31.0,28.248472213745117,-2.751527786254883,30.596633911132812,-0.4033660888671875,51.53628921508789,20.53628921508789
1840,30.0,31.38273811340332,1.3827381134033203,29.481916427612305,-0.5180835723876953,48.66830825805664,18.66830825805664
1841,29.0,26.879911422729492,-2.120088577270508,27.425630569458008,-1.5743694305419922,45.11375045776367,16.113750457763672
1842,28.0,20.817476272583008,-7.182523727416992,20.983997344970703,-7.016002655029297,38.30527877807617,10.305278778076172
1843,27.0,26.30959701538086,-0.6904029846191406,23.372814178466797,-3.627185821533203,38.571372985839844,11.571372985839844
1844,26.0,23.725522994995117,-2.274477005004883,23.189891815185547,-2.810108184814453,37.42089080810547,11.420890808105469
1845,25.0,19.17584800720215,-5.824151992797852,20.699329376220703,-4.300670623779297,34.467689514160156,9.467689514160156
1846,24.0,21.683307647705078,-2.316692352294922,21.44611167907715,-2.5538883209228516,36.76188659667969,12.761886596679688
1847,23.0,18.060611724853516,-4.939388275146484,19.085548400878906,-3.9144515991210938,35.56107711791992,12.561077117919922
1848,22.0,11.249772071838379,-10.750227928161621,13.354727745056152,-8.645272254943848,29.922365188598633,7.922365188598633
1849,21.0,9.197577476501465,-11.802422523498535,10.933713912963867,-10.066286087036133,25.6558780670166,4.655878067016602
1850,20.0,10.570511817932129,-9.429488182067871,11.369597434997559,-8.630402565002441,26.26927375793457,6.26927375793457
1851,19.0,14.767922401428223,-4.232077598571777,15.571781158447266,-3.4282188415527344,32.75652313232422,13.756523132324219
1852,18.0,12.978644371032715,-5.021355628967285,15.39808177947998,-2.6019182205200195,37.62735366821289,19.62735366821289
1853,17.0,7.5074849128723145,-9.492515563964844,10.676507949829102,-6.323492050170898,35.94187545776367,18.941875457763672
1854,16.0,5.550055980682373,-10.449943542480469,7.3358588218688965,-8.664140701293945,34.24148178100586,18.24148178100586
1855,15.0,7.844100475311279,-7.155899524688721,8.584335327148438,-6.4156646728515625,36.691932678222656,21.691932678222656
1856,14.0,9.31834888458252,-4.6816511154174805,8.249956130981445,-5.750043869018555,39.09273910522461,25.09273910522461
1857,13.0,5.101704120635986,-7.898295879364014,3.8679721355438232,-9.132027626037598,36.3589973449707,23.358997344970703
1858,12.0,2.934833526611328,-9.065166473388672,2.201279878616333,-9.798720359802246,36.882266998291016,24.882266998291016
1859,11.0,3.4238672256469727,-7.576132774353027,1.6212719678878784,-9.378727912902832,40.0570182800293,29.057018280029297
1860,10.0,2.3663949966430664,-7.633605003356934,0.7488678693771362,-9.251132011413574,41.90186309814453,31.90186309814453
1861,9.0,2.7827930450439453,-6.217206954956055,1.0368412733078003,-7.96315860748291,46.04805374145508,37.04805374145508
1862,8.0,0.8692919611930847,-7.13070821762085,0.0,-8.0,46.22208023071289,38.22208023071289
1863,7.0,0.0,-7.0,0.0,-7.0,44.84957504272461,37.84957504272461
1864,6.0,0.0,-6.0,0.0,-6.0,45.10935974121094,39.10935974121094
1865,5.0,0.0,-5.0,0.0,-5.0,43.50486373901367,38.50486373901367
1866,4.0,0.0,-4.0,0.0,-4.0,42.18577194213867,38.18577194213867
1867,3.0,0.0,-3.0,0.0,-3.0,39.478424072265625,36.478424072265625
1868,2.0,0.0,-2.0,0.0,-2.0,39.55125427246094,37.55125427246094
1869,1.0,0.0,-1.0,0.0,-1.0,41.96085739135742,40.96085739135742
1870,110.0,75.09048461914062,-34.909515380859375,72.05680084228516,-37.943199157714844,104.72637939453125,-5.27362060546875
1871,109.0,77.80333709716797,-31.19666290283203,76.63111114501953,-32.36888885498047,105.44170379638672,-3.5582962036132812
1872,108.0,78.51045227050781,-29.489547729492188,77.24930572509766,-30.750694274902344,105.44165802001953,-2.5583419799804688
1873,107.0,75.43309783935547,-31.56690216064453,73.74651336669922,-33.25348663330078,104.44320678710938,-2.556793212890625
1874,106.0,74.78382873535156,-31.216171264648438,72.00940704345703,-33.99059295654297,103.71856689453125,-2.28143310546875
1875,105.0,77.18551635742188,-27.814483642578125,74.29987335205078,-30.70012664794922,104.46064758300781,-0.5393524169921875
1876,104.0,75.68276977539062,-28.317230224609375,72.46369171142578,-31.53630828857422,104.29975891113281,0.2997589111328125
1877,103.0,75.67106628417969,-27.328933715820312,71.70699310302734,-31.293006896972656,104.55462646484375,1.55462646484375
1878,102.0,74.0224609375,-27.9775390625,69.8258285522461,-32.174171447753906,104.23420715332031,2.2342071533203125
1879,101.0,74.93521118164062,-26.064788818359375,72.05503845214844,-28.944961547851562,104.66595458984375,3.66595458984375
1880,100.0,71.92982482910156,-28.070175170898438,66.06019592285156,-33.93980407714844,103.91554260253906,3.9155426025390625
1881,99.0,67.28911590576172,-31.71088409423828,57.4133186340332,-41.5866813659668,102.52987670898438,3.529876708984375
1882,98.0,69.68226623535156,-28.317733764648438,60.536808013916016,-37.463191986083984,103.63500213623047,5.635002136230469
1883,97.0,70.3772201538086,-26.622779846191406,65.58201599121094,-31.417984008789062,104.14065551757812,7.140655517578125
1884,96.0,66.01937866210938,-29.980621337890625,61.64973068237305,-34.35026931762695,102.893310546875,6.893310546875
1885,95.0,66.16056060791016,-28.839439392089844,62.284706115722656,-32.715293884277344,103.02394104003906,8.023941040039062
1886,94.0,69.16532897949219,-24.834671020507812,67.26464080810547,-26.73535919189453,103.95242309570312,9.952423095703125
1887,93.0,69.7334213256836,-23.266578674316406,68.41883087158203,-24.58116912841797,103.7122802734375,10.7122802734375
1888,92.0,68.84126281738281,-23.158737182617188,67.48577117919922,-24.51422882080078,103.60191345214844,11.601913452148438
1889,91.0,68.50674438476562,-22.493255615234375,66.67472839355469,-24.325271606445312,103.00450134277344,12.004501342773438
1890,90.0,69.15855407714844,-20.841445922851562,71.23332977294922,-18.76667022705078,103.38145446777344,13.381454467773438
1891,89.0,68.20266723632812,-20.797332763671875,69.54170227050781,-19.458297729492188,103.21051025390625,14.21051025390625
1892,88.0,65.37428283691406,-22.625717163085938,64.5716323852539,-23.428367614746094,102.15923309326172,14.159233093261719
1893,87.0,61.708126068115234,-25.291873931884766,58.25242233276367,-28.747577667236328,101.17874145507812,14.178741455078125
1894,86.0,62.961204528808594,-23.038795471191406,61.81128692626953,-24.18871307373047,101.68355560302734,15.683555603027344
1895,85.0,68.80894470214844,-16.191055297851562,69.05967712402344,-15.940322875976562,103.43809509277344,18.438095092773438
1896,84.0,64.03900909423828,-19.96099090576172,65.21830749511719,-18.781692504882812,102.11164855957031,18.111648559570312
1897,83.0,62.50529479980469,-20.494705200195312,62.89591598510742,-20.104084014892578,100.82757568359375,17.82757568359375
1898,82.0,56.649627685546875,-25.350372314453125,53.540313720703125,-28.459686279296875,98.64845275878906,16.648452758789062
1899,81.0,55.5146484375,-25.4853515625,52.33512496948242,-28.664875030517578,99.43814086914062,18.438140869140625
1900,80.0,60.16448211669922,-19.83551788330078,61.61117172241211,-18.38882827758789,102.15800476074219,22.158004760742188
1901,79.0,61.783424377441406,-17.216575622558594,65.89360809326172,-13.106391906738281,101.87077331542969,22.870773315429688
1902,78.0,67.57573699951172,-10.424263000488281,70.98453521728516,-7.015464782714844,102.3158950805664,24.315895080566406
1903,77.0,62.61403274536133,-14.385967254638672,65.48705291748047,-11.512947082519531,100.69874572753906,23.698745727539062
1904,76.0,57.40647506713867,-18.593524932861328,56.40066146850586,-19.59933853149414,97.67959594726562,21.679595947265625
1905,75.0,59.983543395996094,-15.016456604003906,61.636722564697266,-13.363277435302734,98.76170349121094,23.761703491210938
1906,74.0,49.756290435791016,-24.243709564208984,46.91542053222656,-27.084579467773438,95.83460998535156,21.834609985351562
1907,73.0,44.91686248779297,-28.08313751220703,39.11006546020508,-33.88993453979492,94.29374694824219,21.293746948242188
1908,72.0,48.5388298034668,-23.461170196533203,46.73811721801758,-25.261882781982422,97.525146484375,25.525146484375
1909,71.0,40.52488327026367,-30.475116729736328,39.54824447631836,-31.45175552368164,94.30068969726562,23.300689697265625
1910,70.0,43.005393981933594,-26.994606018066406,38.65596389770508,-31.344036102294922,92.44044494628906,22.440444946289062
1911,69.0,50.94418716430664,-18.05581283569336,48.960777282714844,-20.039222717285156,97.35148620605469,28.351486206054688
1912,68.0,60.72438049316406,-7.2756195068359375,61.89121627807617,-6.108783721923828,100.18930053710938,32.189300537109375
1913,67.0,53.231544494628906,-13.768455505371094,52.94962692260742,-14.050373077392578,97.41819763183594,30.418197631835938
1914,66.0,45.958152770996094,-20.041847229003906,43.02341079711914,-22.97658920288086,93.12860870361328,27.12860870361328
1915,65.0,49.27429962158203,-15.725700378417969,46.195743560791016,-18.804256439208984,94.3215103149414,29.321510314941406
1916,64.0,47.432716369628906,-16.567283630371094,44.85007858276367,-19.149921417236328,93.88795471191406,29.887954711914062
1917,63.0,47.507904052734375,-15.492095947265625,43.95288848876953,-19.04711151123047,92.97933959960938,29.979339599609375
1918,62.0,44.053897857666016,-17.946102142333984,42.4985237121582,-19.501476287841797,91.6876449584961,29.687644958496094
1919,61.0,47.64726257324219,-13.352737426757812,41.42900466918945,-19.570995330810547,91.33299255371094,30.332992553710938
1920,60.0,48.97673416137695,-11.023265838623047,43.58786392211914,-16.41213607788086,91.66468811035156,31.664688110351562
1921,59.0,45.99762725830078,-13.002372741699219,42.95223617553711,-16.04776382446289,89.31916046142578,30.31916046142578
1922,58.0,45.048667907714844,-12.951332092285156,43.388389587402344,-14.611610412597656,88.91299438476562,30.912994384765625
1923,57.0,46.282535552978516,-10.717464447021484,42.80563735961914,-14.19436264038086,89.062744140625,32.062744140625
1924,56.0,36.5312385559082,-19.468761444091797,31.331104278564453,-24.668895721435547,82.39684295654297,26.39684295654297
1925,55.0,37.14460754394531,-17.855392456054688,31.16082763671875,-23.83917236328125,79.65599060058594,24.655990600585938
1926,54.0,41.31525421142578,-12.684745788574219,38.723777770996094,-15.276222229003906,82.78466796875,28.78466796875
1927,53.0,41.11603546142578,-11.883964538574219,44.695457458496094,-8.304542541503906,84.71250915527344,31.712509155273438
1928,52.0,42.82339096069336,-9.17660903930664,45.38545608520508,-6.614543914794922,84.30642700195312,32.306427001953125
1929,51.0,42.078006744384766,-8.921993255615234,45.66928482055664,-5.330715179443359,82.79335021972656,31.793350219726562
1930,50.0,37.0172119140625,-12.9827880859375,37.210506439208984,-12.789493560791016,79.50839233398438,29.508392333984375
1931,49.0,35.036373138427734,-13.963626861572266,29.98326301574707,-19.01673698425293,73.68191528320312,24.681915283203125
1932,48.0,33.87665557861328,-14.123344421386719,28.378890991210938,-19.621109008789062,68.89469909667969,20.894699096679688
1933,47.0,33.678955078125,-13.321044921875,30.223106384277344,-16.776893615722656,67.18505859375,20.18505859375
1934,46.0,32.039642333984375,-13.960357666015625,30.292320251464844,-15.707679748535156,65.52093505859375,19.52093505859375
1935,45.0,28.280029296875,-16.719970703125,26.508514404296875,-18.491485595703125,59.04207229614258,14.042072296142578
1936,44.0,28.453989028930664,-15.546010971069336,26.555587768554688,-17.444412231445312,54.88973617553711,10.88973617553711
1937,43.0,26.20576286315918,-16.79423713684082,24.61355209350586,-18.38644790649414,51.07927322387695,8.079273223876953
1938,42.0,27.456228256225586,-14.543771743774414,26.91038703918457,-15.08961296081543,48.87561798095703,6.875617980957031
1939,41.0,27.612749099731445,-13.387250900268555,30.309471130371094,-10.690528869628906,50.00200271606445,9.002002716064453
1940,40.0,23.374011993408203,-16.625988006591797,23.211835861206055,-16.788164138793945,44.63496780395508,4.634967803955078
1941,39.0,24.29587745666504,-14.704122543334961,22.819116592407227,-16.180883407592773,42.352779388427734,3.3527793884277344
1942,38.0,30.20830726623535,-7.791692733764648,34.27358627319336,-3.7264137268066406,50.298091888427734,12.298091888427734
1943,37.0,32.543914794921875,-4.456085205078125,39.91388702392578,2.9138870239257812,56.33382797241211,19.33382797241211
1944,36.0,26.879133224487305,-9.120866775512695,32.497337341308594,-3.5026626586914062,53.32663345336914,17.32663345336914
1945,35.0,24.33823585510254,-10.661764144897461,25.761388778686523,-9.238611221313477,45.516056060791016,10.516056060791016
1946,34.0,24.036699295043945,-9.963300704956055,23.675556182861328,-10.324443817138672,42.37496566772461,8.37496566772461
1947,33.0,23.413515090942383,-9.586484909057617,22.304777145385742,-10.695222854614258,42.01163101196289,9.01163101196289
1948,32.0,22.874067306518555,-9.125932693481445,20.269744873046875,-11.730255126953125,39.9837760925293,7.983776092529297
1949,31.0,18.20653533935547,-12.793464660644531,16.53493881225586,-14.46506118774414,34.53936767578125,3.53936767578125
1950,30.0,15.700861930847168,-14.299138069152832,13.015830993652344,-16.984169006347656,28.45077133178711,-1.5492286682128906
1951,29.0,19.5612735748291,-9.438726425170898,17.048561096191406,-11.951438903808594,31.23518180847168,2.2351818084716797
1952,28.0,19.355566024780273,-8.644433975219727,18.850095748901367,-9.149904251098633,34.677921295166016,6.677921295166016
1953,27.0,16.766658782958984,-10.233341217041016,15.048673629760742,-11.951326370239258,30.80265235900879,3.802652359008789
1954,26.0,15.704272270202637,-10.295727729797363,13.60139274597168,-12.39860725402832,27.768991470336914,1.768991470336914
1955,25.0,14.296202659606934,-10.703797340393066,13.000812530517578,-11.999187469482422,25.9512996673584,0.9512996673583984
1956,24.0,14.601325988769531,-9.398674011230469,13.097660064697266,-10.902339935302734,26.039155960083008,2.039155960083008
1957,23.0,10.30832290649414,-12.69167709350586,8.687962532043457,-14.312037467956543,22.16944122314453,-0.8305587768554688
1958,22.0,9.057328224182129,-12.942671775817871,7.963377475738525,-14.036623001098633,20.082841873168945,-1.9171581268310547
1959,21.0,12.923489570617676,-8.076510429382324,11.246280670166016,-9.753719329833984,24.111560821533203,3.111560821533203
1960,20.0,10.612451553344727,-9.387548446655273,8.933113098144531,-11.066886901855469,24.37165069580078,4.371650695800781
1961,19.0,8.633241653442383,-10.366758346557617,5.7504401206970215,-13.24955940246582,21.07536506652832,2.0753650665283203
1962,18.0,11.840485572814941,-6.159514427185059,5.841216087341309,-12.158783912658691,21.597618103027344,3.5976181030273438
1963,17.0,9.897871971130371,-7.102128028869629,5.311188697814941,-11.688811302185059,24.975543975830078,7.975543975830078
1964,16.0,10.819636344909668,-5.180363655090332,6.1112775802612305,-9.88872241973877,31.791656494140625,15.791656494140625
1965,15.0,10.182097434997559,-4.817902565002441,5.658897876739502,-9.341102600097656,37.427345275878906,22.427345275878906
1966,14.0,9.752554893493652,-4.247445106506348,5.446011543273926,-8.553988456726074,38.544273376464844,24.544273376464844
1967,13.0,6.226624965667725,-6.773375034332275,3.06697154045105,-9.933028221130371,34.93429183959961,21.93429183959961
1968,12.0,2.5963544845581055,-9.403645515441895,1.6687681674957275,-10.331232070922852,32.59194564819336,20.59194564819336
1969,11.0,5.20579195022583,-5.79420804977417,3.817426919937134,-7.182573318481445,37.9146842956543,26.914684295654297
1970,10.0,6.995614528656006,-3.004385471343994,4.064288139343262,-5.935711860656738,41.74150085449219,31.741500854492188
1971,9.0,3.31027889251709,-5.68972110748291,1.9581679105758667,-7.041831970214844,40.16947555541992,31.169475555419922
1972,8.0,0.0,-8.0,0.0,-8.0,35.8234748840332,27.823474884033203
1973,7.0,0.0,-7.0,0.23906859755516052,-6.760931491851807,35.96107482910156,28.961074829101562
1974,6.0,0.0,-6.0,1.3284704685211182,-4.671529769897461,39.27504348754883,33.27504348754883
1975,5.0,0.0,-5.0,0.3919762074947357,-4.608023643493652,36.69443130493164,31.69443130493164
1976,4.0,0.0,-4.0,0.0,-4.0,34.80959701538086,30.80959701538086
1977,3.0,0.0,-3.0,0.0,-3.0,34.622074127197266,31.622074127197266
1978,2.0,0.0,-2.0,0.0,-2.0,33.552207946777344,31.552207946777344
1979,1.0,0.0,-1.0,0.0,-1.0,33.37443161010742,32.37443161010742
1980,110.0,40.07206726074219,-69.92793273925781,31.70159149169922,-78.29840850830078,67.28868103027344,-42.71131896972656
1981,109.0,40.5554313659668,-68.44456481933594,33.08180618286133,-75.91819763183594,64.90914916992188,-44.090850830078125
1982,108.0,43.650909423828125,-64.34909057617188,38.419437408447266,-69.58056640625,66.72540283203125,-41.27459716796875
1983,107.0,48.99127197265625,-58.00872802734375,49.02961349487305,-57.97038650512695,74.94485473632812,-32.055145263671875
1984,106.0,49.142242431640625,-56.857757568359375,54.20115280151367,-51.79884719848633,79.18070983886719,-26.819290161132812
1985,105.0,49.97538757324219,-55.02461242675781,57.79111862182617,-47.20888137817383,80.81144714355469,-24.188552856445312
1986,104.0,52.136478424072266,-51.863521575927734,60.373878479003906,-43.626121520996094,82.29489135742188,-21.705108642578125
1987,103.0,53.86858367919922,-49.13141632080078,64.04841613769531,-38.95158386230469,84.22042846679688,-18.779571533203125
1988,102.0,49.20403289794922,-52.79596710205078,63.18613815307617,-38.81386184692383,82.30134582519531,-19.698654174804688
1989,101.0,49.57368850708008,-51.42631149291992,59.87126159667969,-41.12873840332031,80.16722106933594,-20.832778930664062
1990,100.0,44.853363037109375,-55.146636962890625,53.18000793457031,-46.81999206542969,76.65869140625,-23.34130859375
1991,99.0,39.65032196044922,-59.34967803955078,43.29794692993164,-55.70205307006836,67.83804321289062,-31.161956787109375
1992,98.0,44.8140754699707,-53.1859245300293,47.22866439819336,-50.77133560180664,69.83633422851562,-28.163665771484375
1993,97.0,51.263057708740234,-45.736942291259766,58.1420783996582,-38.8579216003418,77.67300415039062,-19.326995849609375
1994,96.0,48.37739562988281,-47.62260437011719,58.45241165161133,-37.54758834838867,79.26852416992188,-16.731475830078125
1995,95.0,45.72225570678711,-49.27774429321289,53.40503692626953,-41.59496307373047,77.34563446044922,-17.65436553955078
1996,94.0,50.03656768798828,-43.96343231201172,55.1306266784668,-38.8693733215332,77.54469299316406,-16.455307006835938
1997,93.0,49.81475067138672,-43.18524932861328,58.98768615722656,-34.01231384277344,79.56629180908203,-13.433708190917969
1998,92.0,43.8884391784668,-48.1115608215332,52.309326171875,-39.690673828125,75.85836029052734,-16.141639709472656
1999,91.0,37.76768493652344,-53.23231506347656,39.74848175048828,-51.25151824951172,68.0804672241211,-22.919532775878906
2000,90.0,38.10138702392578,-51.89861297607422,36.435611724853516,-53.564388275146484,63.3267822265625,-26.6732177734375
2001,89.0,42.815181732177734,-46.184818267822266,44.179622650146484,-44.820377349853516,65.80502319335938,-23.194976806640625
2002,88.0,43.82744216918945,-44.17255783081055,45.87403106689453,-42.12596893310547,68.21568298339844,-19.784317016601562
2003,87.0,39.40613555908203,-47.59386444091797,43.1588249206543,-43.8411750793457,67.59835052490234,-19.401649475097656
2004,86.0,32.59585952758789,-53.40414047241211,32.22024154663086,-53.77975845336914,59.949790954589844,-26.050209045410156
2005,85.0,27.70387840270996,-57.296119689941406,24.40243911743164,-60.59756088256836,50.66609573364258,-34.33390426635742
2006,84.0,39.540435791015625,-44.459564208984375,34.82060623168945,-49.17939376831055,55.08916091918945,-28.910839080810547
2007,83.0,51.87333679199219,-31.126663208007812,53.41836166381836,-29.58163833618164,68.53457641601562,-14.465423583984375
2008,82.0,44.34465026855469,-37.65534973144531,54.697425842285156,-27.302574157714844,70.57889556884766,-11.421104431152344
2009,81.0,41.42485809326172,-39.57514190673828,50.39480972290039,-30.60519027709961,67.86544036865234,-13.134559631347656
2010,80.0,42.39295196533203,-37.60704803466797,48.839839935302734,-31.160160064697266,67.74308776855469,-12.256912231445312
2011,79.0,36.16462707519531,-42.83537292480469,41.815677642822266,-37.184322357177734,61.561561584472656,-17.438438415527344
2012,78.0,39.38319396972656,-38.61680603027344,45.127586364746094,-32.872413635253906,62.21672439575195,-15.783275604248047
2013,77.0,43.36931610107422,-33.63068389892578,50.25537109375,-26.74462890625,67.4975814819336,-9.502418518066406
2014,76.0,40.3618049621582,-35.6381950378418,47.14047622680664,-28.85952377319336,67.0296859741211,-8.970314025878906
2015,75.0,44.78309631347656,-30.216903686523438,48.338134765625,-26.661865234375,69.75273132324219,-5.2472686767578125
2016,74.0,38.40442657470703,-35.59557342529297,43.76877975463867,-30.231220245361328,66.92988586425781,-7.0701141357421875
2017,73.0,33.37249755859375,-39.62750244140625,35.74592971801758,-37.25407028198242,59.93795394897461,-13.06204605102539
2018,72.0,30.77558135986328,-41.22441864013672,31.331438064575195,-40.66856384277344,58.71603012084961,-13.28396987915039
2019,71.0,29.89443588256836,-41.10556411743164,28.598899841308594,-42.401100158691406,51.114925384521484,-19.885074615478516
2020,70.0,35.279563903808594,-34.720436096191406,33.149131774902344,-36.850868225097656,51.68046188354492,-18.319538116455078
2021,69.0,38.2114372253418,-30.788562774658203,38.33829116821289,-30.66170883178711,56.80043411254883,-12.199565887451172
2022,68.0,38.56193161010742,-29.438068389892578,39.94172668457031,-28.058273315429688,58.46620559692383,-9.533794403076172
2023,67.0,37.60865020751953,-29.39134979248047,42.8346061706543,-24.165393829345703,59.26655197143555,-7.733448028564453
2024,66.0,32.73221206665039,-33.26778793334961,39.79775619506836,-26.20224380493164,54.56672286987305,-11.433277130126953
2025,65.0,26.72612190246582,-38.27388000488281,31.292924880981445,-33.70707702636719,46.15769577026367,-18.842304229736328
2026,64.0,28.91950798034668,-35.08049011230469,29.007808685302734,-34.992191314697266,43.089508056640625,-20.910491943359375
2027,63.0,28.743501663208008,-34.256500244140625,29.1488037109375,-33.8511962890625,43.061527252197266,-19.938472747802734
2028,62.0,20.28972053527832,-41.71028137207031,21.912446975708008,-40.087554931640625,37.05323791503906,-24.946762084960938
2029,61.0,18.81672477722168,-42.18327331542969,19.430944442749023,-41.569053649902344,33.630008697509766,-27.369991302490234
2030,60.0,21.166547775268555,-38.83345031738281,22.806865692138672,-37.19313430786133,35.53213119506836,-24.46786880493164
2031,59.0,19.048654556274414,-39.95134735107422,20.9088191986084,-38.09117889404297,34.338294982910156,-24.661705017089844
2032,58.0,17.178726196289062,-40.82127380371094,19.26413345336914,-38.73586654663086,32.92191696166992,-25.078083038330078
2033,57.0,21.022449493408203,-35.9775505065918,23.000261306762695,-33.99974060058594,35.06310272216797,-21.93689727783203
2034,56.0,25.5885066986084,-30.4114933013916,27.24698257446289,-28.75301742553711,38.34489440917969,-17.655105590820312
2035,55.0,26.3250789642334,-28.6749210357666,28.898035049438477,-26.101964950561523,39.21907424926758,-15.780925750732422
2036,54.0,21.768997192382812,-32.23100280761719,25.29934310913086,-28.70065689086914,36.522377014160156,-17.477622985839844
2037,53.0,18.4965877532959,-34.50341033935547,21.87269401550293,-31.12730598449707,32.55904769897461,-20.44095230102539
2038,52.0,20.070798873901367,-31.929201126098633,21.584869384765625,-30.415130615234375,31.698698043823242,-20.301301956176758
2039,51.0,22.082870483398438,-28.917129516601562,23.00185775756836,-27.99814224243164,32.1950569152832,-18.804943084716797
2040,50.0,23.96399688720703,-26.03600311279297,24.904659271240234,-25.095340728759766,34.3951301574707,-15.604869842529297
2041,49.0,29.18372917175293,-19.81627082824707,29.9085636138916,-19.0914363861084,39.86197280883789,-9.13802719116211
2042,48.0,27.700969696044922,-20.299030303955078,29.622394561767578,-18.377605438232422,41.08562088012695,-6.914379119873047
2043,47.0,25.058786392211914,-21.941213607788086,26.380783081054688,-20.619216918945312,38.962913513183594,-8.037086486816406
2044,46.0,22.374834060668945,-23.625165939331055,22.403453826904297,-23.596546173095703,36.55392837524414,-9.44607162475586
2045,45.0,17.466960906982422,-27.533039093017578,18.533763885498047,-26.466236114501953,31.154516220092773,-13.845483779907227
2046,44.0,17.566965103149414,-26.433034896850586,17.699607849121094,-26.300392150878906,28.98496437072754,-15.015035629272461
2047,43.0,23.688596725463867,-19.311403274536133,22.451677322387695,-20.548322677612305,33.00356674194336,-9.99643325805664
2048,42.0,20.119007110595703,-21.880992889404297,20.827438354492188,-21.172561645507812,33.11925506591797,-8.880744934082031
2049,41.0,14.041441917419434,-26.95855712890625,14.652453422546387,-26.347545623779297,28.39095115661621,-12.609048843383789
2050,40.0,9.554807662963867,-30.445192337036133,10.990696907043457,-29.00930404663086,25.733564376831055,-14.266435623168945
2051,39.0,11.280742645263672,-27.719257354736328,13.353873252868652,-25.64612579345703,28.726953506469727,-10.273046493530273
2052,38.0,16.5511474609375,-21.4488525390625,18.09860610961914,-19.90139389038086,35.01371383666992,-2.986286163330078
2053,37.0,11.340836524963379,-25.659164428710938,14.842432022094727,-22.157567977905273,34.95135498046875,-2.04864501953125
2054,36.0,11.378081321716309,-24.621917724609375,12.763137817382812,-23.236862182617188,33.50387954711914,-2.4961204528808594
2055,35.0,12.345072746276855,-22.654926300048828,13.8126220703125,-21.1873779296875,35.447689056396484,0.4476890563964844
2056,34.0,24.013151168823242,-9.986848831176758,21.026384353637695,-12.973615646362305,42.045372009277344,8.045372009277344
2057,33.0,22.26308822631836,-10.73691177368164,18.095706939697266,-14.904293060302734,39.68345642089844,6.6834564208984375
2058,32.0,16.5753173828125,-15.4246826171875,15.130555152893066,-16.86944580078125,34.528564453125,2.528564453125
2059,31.0,13.42860221862793,-17.57139778137207,14.048630714416504,-16.951370239257812,33.053924560546875,2.053924560546875
2060,30.0,7.215079307556152,-22.78491973876953,9.241973876953125,-20.758026123046875,28.024520874023438,-1.9754791259765625
2061,29.0,4.703258991241455,-24.296741485595703,8.017537117004395,-20.982463836669922,28.163362503051758,-0.8366374969482422
2062,28.0,11.47908878326416,-16.520912170410156,12.259729385375977,-15.740270614624023,37.04360580444336,9.04360580444336
2063,27.0,20.13861656188965,-6.861383438110352,15.534050941467285,-11.465949058532715,47.46785354614258,20.467853546142578
2064,26.0,11.629446983337402,-14.370553016662598,8.51235294342041,-17.487648010253906,40.954586029052734,14.954586029052734
2065,25.0,7.049050807952881,-17.95094871520996,6.657827377319336,-18.342172622680664,36.499027252197266,11.499027252197266
2066,24.0,2.954493522644043,-21.04550552368164,4.669040203094482,-19.33095932006836,36.39411926269531,12.394119262695312
2067,23.0,0.21496063470840454,-22.7850399017334,2.8923919200897217,-20.107608795166016,37.076820373535156,14.076820373535156
2068,22.0,3.6945462226867676,-18.30545425415039,4.633556842803955,-17.366443634033203,43.99130630493164,21.99130630493164
2069,21.0,12.192673683166504,-8.807326316833496,9.104986190795898,-11.895013809204102,56.29668426513672,35.29668426513672
2070,20.0,15.986166000366211,-4.013833999633789,10.11878490447998,-9.88121509552002,62.01543426513672,42.01543426513672
2071,19.0,13.763531684875488,-5.236468315124512,8.787069320678711,-10.212930679321289,60.64907455444336,41.64907455444336
2072,18.0,6.007307529449463,-11.992692947387695,5.075375080108643,-12.924625396728516,53.36331558227539,35.36331558227539
2073,17.0,0.0,-17.0,0.8670969009399414,-16.132904052734375,42.71066665649414,25.71066665649414
2074,16.0,0.0,-16.0,1.4446104764938354,-14.555389404296875,42.0843505859375,26.0843505859375
2075,15.0,3.5467238426208496,-11.453275680541992,3.6680283546447754,-11.331972122192383,47.55026626586914,32.55026626586914
2076,14.0,1.7515689134597778,-12.248431205749512,2.1935789585113525,-11.806421279907227,48.06256103515625,34.06256103515625
2077,13.0,1.7329142093658447,-11.267086029052734,2.500087022781372,-10.499913215637207,49.895694732666016,36.895694732666016
2078,12.0,4.401710033416748,-7.598289966583252,3.7856836318969727,-8.214316368103027,54.880401611328125,42.880401611328125
2079,11.0,4.166023254394531,-6.833976745605469,3.4244720935821533,-7.575528144836426,56.01519775390625,45.01519775390625
2080,10.0,2.017155170440674,-7.982844829559326,2.1892223358154297,-7.81077766418457,53.3653678894043,43.3653678894043
2081,9.0,0.0,-9.0,0.20705488324165344,-8.79294490814209,46.97195816040039,37.97195816040039
2082,8.0,0.0,-8.0,0.0,-8.0,43.277225494384766,35.277225494384766
2083,7.0,0.0,-7.0,0.0,-7.0,41.8856086730957,34.8856086730957
2084,6.0,0.0,-6.0,0.0,-6.0,42.04633331298828,36.04633331298828
2085,5.0,0.0,-5.0,0.0,-5.0,43.803592681884766,38.803592681884766
2086,4.0,0.0,-4.0,0.06103980541229248,-3.938960075378418,45.49517059326172,41.49517059326172
2087,3.0,0.0,-3.0,0.0,-3.0,44.0694694519043,41.0694694519043
2088,2.0,0.0,-2.0,0.0,-2.0,42.943267822265625,40.943267822265625
2089,1.0,0.0,-1.0,0.0,-1.0,43.209293365478516,42.209293365478516
2090,110.0,70.57167053222656,-39.42832946777344,58.896793365478516,-51.103206634521484,103.00895690917969,-6.9910430908203125
2091,109.0,69.15216827392578,-39.84783172607422,57.46481704711914,-51.53518295288086,102.8870620727539,-6.112937927246094
2092,108.0,69.78773498535156,-38.21226501464844,60.78451919555664,-47.21548080444336,103.09833526611328,-4.901664733886719
2093,107.0,74.9757080078125,-32.0242919921875,69.41712951660156,-37.58287048339844,104.66824340820312,-2.331756591796875
2094,106.0,71.66970825195312,-34.330291748046875,68.0714340209961,-37.928565979003906,103.50822448730469,-2.4917755126953125
2095,105.0,68.88899993896484,-36.111000061035156,62.63994216918945,-42.36005783081055,102.05823516845703,-2.9417648315429688
2096,104.0,66.81370544433594,-37.18629455566406,59.377864837646484,-44.622135162353516,102.50773620605469,-1.4922637939453125
2097,103.0,66.52162170410156,-36.47837829589844,59.676761627197266,-43.323238372802734,102.732177734375,-0.267822265625
2098,102.0,73.16938781738281,-28.830612182617188,72.41477966308594,-29.585220336914062,104.54710388183594,2.5471038818359375
2099,101.0,73.62144470214844,-27.378555297851562,72.65716552734375,-28.34283447265625,104.18824768066406,3.1882476806640625
2100,100.0,67.96273803710938,-32.037261962890625,65.16732025146484,-34.832679748535156,101.7822265625,1.7822265625
2101,99.0,68.15717315673828,-30.84282684326172,66.32188415527344,-32.67811584472656,102.09599304199219,3.0959930419921875
2102,98.0,66.41554260253906,-31.584457397460938,64.18375396728516,-33.816246032714844,102.49466705322266,4.494667053222656
2103,97.0,66.11780548095703,-30.88219451904297,64.14138793945312,-32.858612060546875,102.43937683105469,5.4393768310546875
2104,96.0,69.75565338134766,-26.244346618652344,68.78516387939453,-27.21483612060547,103.26506042480469,7.2650604248046875
2105,95.0,73.1939468383789,-21.806053161621094,73.66046905517578,-21.33953094482422,103.96790313720703,8.967903137207031
2106,94.0,68.98697662353516,-25.013023376464844,67.2289047241211,-26.771095275878906,102.52594757080078,8.525947570800781
2107,93.0,63.446502685546875,-29.553497314453125,57.481624603271484,-35.518375396728516,100.16889953613281,7.1688995361328125
2108,92.0,65.70684814453125,-26.29315185546875,60.78129959106445,-31.218700408935547,101.68067932128906,9.680679321289062
2109,91.0,68.35833740234375,-22.64166259765625,66.07697296142578,-24.92302703857422,103.167236328125,12.167236328125
2110,90.0,67.85163879394531,-22.148361206054688,66.16175842285156,-23.838241577148438,102.9087905883789,12.908790588378906
2111,89.0,68.2240219116211,-20.775978088378906,69.61048126220703,-19.38951873779297,102.72453308105469,13.724533081054688
2112,88.0,65.57310485839844,-22.426895141601562,66.93169403076172,-21.06830596923828,101.59574890136719,13.595748901367188
2113,87.0,63.16331100463867,-23.836688995361328,62.02245330810547,-24.97754669189453,99.92326354980469,12.923263549804688
2114,86.0,62.3074951171875,-23.6925048828125,59.11188507080078,-26.88811492919922,99.43455505371094,13.434555053710938
2115,85.0,56.40146255493164,-28.59853744506836,49.51576614379883,-35.48423385620117,98.30070495605469,13.300704956054688
2116,84.0,54.92670440673828,-29.07329559326172,48.889705657958984,-35.110294342041016,98.91450500488281,14.914505004882812
2117,83.0,58.39944839477539,-24.60055160522461,57.58717727661133,-25.412822723388672,101.43145751953125,18.43145751953125
2118,82.0,56.24331283569336,-25.75668716430664,54.07918167114258,-27.920818328857422,100.7454833984375,18.7454833984375
2119,81.0,51.52583312988281,-29.474166870117188,47.300594329833984,-33.699405670166016,98.35858917236328,17.35858917236328
2120,80.0,53.360557556152344,-26.639442443847656,49.0916748046875,-30.9083251953125,98.27458953857422,18.27458953857422
2121,79.0,51.225555419921875,-27.774444580078125,47.96989440917969,-31.030105590820312,98.12686157226562,19.126861572265625
2122,78.0,51.77642059326172,-26.22357940673828,47.1011848449707,-30.898815155029297,98.32552337646484,20.325523376464844
2123,77.0,50.785308837890625,-26.214691162109375,47.16992950439453,-29.83007049560547,98.84748840332031,21.847488403320312
2124,76.0,41.99835205078125,-34.00164794921875,38.1452751159668,-37.8547248840332,94.85709381103516,18.857093811035156
2125,75.0,41.62446594238281,-33.37553405761719,36.685997009277344,-38.314002990722656,93.17910766601562,18.179107666015625
2126,74.0,43.296443939208984,-30.703556060791016,39.06508255004883,-34.93491744995117,93.96549987792969,19.965499877929688
2127,73.0,40.05961608886719,-32.94038391113281,34.984317779541016,-38.015682220458984,91.96894836425781,18.968948364257812
2128,72.0,46.205970764160156,-25.794029235839844,40.90403747558594,-31.095962524414062,93.59671020507812,21.596710205078125
2129,71.0,48.88562774658203,-22.11437225341797,44.56673812866211,-26.43326187133789,95.51097869873047,24.51097869873047
2130,70.0,40.93653106689453,-29.06346893310547,37.647647857666016,-32.352352142333984,91.97792053222656,21.977920532226562
2131,69.0,44.65837860107422,-24.34162139892578,40.8853874206543,-28.114612579345703,92.07891845703125,23.07891845703125
2132,68.0,49.48347854614258,-18.516521453857422,46.73702621459961,-21.26297378540039,94.6276626586914,26.627662658691406
2133,67.0,47.90364074707031,-19.096359252929688,43.9551887512207,-23.044811248779297,92.87065124511719,25.870651245117188
2134,66.0,45.15654754638672,-20.84345245361328,39.72882080078125,-26.27117919921875,90.78064727783203,24.78064727783203
2135,65.0,41.80408477783203,-23.19591522216797,37.23894119262695,-27.761058807373047,88.55036163330078,23.55036163330078
2136,64.0,47.12089538574219,-16.879104614257812,43.01861572265625,-20.98138427734375,90.33169555664062,26.331695556640625
2137,63.0,49.305904388427734,-13.694095611572266,46.40022659301758,-16.599773406982422,91.63729095458984,28.637290954589844
2138,62.0,49.56053924560547,-12.439460754394531,44.08293151855469,-17.917068481445312,89.43011474609375,27.43011474609375
2139,61.0,46.2434196472168,-14.756580352783203,41.6018180847168,-19.398181915283203,87.99496459960938,26.994964599609375
2140,60.0,49.353145599365234,-10.646854400634766,50.20680618286133,-9.793193817138672,89.56632995605469,29.566329956054688
2141,59.0,46.97785949707031,-12.022140502929688,49.103763580322266,-9.896236419677734,89.02119445800781,30.021194458007812
2142,58.0,38.31300735473633,-19.686992645263672,39.032264709472656,-18.967735290527344,82.10969543457031,24.109695434570312
2143,57.0,32.13084411621094,-24.869155883789062,26.199769973754883,-30.800230026245117,73.10292053222656,16.102920532226562
2144,56.0,36.20888900756836,-19.79111099243164,28.466571807861328,-27.533428192138672,71.90342712402344,15.903427124023438
2145,55.0,41.352294921875,-13.647705078125,40.283084869384766,-14.716915130615234,79.03196716308594,24.031967163085938
2146,54.0,33.91350173950195,-20.086498260498047,36.30376434326172,-17.69623565673828,76.91344451904297,22.91344451904297
2147,53.0,30.447317123413086,-22.552682876586914,30.18264389038086,-22.81735610961914,69.77525329589844,16.775253295898438
2148,52.0,30.810317993164062,-21.189682006835938,26.485668182373047,-25.514331817626953,65.22140502929688,13.221405029296875
2149,51.0,32.285762786865234,-18.714237213134766,29.343822479248047,-21.656177520751953,64.70968627929688,13.709686279296875
2150,50.0,30.161741256713867,-19.838258743286133,28.435792922973633,-21.564207077026367,62.99123764038086,12.99123764038086
2151,49.0,28.537553787231445,-20.462446212768555,27.937685012817383,-21.062314987182617,60.421165466308594,11.421165466308594
2152,48.0,29.563098907470703,-18.436901092529297,29.25967788696289,-18.74032211303711,58.79353332519531,10.793533325195312
2153,47.0,28.069738388061523,-18.930261611938477,28.20330047607422,-18.79669952392578,55.47287368774414,8.47287368774414
2154,46.0,27.82993507385254,-18.17006492614746,28.347091674804688,-17.652908325195312,54.25002670288086,8.25002670288086
2155,45.0,33.869895935058594,-11.130104064941406,36.522979736328125,-8.477020263671875,57.9400749206543,12.940074920654297
2156,44.0,26.33292579650879,-17.66707420349121,30.107074737548828,-13.892925262451172,55.34505844116211,11.34505844116211
2157,43.0,29.35154914855957,-13.64845085144043,30.70264434814453,-12.297355651855469,53.74806213378906,10.748062133789062
2158,42.0,29.194242477416992,-12.805757522583008,31.557920455932617,-10.442079544067383,54.408905029296875,12.408905029296875
2159,41.0,24.869787216186523,-16.130212783813477,25.392288208007812,-15.607711791992188,49.64567947387695,8.645679473876953
2160,40.0,26.568693161010742,-13.431306838989258,24.379348754882812,-15.620651245117188,47.70692825317383,7.706928253173828
2161,39.0,23.284709930419922,-15.715290069580078,21.657344818115234,-17.342655181884766,42.796871185302734,3.7968711853027344
2162,38.0,24.984973907470703,-13.015026092529297,23.566890716552734,-14.433109283447266,42.40809631347656,4.4080963134765625
2163,37.0,23.663436889648438,-13.336563110351562,22.985076904296875,-14.014923095703125,42.765140533447266,5.765140533447266
2164,36.0,20.210956573486328,-15.789043426513672,18.799114227294922,-17.200885772705078,36.63312911987305,0.6331291198730469
2165,35.0,21.02100944519043,-13.97899055480957,21.003665924072266,-13.996334075927734,37.075050354003906,2.0750503540039062
2166,34.0,20.472976684570312,-13.527023315429688,19.312471389770508,-14.687528610229492,36.16666030883789,2.1666603088378906
2167,33.0,19.075414657592773,-13.924585342407227,18.034677505493164,-14.965322494506836,33.722591400146484,0.7225914001464844
2168,32.0,20.75749397277832,-11.24250602722168,20.234569549560547,-11.765430450439453,33.90346908569336,1.9034690856933594
2169,31.0,18.50069236755371,-12.499307632446289,19.352746963500977,-11.647253036499023,33.51243591308594,2.5124359130859375
2170,30.0,18.534761428833008,-11.465238571166992,18.05312728881836,-11.94687271118164,33.15829849243164,3.1582984924316406
2171,29.0,18.059659957885742,-10.940340042114258,16.257007598876953,-12.742992401123047,31.589366912841797,2.589366912841797
2172,28.0,17.5007266998291,-10.499273300170898,15.351791381835938,-12.648208618164062,30.370155334472656,2.3701553344726562
2173,27.0,15.481644630432129,-11.518355369567871,13.514986991882324,-13.485013008117676,27.866304397583008,0.8663043975830078
2174,26.0,11.217493057250977,-14.782506942749023,9.498809814453125,-16.501190185546875,23.0307559967041,-2.9692440032958984
2175,25.0,10.215420722961426,-14.784579277038574,7.604165554046631,-17.39583396911621,20.512895584106445,-4.487104415893555
2176,24.0,10.682239532470703,-13.317760467529297,8.099112510681152,-15.900887489318848,21.00983428955078,-2.9901657104492188
2177,23.0,10.226208686828613,-12.773791313171387,6.893678188323975,-16.106321334838867,20.041532516479492,-2.958467483520508
2178,22.0,8.867274284362793,-13.132725715637207,5.70375394821167,-16.296245574951172,18.62660789489746,-3.373392105102539
2179,21.0,10.099764823913574,-10.900235176086426,7.855856895446777,-13.144143104553223,21.995595932006836,0.9955959320068359
2180,20.0,8.373810768127441,-11.626189231872559,5.7331719398498535,-14.266828536987305,24.51233673095703,4.512336730957031
2181,19.0,6.202454566955566,-12.797545433044434,5.217689037322998,-13.782310485839844,30.041677474975586,11.041677474975586
2182,18.0,8.018726348876953,-9.981273651123047,4.858962059020996,-13.141037940979004,37.34487533569336,19.34487533569336
2183,17.0,9.100141525268555,-7.899858474731445,5.595099925994873,-11.404899597167969,41.797428131103516,24.797428131103516
2184,16.0,7.186465740203857,-8.813533782958984,4.309719562530518,-11.69028091430664,41.02286148071289,25.02286148071289
2185,15.0,0.9386042356491089,-14.061395645141602,1.702459454536438,-13.297540664672852,36.02928924560547,21.02928924560547
2186,14.0,0.0,-14.0,1.7516708374023438,-12.248329162597656,37.077125549316406,23.077125549316406
2187,13.0,0.0,-13.0,2.0768539905548096,-10.92314624786377,39.25435256958008,26.254352569580078
2188,12.0,1.5312269926071167,-10.468772888183594,2.9173057079315186,-9.082694053649902,42.48073959350586,30.48073959350586
2189,11.0,2.9146790504455566,-8.085321426391602,3.136162281036377,-7.863837718963623,45.12517166137695,34.12517166137695
2190,10.0,0.0,-10.0,0.0,-10.0,38.20841598510742,28.208415985107422
2191,9.0,0.0,-9.0,0.6795496940612793,-8.320449829101562,37.9800910949707,28.980091094970703
2192,8.0,1.609487771987915,-6.390512466430664,3.37730073928833,-4.62269926071167,45.01968002319336,37.01968002319336
2193,7.0,0.7099323272705078,-6.290067672729492,2.1845099925994873,-4.815489768981934,45.128170013427734,38.128170013427734
2194,6.0,0.0,-6.0,0.49246254563331604,-5.507537364959717,39.79446792602539,33.79446792602539
2195,5.0,0.0,-5.0,0.0,-5.0,33.716060638427734,28.716060638427734
2196,4.0,0.0,-4.0,0.0,-4.0,32.078086853027344,28.078086853027344
2197,3.0,0.0,-3.0,0.0,-3.0,32.46696853637695,29.466968536376953
2198,2.0,0.0,-2.0,0.0,-2.0,31.554712295532227,29.554712295532227
2199,1.0,0.0,-1.0,0.0,-1.0,31.71532440185547,30.71532440185547
