,model_1,model_2
mae,1.8391826279881711,0.3217970426493208
mse,7.239814628970112,0.6900450574668041
rmse,2.6906903628939007,0.8306895072569559
r2_,0.9800149756692614,0.9980951767456038
