rmse_model1,rmse_model2,mae_model1,mae_model2
15.811388300841896,9.88070152309545,0.5,7.862409916434608
