rmse_model1,rmse_model2,mae_model1,mae_model2
10.81204581505481,10.688826354983322,9.187266864094905,9.195355855179539
