rmse_model1,rmse_model2,mae_model1,mae_model2
10.57473944855534,10.93537231522737,9.015629105069698,9.335409417635704
