,mae_model1,mae_model2,mse_model1,mse_model2,rmse_model1,rmse_model2
0,0.46394188817666504,0.4602040816326531,0.42998686479278775,0.6704081632653062,0.6557338368521086,0.8187845646232629
